DataHora,Ativo,Preco,RSI,Score,Veredito,LSTM_variacao,LSTM_tendencia,Macro_Score,Motivos,Sentimento,MTF
2026-09-23 11:28:16,BTC,85527.0,40.0,-1,🟡 AGUARDAR,0.37,📈 ALTA,1,RSI 40 baixo | SMA9<SMA21 | Abaixo SMA50 | MACD- | Macro +1,,
2026-09-23 11:28:16,ETH,2721.34,35.0,-1,🟡 AGUARDAR,-1.25,📉 QUEDA,1,RSI 35 baixo | SMA9<SMA21 | Abaixo SMA50 | MACD- | Macro +1,,
2026-09-23 11:28:16,SOL,116.7,35.8,-1,🟡 AGUARDAR,-0.32,📉 QUEDA,1,RSI 36 baixo | SMA9<SMA21 | Abaixo SMA50 | MACD- | Macro +1,,
2026-09-23 11:28:16,BNB,781.09,41.2,-1,🟡 AGUARDAR,0.89,📈 ALTA,1,RSI 41 baixo | SMA9<SMA21 | Abaixo SMA50 | MACD- | Macro +1,,
2026-09-23 11:28:16,ADA,0.25,44.4,5,🟢 COMPRAR,2.04,📈 ALTA,1,RSI 44 baixo | SMA9>SMA21 | Acima SMA50 | MACD- | Bônus tendência | Macro +1 | LSTM +2.0%,,
2026-09-23 11:28:16,PETR4,48.35,58.3,2,🟢 COMPRAR (conf.),0.3,📈 ALTA,1,RSI 58 alto (atenuado) | SMA9>SMA21 | Acima SMA50 | MACD- | Bônus tendência | Macro +1,,
2026-09-23 11:28:16,VALE3,72.83,32.2,1,🟡 AGUARDAR,5.84,📈 ALTA,1,RSI 32 sobrevendido | SMA9<SMA21 | Abaixo SMA50 | MACD- | Macro +1 | LSTM +5.8%,,
2026-09-23 11:28:16,ITUB4,43.18,75.7,3,🟢 COMPRAR,-0.31,📉 QUEDA,1,RSI 76 sobrecomprado (atenuado) | SMA9>SMA21 | Acima SMA50 | MACD+ | Bônus tendência | Macro +1,,
2026-09-23 11:28:16,BBAS3,22.67,65.0,4,🟢 COMPRAR,-0.31,📉 QUEDA,1,RSI 65 alto (atenuado) | SMA9>SMA21 | Acima SMA50 | MACD+ | Bônus tendência | Macro +1,,
2026-09-23 11:28:16,WEGE3,51.8,61.3,2,🟢 COMPRAR (conf.),-1.55,📉 QUEDA,1,RSI 61 alto (atenuado) | SMA9>SMA21 | Acima SMA50 | MACD- | Bônus tendência | Macro +1,,
2026-09-23 11:39:21,BTC,85453.03,39.0,-1,🟡 AGUARDAR,0.46,📈 ALTA,1,RSI 39 baixo | SMA9<SMA21 | Abaixo SMA50 | MACD- | Macro +1,,
2026-09-23 11:39:21,ETH,2717.85,33.8,1,🟡 AGUARDAR,-1.13,📉 QUEDA,1,RSI 34 sobrevendido | SMA9<SMA21 | Abaixo SMA50 | MACD- | Banda inf | Macro +1,,
2026-09-23 11:39:21,SOL,116.51,34.9,1,🟡 AGUARDAR,-0.18,📉 QUEDA,1,RSI 35 sobrevendido | SMA9<SMA21 | Abaixo SMA50 | MACD- | Banda inf | Macro +1,,
2026-09-23 11:39:21,BNB,781.65,42.1,-1,🟡 AGUARDAR,0.82,📈 ALTA,1,RSI 42 baixo | SMA9<SMA21 | Abaixo SMA50 | MACD- | Macro +1,,
2026-09-23 11:39:21,ADA,0.25,43.3,5,🟢 COMPRAR,2.3,📈 ALTA,1,RSI 43 baixo | SMA9>SMA21 | Acima SMA50 | MACD- | Bônus tendência | Macro +1 | LSTM +2.3%,,
2026-09-23 11:39:21,PETR4,48.35,58.3,2,🟢 COMPRAR (conf.),0.3,📈 ALTA,1,RSI 58 alto (atenuado) | SMA9>SMA21 | Acima SMA50 | MACD- | Bônus tendência | Macro +1,,
2026-09-23 11:39:21,VALE3,72.83,32.2,1,🟡 AGUARDAR,5.84,📈 ALTA,1,RSI 32 sobrevendido | SMA9<SMA21 | Abaixo SMA50 | MACD- | Macro +1 | LSTM +5.8%,,
2026-09-23 11:39:21,ITUB4,43.18,75.7,1,🟡 AGUARDAR,-0.37,📉 QUEDA,1,RSI 76 sobrecomprado | SMA9>SMA21 | Acima SMA50 | MACD+ | Macro +1,,
2026-09-23 11:39:21,BBAS3,22.67,65.0,4,🟢 COMPRAR,-0.31,📉 QUEDA,1,RSI 65 alto (atenuado) | SMA9>SMA21 | Acima SMA50 | MACD+ | Bônus tendência | Macro +1,,
2026-09-23 11:39:21,WEGE3,51.8,61.3,2,🟢 COMPRAR (conf.),-1.55,📉 QUEDA,1,RSI 61 alto (atenuado) | SMA9>SMA21 | Acima SMA50 | MACD- | Bônus tendência | Macro +1,,
2026-09-23 12:09:56,BTC,85549.31,38.9,-1,🟡 AGUARDAR,0.25,📈 ALTA,1,RSI 39 baixo | SMA9<SMA21 | Abaixo SMA50 | MACD- | Macro +1,,
2026-09-23 12:09:56,ETH,2726.03,36.3,-1,🟡 AGUARDAR,-1.55,📉 QUEDA,1,RSI 36 baixo | SMA9<SMA21 | Abaixo SMA50 | MACD- | Macro +1,,
2026-09-23 12:09:56,SOL,117.01,37.1,-1,🟡 AGUARDAR,-0.8,📉 QUEDA,1,RSI 37 baixo | SMA9<SMA21 | Abaixo SMA50 | MACD- | Macro +1,,
2026-09-23 12:09:56,BNB,780.67,39.1,-1,🟡 AGUARDAR,0.85,📈 ALTA,1,RSI 39 baixo | SMA9<SMA21 | Abaixo SMA50 | MACD- | Macro +1,,
2026-09-23 12:09:56,ADA,0.25,43.3,2,🟢 COMPRAR (conf.),1.42,📈 ALTA,1,RSI 43 baixo | SMA9<SMA21 | Acima SMA50 | MACD- | Bônus tendência | Macro +1,,
2026-09-23 12:09:56,PETR4,48.35,58.3,2,🟢 COMPRAR (conf.),0.3,📈 ALTA,1,RSI 58 alto (atenuado) | SMA9>SMA21 | Acima SMA50 | MACD- | Bônus tendência | Macro +1,,
2026-09-23 12:09:56,VALE3,72.83,32.2,1,🟡 AGUARDAR,5.84,📈 ALTA,1,RSI 32 sobrevendido | SMA9<SMA21 | Abaixo SMA50 | MACD- | Macro +1 | LSTM +5.8%,,
2026-09-23 12:09:56,ITUB4,43.18,75.7,1,🟡 AGUARDAR,-0.37,📉 QUEDA,1,RSI 76 sobrecomprado | SMA9>SMA21 | Acima SMA50 | MACD+ | Macro +1,,
2026-09-23 12:09:56,BBAS3,22.67,65.0,4,🟢 COMPRAR,-0.31,📉 QUEDA,1,RSI 65 alto (atenuado) | SMA9>SMA21 | Acima SMA50 | MACD+ | Bônus tendência | Macro +1,,
2026-09-23 12:09:56,WEGE3,51.8,61.3,2,🟢 COMPRAR (conf.),-1.55,📉 QUEDA,1,RSI 61 alto (atenuado) | SMA9>SMA21 | Acima SMA50 | MACD- | Bônus tendência | Macro +1,,
2026-09-23 12:43:03,BTC,85457.38,37.5,-1,🟡 AGUARDAR,0.35,📈 ALTA,1,RSI 38 baixo | SMA9<SMA21 | Abaixo SMA50 | MACD- | Macro +1,,
2026-09-23 12:43:03,ETH,2722.84,35.1,-1,🟡 AGUARDAR,-1.44,📉 QUEDA,1,RSI 35 baixo | SMA9<SMA21 | Abaixo SMA50 | MACD- | Macro +1,,
2026-09-23 12:43:03,SOL,116.96,36.6,-1,🟡 AGUARDAR,-0.76,📉 QUEDA,1,RSI 37 baixo | SMA9<SMA21 | Abaixo SMA50 | MACD- | Macro +1,,
2026-09-23 12:43:03,BNB,779.61,37.9,-1,🟡 AGUARDAR,0.98,📈 ALTA,1,RSI 38 baixo | SMA9<SMA21 | Abaixo SMA50 | MACD- | Macro +1,,
2026-09-23 12:43:03,ADA,0.25,42.1,2,🟢 COMPRAR (conf.),1.66,📈 ALTA,1,RSI 42 baixo | SMA9<SMA21 | Acima SMA50 | MACD- | Bônus tendência | Macro +1,,
2026-09-23 12:43:03,PETR4,48.35,58.3,2,🟢 COMPRAR (conf.),0.3,📈 ALTA,1,RSI 58 alto (atenuado) | SMA9>SMA21 | Acima SMA50 | MACD- | Bônus tendência | Macro +1,,
2026-09-23 12:43:03,VALE3,72.83,32.2,1,🟡 AGUARDAR,5.84,📈 ALTA,1,RSI 32 sobrevendido | SMA9<SMA21 | Abaixo SMA50 | MACD- | Macro +1 | LSTM +5.8%,,
2026-09-23 12:43:03,ITUB4,43.18,75.7,1,🟡 AGUARDAR,-0.37,📉 QUEDA,1,RSI 76 sobrecomprado | SMA9>SMA21 | Acima SMA50 | MACD+ | Macro +1,,
2026-09-23 12:43:03,BBAS3,22.67,65.0,4,🟢 COMPRAR,-0.31,📉 QUEDA,1,RSI 65 alto (atenuado) | SMA9>SMA21 | Acima SMA50 | MACD+ | Bônus tendência | Macro +1,,
2026-09-23 12:43:03,WEGE3,51.8,61.3,2,🟢 COMPRAR (conf.),-1.55,📉 QUEDA,1,RSI 61 alto (atenuado) | SMA9>SMA21 | Acima SMA50 | MACD- | Bônus tendência | Macro +1,,
2026-09-23 13:12:15,BTC,85390.49,31.1,0,🟡 AGUARDAR,0.31,📈 ALTA,1,RSI 31 sobrevendido | SMA9<SMA21 | Abaixo SMA50 | MACD- | Macro +1,,
2026-09-23 13:12:15,ETH,2711.04,27.6,0,🟡 AGUARDAR,-1.21,📉 QUEDA,1,RSI 28 sobrevendido | SMA9<SMA21 | Abaixo SMA50 | MACD- | Macro +1,,
2026-09-23 13:12:15,SOL,116.19,29.8,0,🟡 AGUARDAR,-0.4,📉 QUEDA,1,RSI 30 sobrevendido | SMA9<SMA21 | Abaixo SMA50 | MACD- | Macro +1,,
2026-09-23 13:12:15,BNB,777.58,32.1,-2,🟡 AGUARDAR,1.11,📈 ALTA,1,RSI 32 sobrevendido (atenuado) | SMA9<SMA21 | Abaixo SMA50 | MACD- | Penalidade tendência | Macro +1,,
2026-09-23 13:12:15,ADA,0.25,38.6,0,🟡 AGUARDAR,2.14,📈 ALTA,1,RSI 39 baixo | SMA9<SMA21 | Abaixo SMA50 | MACD- | Macro +1 | LSTM +2.1%,,
2026-09-23 13:12:15,PETR4,48.35,58.3,2,🟢 COMPRAR (conf.),0.3,📈 ALTA,1,RSI 58 alto (atenuado) | SMA9>SMA21 | Acima SMA50 | MACD- | Bônus tendência | Macro +1,,
2026-09-23 13:12:15,VALE3,72.83,32.2,1,🟡 AGUARDAR,5.84,📈 ALTA,1,RSI 32 sobrevendido | SMA9<SMA21 | Abaixo SMA50 | MACD- | Macro +1 | LSTM +5.8%,,
2026-09-23 13:12:15,ITUB4,43.18,75.7,1,🟡 AGUARDAR,-0.37,📉 QUEDA,1,RSI 76 sobrecomprado | SMA9>SMA21 | Acima SMA50 | MACD+ | Macro +1,,
2026-09-23 13:12:15,BBAS3,22.67,65.0,4,🟢 COMPRAR,-0.31,📉 QUEDA,1,RSI 65 alto (atenuado) | SMA9>SMA21 | Acima SMA50 | MACD+ | Bônus tendência | Macro +1,,
2026-09-23 13:12:15,WEGE3,51.8,61.3,2,🟢 COMPRAR (conf.),-1.55,📉 QUEDA,1,RSI 61 alto (atenuado) | SMA9>SMA21 | Acima SMA50 | MACD- | Bônus tendência | Macro +1,,
2026-09-23 13:29:30,BTC,85511.1,33.0,0,🟡 AGUARDAR,0.18,📈 ALTA,1,RSI 33 sobrevendido | SMA9<SMA21 | Abaixo SMA50 | MACD- | Macro +1,,
2026-09-23 13:29:30,ETH,2714.87,28.5,0,🟡 AGUARDAR,-1.34,📉 QUEDA,1,RSI 28 sobrevendido | SMA9<SMA21 | Abaixo SMA50 | MACD- | Macro +1,,
2026-09-23 13:29:30,SOL,116.67,32.2,0,🟡 AGUARDAR,-0.78,📉 QUEDA,1,RSI 32 sobrevendido | SMA9<SMA21 | Abaixo SMA50 | MACD- | Macro +1,,
2026-09-23 13:29:30,BNB,780.19,35.2,-3,🔴 VENDER,0.78,📈 ALTA,1,RSI 35 baixo (atenuado) | SMA9<SMA21 | Abaixo SMA50 | MACD- | Penalidade tendência | Macro +1,,
2026-09-23 13:29:30,ADA,0.25,39.6,-1,🟡 AGUARDAR,1.85,📈 ALTA,1,RSI 40 baixo | SMA9<SMA21 | Abaixo SMA50 | MACD- | Macro +1,,
2026-09-23 13:29:30,PETR4,49.35,56.7,1,🟡 AGUARDAR,-2.54,📉 QUEDA,1,RSI 57 alto (atenuado) | SMA9>SMA21 | Acima SMA50 | MACD- | Bônus tendência | Macro +1 | LSTM -2.5%,,
2026-09-23 13:29:30,VALE3,72.22,18.1,2,🟡 AGUARDAR,6.27,📈 ALTA,1,RSI 18 sobrevendido | SMA9<SMA21 | Abaixo SMA50 | MACD- | Macro +1 | LSTM +6.3%,,
2026-09-23 13:29:30,ITUB4,42.9,64.4,3,🟢 COMPRAR,0.13,📈 ALTA,1,RSI 64 alto | SMA9>SMA21 | Acima SMA50 | MACD+ | Macro +1,,
2026-09-23 13:29:30,BBAS3,22.53,53.4,5,🟢 COMPRAR,0.56,📈 ALTA,1,RSI 53 neutro | SMA9>SMA21 | Acima SMA50 | MACD+ | Bônus tendência | Macro +1,,
2026-09-23 13:29:30,WEGE3,51.32,52.8,3,🟢 COMPRAR,-0.59,📉 QUEDA,1,RSI 53 neutro | SMA9>SMA21 | Acima SMA50 | MACD- | Bônus tendência | Macro +1,,
2026-09-23 13:45:52,BTC,85729.35,38.5,-1,🟡 AGUARDAR,-0.06,📉 QUEDA,1,RSI 38 baixo | SMA9<SMA21 | Abaixo SMA50 | MACD- | Macro +1,,
2026-09-23 13:45:52,ETH,2716.6,28.9,0,🟡 AGUARDAR,-1.39,📉 QUEDA,1,RSI 29 sobrevendido | SMA9<SMA21 | Abaixo SMA50 | MACD- | Macro +1,,
2026-09-23 13:45:52,SOL,116.85,34.1,0,🟡 AGUARDAR,-0.9,📉 QUEDA,1,RSI 34 sobrevendido | SMA9<SMA21 | Abaixo SMA50 | MACD- | Macro +1,,
2026-09-23 13:45:52,BNB,781.56,38.2,-3,🔴 VENDER,0.62,📈 ALTA,1,RSI 38 baixo (atenuado) | SMA9<SMA21 | Abaixo SMA50 | MACD- | Penalidade tendência | Macro +1,,
2026-09-23 13:45:52,ADA,0.25,39.5,-1,🟡 AGUARDAR,1.89,📈 ALTA,1,RSI 40 baixo | SMA9<SMA21 | Abaixo SMA50 | MACD- | Macro +1,,
2026-09-23 13:45:52,PETR4,49.38,56.8,1,🟡 AGUARDAR,-2.6,📉 QUEDA,1,RSI 57 alto (atenuado) | SMA9>SMA21 | Acima SMA50 | MACD- | Bônus tendência | Macro +1 | LSTM -2.6%,,
2026-09-23 13:45:52,VALE3,72.27,18.2,2,🟡 AGUARDAR,6.2,📈 ALTA,1,RSI 18 sobrevendido | SMA9<SMA21 | Abaixo SMA50 | MACD- | Macro +1 | LSTM +6.2%,,
2026-09-23 13:45:52,ITUB4,43.51,70.1,2,🟡 AGUARDAR,-1.28,📉 QUEDA,1,RSI 70 sobrecomprado | SMA9>SMA21 | Acima SMA50 | MACD+ | Macro +1,,
2026-09-23 13:45:52,BBAS3,22.93,58.2,4,🟢 COMPRAR,-1.2,📉 QUEDA,1,RSI 58 alto (atenuado) | SMA9>SMA21 | Acima SMA50 | MACD+ | Bônus tendência | Macro +1,,
2026-09-23 13:45:52,WEGE3,51.8,55.9,2,🟢 COMPRAR (conf.),-1.51,📉 QUEDA,1,RSI 56 alto (atenuado) | SMA9>SMA21 | Acima SMA50 | MACD- | Bônus tendência | Macro +1,,
2026-09-23 13:56:30,BTC,85654.22,36.3,-1,🟡 AGUARDAR,0.02,📈 ALTA,1,RSI 36 baixo | SMA9<SMA21 | Abaixo SMA50 | MACD- | Macro +1,,
2026-09-23 13:56:30,ETH,2711.6,27.6,0,🟡 AGUARDAR,-1.23,📉 QUEDA,1,RSI 28 sobrevendido | SMA9<SMA21 | Abaixo SMA50 | MACD- | Macro +1,,
2026-09-23 13:56:30,SOL,116.6,31.8,0,🟡 AGUARDAR,-0.72,📉 QUEDA,1,RSI 32 sobrevendido | SMA9<SMA21 | Abaixo SMA50 | MACD- | Macro +1,,
2026-09-23 13:56:30,BNB,780.58,36.0,-3,🔴 VENDER,0.73,📈 ALTA,1,RSI 36 baixo (atenuado) | SMA9<SMA21 | Abaixo SMA50 | MACD- | Penalidade tendência | Macro +1,,
2026-09-23 13:56:30,ADA,0.25,38.9,0,🟡 AGUARDAR,2.02,📈 ALTA,1,RSI 39 baixo | SMA9<SMA21 | Abaixo SMA50 | MACD- | Macro +1 | LSTM +2.0%,,
2026-09-23 13:56:30,PETR4,49.54,57.6,1,🟡 AGUARDAR,-2.91,📉 QUEDA,1,RSI 58 alto (atenuado) | SMA9>SMA21 | Acima SMA50 | MACD- | Bônus tendência | Macro +1 | LSTM -2.9%,,
2026-09-23 13:56:30,VALE3,72.11,18.0,2,🟡 AGUARDAR,6.43,📈 ALTA,1,RSI 18 sobrevendido | SMA9<SMA21 | Abaixo SMA50 | MACD- | Macro +1 | LSTM +6.4%,,
2026-09-23 13:56:30,ITUB4,43.53,70.2,2,🟡 AGUARDAR,-1.32,📉 QUEDA,1,RSI 70 sobrecomprado | SMA9>SMA21 | Acima SMA50 | MACD+ | Macro +1,,
2026-09-23 13:56:30,BBAS3,22.91,58.0,4,🟢 COMPRAR,-1.11,📉 QUEDA,1,RSI 58 alto (atenuado) | SMA9>SMA21 | Acima SMA50 | MACD+ | Bônus tendência | Macro +1,,
2026-09-23 13:56:30,WEGE3,51.61,54.6,3,🟢 COMPRAR,-1.15,📉 QUEDA,1,RSI 55 neutro | SMA9>SMA21 | Acima SMA50 | MACD- | Bônus tendência | Macro +1,,
2026-09-23 14:11:58,BTC,84943.59,30.9,1,🟡 AGUARDAR,0.73,📈 ALTA,1,RSI 31 sobrevendido | SMA9<SMA21 | Abaixo SMA50 | MACD- | Banda inf | Macro +1,,
2026-09-23 14:11:58,ETH,2676.41,21.5,-1,🟡 AGUARDAR,-0.2,📉 QUEDA,1,RSI 22 sobrevendido (atenuado) | SMA9<SMA21 | Abaixo SMA50 | MACD- | Banda inf | Penalidade tendência | Macro +1,,
2026-09-23 14:11:58,SOL,114.58,25.4,1,🟡 AGUARDAR,0.69,📈 ALTA,1,RSI 25 sobrevendido | SMA9<SMA21 | Abaixo SMA50 | MACD- | Banda inf | Macro +1,,
2026-09-23 14:11:58,BNB,771.05,29.8,-1,🟡 AGUARDAR,1.81,📈 ALTA,1,RSI 30 sobrevendido (atenuado) | SMA9<SMA21 | Abaixo SMA50 | MACD- | Banda inf | Penalidade tendência | Macro +1,,
2026-09-23 14:11:58,ADA,0.24,34.0,2,🟡 AGUARDAR,3.63,📈 ALTA,1,RSI 34 sobrevendido | SMA9<SMA21 | Abaixo SMA50 | MACD- | Banda inf | Macro +1 | LSTM +3.6%,,
2026-09-23 14:11:58,PETR4,49.95,59.5,1,🟡 AGUARDAR,-3.71,📉 QUEDA,1,RSI 60 alto (atenuado) | SMA9>SMA21 | Acima SMA50 | MACD- | Bônus tendência | Macro +1 | LSTM -3.7%,,
2026-09-23 14:11:58,VALE3,71.89,17.7,2,🟡 AGUARDAR,6.76,📈 ALTA,1,RSI 18 sobrevendido | SMA9<SMA21 | Abaixo SMA50 | MACD- | Macro +1 | LSTM +6.8%,,
2026-09-23 14:11:58,ITUB4,43.45,69.8,2,🟡 AGUARDAR,-1.09,📉 QUEDA,1,RSI 70 sobrecomprado | SMA9>SMA21 | Acima SMA50 | MACD+ | Macro +1,,
2026-09-23 14:11:58,BBAS3,22.73,56.0,4,🟢 COMPRAR,-0.33,📉 QUEDA,1,RSI 56 alto (atenuado) | SMA9>SMA21 | Acima SMA50 | MACD+ | Bônus tendência | Macro +1,,
2026-09-23 14:11:58,WEGE3,51.57,54.3,3,🟢 COMPRAR,-1.07,📉 QUEDA,1,RSI 54 neutro | SMA9>SMA21 | Acima SMA50 | MACD- | Bônus tendência | Macro +1,,
2026-09-23 14:29:44,BTC,84018.83,24.8,2,🟡 AGUARDAR,1.79,📈 ALTA,1,RSI 25 sobrevendido | SMA9<SMA21 | Abaixo SMA50 | MACD- | Banda inf | Macro +1,,
2026-09-23 14:29:44,ETH,2650.02,18.0,-1,🟡 AGUARDAR,0.7,📈 ALTA,1,RSI 18 sobrevendido (atenuado) | SMA9<SMA21 | Abaixo SMA50 | MACD- | Banda inf | Penalidade tendência | Macro +1,,
2026-09-23 14:29:44,SOL,113.26,21.7,2,🟡 AGUARDAR,1.75,📈 ALTA,1,RSI 22 sobrevendido | SMA9<SMA21 | Abaixo SMA50 | MACD- | Banda inf | Macro +1,,
2026-09-23 14:29:44,BNB,759.68,23.6,0,🟡 AGUARDAR,3.26,📈 ALTA,1,RSI 24 sobrevendido (atenuado) | SMA9<SMA21 | Abaixo SMA50 | MACD- | Banda inf | Penalidade tendência | Macro +1 | LSTM +3.3%,,
2026-09-23 14:29:44,ADA,0.24,28.5,2,🟡 AGUARDAR,6.05,📈 ALTA,1,RSI 29 sobrevendido | SMA9<SMA21 | Abaixo SMA50 | MACD- | Banda inf | Macro +1 | LSTM +6.0%,,
2026-09-23 14:29:44,PETR4,49.82,58.9,1,🟡 AGUARDAR,-3.46,📉 QUEDA,1,RSI 59 alto (atenuado) | SMA9>SMA21 | Acima SMA50 | MACD- | Bônus tendência | Macro +1 | LSTM -3.5%,,
2026-09-23 14:29:44,VALE3,72.1,18.0,2,🟡 AGUARDAR,6.45,📈 ALTA,1,RSI 18 sobrevendido | SMA9<SMA21 | Abaixo SMA50 | MACD- | Macro +1 | LSTM +6.5%,,
2026-09-23 14:29:44,ITUB4,43.37,69.3,2,🟡 AGUARDAR,-0.91,📉 QUEDA,1,RSI 69 sobrecomprado | SMA9>SMA21 | Acima SMA50 | MACD+ | Macro +1,,
2026-09-23 14:29:44,BBAS3,22.6,54.4,5,🟢 COMPRAR,0.25,📈 ALTA,1,RSI 54 neutro | SMA9>SMA21 | Acima SMA50 | MACD+ | Bônus tendência | Macro +1,,
2026-09-23 14:29:44,WEGE3,51.82,56.0,2,🟢 COMPRAR (conf.),-1.55,📉 QUEDA,1,RSI 56 alto (atenuado) | SMA9>SMA21 | Acima SMA50 | MACD- | Bônus tendência | Macro +1,,
2026-09-23 14:46:33,BTC,84262.97,26.2,1,🟡 AGUARDAR,1.51,📈 ALTA,1,RSI 26 sobrevendido | SMA9<SMA21 | Abaixo SMA50 | MACD- | Banda inf | Macro +1,,
2026-09-23 14:46:33,ETH,2666.08,20.1,-1,🟡 AGUARDAR,0.14,📈 ALTA,1,RSI 20 sobrevendido (atenuado) | SMA9<SMA21 | Abaixo SMA50 | MACD- | Banda inf | Penalidade tendência | Macro +1,,
2026-09-23 14:46:33,SOL,114.44,24.9,2,🟡 AGUARDAR,0.78,📈 ALTA,1,RSI 25 sobrevendido | SMA9<SMA21 | Abaixo SMA50 | MACD- | Banda inf | Macro +1,,
2026-09-23 14:46:33,BNB,765.79,26.6,0,🟡 AGUARDAR,2.47,📈 ALTA,1,RSI 27 sobrevendido (atenuado) | SMA9<SMA21 | Abaixo SMA50 | MACD- | Banda inf | Penalidade tendência | Macro +1 | LSTM +2.5%,,
2026-09-23 14:46:33,ADA,0.24,30.1,2,🟡 AGUARDAR,5.23,📈 ALTA,1,RSI 30 sobrevendido | SMA9<SMA21 | Abaixo SMA50 | MACD- | Banda inf | Macro +1 | LSTM +5.2%,,
2026-09-23 14:46:33,PETR4,49.76,58.7,1,🟡 AGUARDAR,-3.34,📉 QUEDA,1,RSI 59 alto (atenuado) | SMA9>SMA21 | Acima SMA50 | MACD- | Bônus tendência | Macro +1 | LSTM -3.3%,,
2026-09-23 14:46:33,VALE3,72.08,17.9,2,🟡 AGUARDAR,6.48,📈 ALTA,1,RSI 18 sobrevendido | SMA9<SMA21 | Abaixo SMA50 | MACD- | Macro +1 | LSTM +6.5%,,
2026-09-23 14:46:33,ITUB4,43.27,68.7,2,🟡 AGUARDAR,-0.73,📉 QUEDA,1,RSI 69 sobrecomprado | SMA9>SMA21 | Acima SMA50 | MACD+ | Macro +1,,
2026-09-23 14:46:33,BBAS3,22.47,52.6,5,🟢 COMPRAR,0.83,📈 ALTA,1,RSI 53 neutro | SMA9>SMA21 | Acima SMA50 | MACD+ | Bônus tendência | Macro +1,,
2026-09-23 14:46:33,WEGE3,51.67,55.0,3,🟢 COMPRAR,-1.26,📉 QUEDA,1,RSI 55 neutro | SMA9>SMA21 | Acima SMA50 | MACD- | Bônus tendência | Macro +1,,
2026-09-23 15:09:58,BTC,84595.84,26.6,-2,🟡 AGUARDAR,0.93,📈 ALTA,1,RSI 27 sobrevendido (atenuado) | SMA9<SMA21 | Abaixo SMA50 | MACD- | Penalidade tendência | Macro +1,,
2026-09-23 15:09:58,ETH,2678.2,19.0,-2,🟡 AGUARDAR,-0.6,📉 QUEDA,1,RSI 19 sobrevendido (atenuado) | SMA9<SMA21 | Abaixo SMA50 | MACD- | Penalidade tendência | Macro +1,,
2026-09-23 15:09:58,SOL,115.26,28.0,0,🟡 AGUARDAR,-0.27,📉 QUEDA,1,RSI 28 sobrevendido | SMA9<SMA21 | Abaixo SMA50 | MACD- | Macro +1,,
2026-09-23 15:09:58,BNB,767.6,22.2,-1,🟡 AGUARDAR,1.98,📈 ALTA,1,RSI 22 sobrevendido (atenuado) | SMA9<SMA21 | Abaixo SMA50 | MACD- | Banda inf | Penalidade tendência | Macro +1,,
2026-09-23 15:09:58,ADA,0.24,26.4,1,🟡 AGUARDAR,3.54,📈 ALTA,1,RSI 26 sobrevendido | SMA9<SMA21 | Abaixo SMA50 | MACD- | Macro +1 | LSTM +3.5%,,
2026-09-23 15:09:58,PETR4,49.4,56.9,1,🟡 AGUARDAR,-2.64,📉 QUEDA,1,RSI 57 alto (atenuado) | SMA9>SMA21 | Acima SMA50 | MACD- | Bônus tendência | Macro +1 | LSTM -2.6%,,
2026-09-23 15:09:58,VALE3,71.94,17.8,2,🟡 AGUARDAR,6.68,📈 ALTA,1,RSI 18 sobrevendido | SMA9<SMA21 | Abaixo SMA50 | MACD- | Macro +1 | LSTM +6.7%,,
2026-09-23 15:09:58,ITUB4,43.05,66.3,2,🟡 AGUARDAR,-0.17,📉 QUEDA,1,RSI 66 sobrecomprado | SMA9>SMA21 | Acima SMA50 | MACD+ | Macro +1,,
2026-09-23 15:09:58,BBAS3,22.5,53.0,5,🟢 COMPRAR,0.69,📈 ALTA,1,RSI 53 neutro | SMA9>SMA21 | Acima SMA50 | MACD+ | Bônus tendência | Macro +1,,
2026-09-23 15:09:58,WEGE3,51.42,53.4,3,🟢 COMPRAR,-0.78,📉 QUEDA,1,RSI 53 neutro | SMA9>SMA21 | Acima SMA50 | MACD- | Bônus tendência | Macro +1,,
2026-09-23 15:27:58,BTC,84635.0,27.0,-2,🟡 AGUARDAR,0.89,📈 ALTA,1,RSI 27 sobrevendido (atenuado) | SMA9<SMA21 | Abaixo SMA50 | MACD- | Penalidade tendência | Macro +1,,
2026-09-23 15:27:58,ETH,2679.22,19.3,-2,🟡 AGUARDAR,-0.64,📉 QUEDA,1,RSI 19 sobrevendido (atenuado) | SMA9<SMA21 | Abaixo SMA50 | MACD- | Penalidade tendência | Macro +1,,
2026-09-23 15:27:58,SOL,115.34,28.2,0,🟡 AGUARDAR,-0.34,📉 QUEDA,1,RSI 28 sobrevendido | SMA9<SMA21 | Abaixo SMA50 | MACD- | Macro +1,,
2026-09-23 15:27:58,BNB,768.26,23.5,-2,🟡 AGUARDAR,1.88,📈 ALTA,1,RSI 23 sobrevendido (atenuado) | SMA9<SMA21 | Abaixo SMA50 | MACD- | Penalidade tendência | Macro +1,,
2026-09-23 15:27:58,ADA,0.24,23.9,3,🟢 COMPRAR,3.85,📈 ALTA,1,RSI 24 sobrevendido | SMA9<SMA21 | Abaixo SMA50 | MACD- | Banda inf | Macro +1 | LSTM +3.9%,,
2026-09-23 15:27:58,PETR4,49.44,57.1,1,🟡 AGUARDAR,-2.72,📉 QUEDA,1,RSI 57 alto (atenuado) | SMA9>SMA21 | Acima SMA50 | MACD- | Bônus tendência | Macro +1 | LSTM -2.7%,,
2026-09-23 15:27:58,VALE3,71.93,17.7,2,🟡 AGUARDAR,6.7,📈 ALTA,1,RSI 18 sobrevendido | SMA9<SMA21 | Abaixo SMA50 | MACD- | Macro +1 | LSTM +6.7%,,
2026-09-23 15:27:58,ITUB4,42.95,65.0,2,🟡 AGUARDAR,0.01,📈 ALTA,1,RSI 65 sobrecomprado | SMA9>SMA21 | Acima SMA50 | MACD+ | Macro +1,,
2026-09-23 15:27:58,BBAS3,22.43,52.1,5,🟢 COMPRAR,1.01,📈 ALTA,1,RSI 52 neutro | SMA9>SMA21 | Acima SMA50 | MACD+ | Bônus tendência | Macro +1,,
2026-09-23 15:27:58,WEGE3,51.41,53.3,3,🟢 COMPRAR,-0.76,📉 QUEDA,1,RSI 53 neutro | SMA9>SMA21 | Acima SMA50 | MACD- | Bônus tendência | Macro +1,,
2026-09-23 15:43:26,BTC,84312.77,23.4,-1,🟡 AGUARDAR,1.26,📈 ALTA,1,RSI 23 sobrevendido (atenuado) | SMA9<SMA21 | Abaixo SMA50 | MACD- | Banda inf | Penalidade tendência | Macro +1,,
2026-09-23 15:43:26,ETH,2662.52,15.1,-1,🟡 AGUARDAR,-0.06,📉 QUEDA,1,RSI 15 sobrevendido (atenuado) | SMA9<SMA21 | Abaixo SMA50 | MACD- | Banda inf | Penalidade tendência | Macro +1,,
2026-09-23 15:43:26,SOL,114.44,23.4,-1,🟡 AGUARDAR,0.38,📈 ALTA,1,RSI 23 sobrevendido (atenuado) | SMA9<SMA21 | Abaixo SMA50 | MACD- | Banda inf | Penalidade tendência | Macro +1,,
2026-09-23 15:43:26,BNB,763.86,19.2,0,🟡 AGUARDAR,2.45,📈 ALTA,1,RSI 19 sobrevendido (atenuado) | SMA9<SMA21 | Abaixo SMA50 | MACD- | Banda inf | Penalidade tendência | Macro +1 | LSTM +2.5%,,
2026-09-23 15:43:26,ADA,0.24,22.7,3,🟢 COMPRAR,4.42,📈 ALTA,1,RSI 23 sobrevendido | SMA9<SMA21 | Abaixo SMA50 | MACD- | Banda inf | Macro +1 | LSTM +4.4%,,
2026-09-23 15:43:26,PETR4,49.66,58.2,1,🟡 AGUARDAR,-3.15,📉 QUEDA,1,RSI 58 alto (atenuado) | SMA9>SMA21 | Acima SMA50 | MACD- | Bônus tendência | Macro +1 | LSTM -3.1%,,
2026-09-23 15:43:26,VALE3,72.09,18.0,2,🟡 AGUARDAR,6.46,📈 ALTA,1,RSI 18 sobrevendido | SMA9<SMA21 | Abaixo SMA50 | MACD- | Macro +1 | LSTM +6.5%,,
2026-09-23 15:43:26,ITUB4,43.02,65.9,2,🟡 AGUARDAR,-0.15,📉 QUEDA,1,RSI 66 sobrecomprado | SMA9>SMA21 | Acima SMA50 | MACD+ | Macro +1,,
2026-09-23 15:43:26,BBAS3,22.42,52.0,5,🟢 COMPRAR,1.05,📈 ALTA,1,RSI 52 neutro | SMA9>SMA21 | Acima SMA50 | MACD+ | Bônus tendência | Macro +1,,
2026-09-23 15:43:26,WEGE3,51.39,53.2,3,🟢 COMPRAR,-0.72,📉 QUEDA,1,RSI 53 neutro | SMA9>SMA21 | Acima SMA50 | MACD- | Bônus tendência | Macro +1,,
2026-09-23 15:55:42,BTC,84125.99,23.3,-1,🟡 AGUARDAR,1.47,📈 ALTA,1,RSI 23 sobrevendido (atenuado) | SMA9<SMA21 | Abaixo SMA50 | MACD- | Banda inf | Penalidade tendência | Macro +1,,
2026-09-23 15:55:42,ETH,2659.01,16.0,-1,🟡 AGUARDAR,0.04,📈 ALTA,1,RSI 16 sobrevendido (atenuado) | SMA9<SMA21 | Abaixo SMA50 | MACD- | Banda inf | Penalidade tendência | Macro +1,,
2026-09-23 15:55:42,SOL,113.96,23.3,-1,🟡 AGUARDAR,0.76,📈 ALTA,1,RSI 23 sobrevendido (atenuado) | SMA9<SMA21 | Abaixo SMA50 | MACD- | Banda inf | Penalidade tendência | Macro +1,,
2026-09-23 15:55:42,BNB,761.94,18.8,0,🟡 AGUARDAR,2.69,📈 ALTA,1,RSI 19 sobrevendido (atenuado) | SMA9<SMA21 | Abaixo SMA50 | MACD- | Banda inf | Penalidade tendência | Macro +1 | LSTM +2.7%,,
2026-09-23 15:55:42,ADA,0.24,22.9,3,🟢 COMPRAR,4.71,📈 ALTA,1,RSI 23 sobrevendido | SMA9<SMA21 | Abaixo SMA50 | MACD- | Banda inf | Macro +1 | LSTM +4.7%,,
2026-09-23 15:55:42,PETR4,49.66,58.2,1,🟡 AGUARDAR,-3.15,📉 QUEDA,1,RSI 58 alto (atenuado) | SMA9>SMA21 | Acima SMA50 | MACD- | Bônus tendência | Macro +1 | LSTM -3.1%,,
2026-09-23 15:55:42,VALE3,71.93,17.7,2,🟡 AGUARDAR,6.7,📈 ALTA,1,RSI 18 sobrevendido | SMA9<SMA21 | Abaixo SMA50 | MACD- | Macro +1 | LSTM +6.7%,,
2026-09-23 15:55:42,ITUB4,42.9,64.4,3,🟢 COMPRAR,0.18,📈 ALTA,1,RSI 64 alto | SMA9>SMA21 | Acima SMA50 | MACD+ | Macro +1,,
2026-09-23 15:55:42,BBAS3,22.38,51.5,3,🟢 COMPRAR,1.23,📈 ALTA,1,RSI 51 neutro | SMA9>SMA21 | Acima SMA50 | MACD- | Bônus tendência | Macro +1,,
2026-09-23 15:55:42,WEGE3,51.3,52.6,3,🟢 COMPRAR,-0.55,📉 QUEDA,1,RSI 53 neutro | SMA9>SMA21 | Acima SMA50 | MACD- | Bônus tendência | Macro +1,,
2026-09-23 16:10:54,BTC,84336.2,24.8,-2,🟡 AGUARDAR,0.98,📈 ALTA,1,RSI 25 sobrevendido (atenuado) | SMA9<SMA21 | Abaixo SMA50 | MACD- | Penalidade tendência | Macro +1,,
2026-09-23 16:10:54,ETH,2664.21,12.3,-2,🟡 AGUARDAR,-0.52,📉 QUEDA,1,RSI 12 sobrevendido (atenuado) | SMA9<SMA21 | Abaixo SMA50 | MACD- | Penalidade tendência | Macro +1,,
2026-09-23 16:10:54,SOL,115.26,28.4,-2,🟡 AGUARDAR,-0.8,📉 QUEDA,1,RSI 28 sobrevendido (atenuado) | SMA9<SMA21 | Abaixo SMA50 | MACD- | Penalidade tendência | Macro +1,,
2026-09-23 16:10:54,BNB,765.52,19.6,-2,🟡 AGUARDAR,1.9,📈 ALTA,1,RSI 20 sobrevendido (atenuado) | SMA9<SMA21 | Abaixo SMA50 | MACD- | Penalidade tendência | Macro +1,,
2026-09-23 16:10:54,ADA,0.24,19.1,2,🟡 AGUARDAR,2.98,📈 ALTA,1,RSI 19 sobrevendido | SMA9<SMA21 | Abaixo SMA50 | MACD- | Macro +1 | LSTM +3.0%,,
2026-09-23 16:10:54,PETR4,49.61,58.0,1,🟡 AGUARDAR,-3.05,📉 QUEDA,1,RSI 58 alto (atenuado) | SMA9>SMA21 | Acima SMA50 | MACD- | Bônus tendência | Macro +1 | LSTM -3.0%,,
2026-09-23 16:10:54,VALE3,71.88,17.7,2,🟡 AGUARDAR,6.77,📈 ALTA,1,RSI 18 sobrevendido | SMA9<SMA21 | Abaixo SMA50 | MACD- | Macro +1 | LSTM +6.8%,,
2026-09-23 16:10:54,ITUB4,42.86,63.9,3,🟢 COMPRAR,0.22,📈 ALTA,1,RSI 64 alto | SMA9>SMA21 | Acima SMA50 | MACD+ | Macro +1,,
2026-09-23 16:10:54,BBAS3,22.39,51.6,3,🟢 COMPRAR,1.19,📈 ALTA,1,RSI 52 neutro | SMA9>SMA21 | Acima SMA50 | MACD- | Bônus tendência | Macro +1,,
2026-09-23 16:10:54,WEGE3,51.38,53.1,3,🟢 COMPRAR,-0.7,📉 QUEDA,1,RSI 53 neutro | SMA9>SMA21 | Acima SMA50 | MACD- | Bônus tendência | Macro +1,,
2026-09-23 16:29:24,BTC,84180.0,22.2,-2,🟡 AGUARDAR,1.16,📈 ALTA,1,RSI 22 sobrevendido (atenuado) | SMA9<SMA21 | Abaixo SMA50 | MACD- | Penalidade tendência | Macro +1,,
2026-09-23 16:29:24,ETH,2660.81,10.3,-2,🟡 AGUARDAR,-0.4,📉 QUEDA,1,RSI 10 sobrevendido (atenuado) | SMA9<SMA21 | Abaixo SMA50 | MACD- | Penalidade tendência | Macro +1,,
2026-09-23 16:29:24,SOL,114.61,23.0,-2,🟡 AGUARDAR,-0.27,📉 QUEDA,1,RSI 23 sobrevendido (atenuado) | SMA9<SMA21 | Abaixo SMA50 | MACD- | Penalidade tendência | Macro +1,,
2026-09-23 16:29:24,BNB,764.68,18.5,-1,🟡 AGUARDAR,2.01,📈 ALTA,1,RSI 18 sobrevendido (atenuado) | SMA9<SMA21 | Abaixo SMA50 | MACD- | Penalidade tendência | Macro +1 | LSTM +2.0%,,
2026-09-23 16:29:24,ADA,0.24,15.5,2,🟡 AGUARDAR,3.45,📈 ALTA,1,RSI 16 sobrevendido | SMA9<SMA21 | Abaixo SMA50 | MACD- | Macro +1 | LSTM +3.5%,,
2026-09-23 16:29:24,PETR4,49.71,58.4,1,🟡 AGUARDAR,-3.25,📉 QUEDA,1,RSI 58 alto (atenuado) | SMA9>SMA21 | Acima SMA50 | MACD- | Bônus tendência | Macro +1 | LSTM -3.2%,,
2026-09-23 16:29:24,VALE3,72.04,17.9,2,🟡 AGUARDAR,6.54,📈 ALTA,1,RSI 18 sobrevendido | SMA9<SMA21 | Abaixo SMA50 | MACD- | Macro +1 | LSTM +6.5%,,
2026-09-23 16:29:24,ITUB4,42.83,63.5,3,🟢 COMPRAR,0.29,📈 ALTA,1,RSI 64 alto | SMA9>SMA21 | Acima SMA50 | MACD+ | Macro +1,,
2026-09-23 16:29:24,BBAS3,22.43,52.1,5,🟢 COMPRAR,1.01,📈 ALTA,1,RSI 52 neutro | SMA9>SMA21 | Acima SMA50 | MACD+ | Bônus tendência | Macro +1,,
2026-09-23 16:29:24,WEGE3,51.39,53.2,3,🟢 COMPRAR,-0.72,📉 QUEDA,1,RSI 53 neutro | SMA9>SMA21 | Acima SMA50 | MACD- | Bônus tendência | Macro +1,,
2026-09-23 16:45:02,BTC,84091.09,21.0,-2,🟡 AGUARDAR,1.26,📈 ALTA,1,RSI 21 sobrevendido (atenuado) | SMA9<SMA21 | Abaixo SMA50 | MACD- | Penalidade tendência | Macro +1,,
2026-09-23 16:45:02,ETH,2662.89,12.4,-2,🟡 AGUARDAR,-0.48,📉 QUEDA,1,RSI 12 sobrevendido (atenuado) | SMA9<SMA21 | Abaixo SMA50 | MACD- | Penalidade tendência | Macro +1,,
2026-09-23 16:45:02,SOL,114.53,22.6,-2,🟡 AGUARDAR,-0.2,📉 QUEDA,1,RSI 23 sobrevendido (atenuado) | SMA9<SMA21 | Abaixo SMA50 | MACD- | Penalidade tendência | Macro +1,,
2026-09-23 16:45:02,BNB,765.18,19.1,-2,🟡 AGUARDAR,1.94,📈 ALTA,1,RSI 19 sobrevendido (atenuado) | SMA9<SMA21 | Abaixo SMA50 | MACD- | Penalidade tendência | Macro +1,,
2026-09-23 16:45:02,ADA,0.24,16.7,2,🟡 AGUARDAR,3.35,📈 ALTA,1,RSI 17 sobrevendido | SMA9<SMA21 | Abaixo SMA50 | MACD- | Macro +1 | LSTM +3.4%,,
2026-09-23 16:45:02,PETR4,49.74,58.6,1,🟡 AGUARDAR,-3.31,📉 QUEDA,1,RSI 59 alto (atenuado) | SMA9>SMA21 | Acima SMA50 | MACD- | Bônus tendência | Macro +1 | LSTM -3.3%,,
2026-09-23 16:45:02,VALE3,72.21,18.1,2,🟡 AGUARDAR,6.29,📈 ALTA,1,RSI 18 sobrevendido | SMA9<SMA21 | Abaixo SMA50 | MACD- | Macro +1 | LSTM +6.3%,,
2026-09-23 16:45:02,ITUB4,42.97,65.3,2,🟡 AGUARDAR,0.01,📈 ALTA,1,RSI 65 sobrecomprado | SMA9>SMA21 | Acima SMA50 | MACD+ | Macro +1,,
2026-09-23 16:45:02,BBAS3,22.47,52.6,5,🟢 COMPRAR,0.83,📈 ALTA,1,RSI 53 neutro | SMA9>SMA21 | Acima SMA50 | MACD+ | Bônus tendência | Macro +1,,
2026-09-23 16:45:02,WEGE3,51.58,54.4,3,🟢 COMPRAR,-1.09,📉 QUEDA,1,RSI 54 neutro | SMA9>SMA21 | Acima SMA50 | MACD- | Bônus tendência | Macro +1,,
2026-09-23 16:56:40,BTC,83933.97,19.0,-2,🟡 AGUARDAR,1.44,📈 ALTA,1,RSI 19 sobrevendido (atenuado) | SMA9<SMA21 | Abaixo SMA50 | MACD- | Penalidade tendência | Macro +1,,
2026-09-23 16:56:40,ETH,2658.11,8.4,-2,🟡 AGUARDAR,-0.31,📉 QUEDA,1,RSI 8 sobrevendido (atenuado) | SMA9<SMA21 | Abaixo SMA50 | MACD- | Penalidade tendência | Macro +1,,
2026-09-23 16:56:40,SOL,114.24,19.2,-2,🟡 AGUARDAR,0.03,📈 ALTA,1,RSI 19 sobrevendido (atenuado) | SMA9<SMA21 | Abaixo SMA50 | MACD- | Penalidade tendência | Macro +1,,
2026-09-23 16:56:40,BNB,763.85,16.9,-1,🟡 AGUARDAR,2.11,📈 ALTA,1,RSI 17 sobrevendido (atenuado) | SMA9<SMA21 | Abaixo SMA50 | MACD- | Penalidade tendência | Macro +1 | LSTM +2.1%,,
2026-09-23 16:56:40,ADA,0.24,14.5,2,🟡 AGUARDAR,3.61,📈 ALTA,1,RSI 15 sobrevendido | SMA9<SMA21 | Abaixo SMA50 | MACD- | Macro +1 | LSTM +3.6%,,
2026-09-23 16:56:40,PETR4,49.7,58.4,1,🟡 AGUARDAR,-3.23,📉 QUEDA,1,RSI 58 alto (atenuado) | SMA9>SMA21 | Acima SMA50 | MACD- | Bônus tendência | Macro +1 | LSTM -3.2%,,
2026-09-23 16:56:40,VALE3,72.1,18.0,2,🟡 AGUARDAR,6.45,📈 ALTA,1,RSI 18 sobrevendido | SMA9<SMA21 | Abaixo SMA50 | MACD- | Macro +1 | LSTM +6.5%,,
2026-09-23 16:56:40,ITUB4,42.87,64.0,3,🟢 COMPRAR,0.2,📈 ALTA,1,RSI 64 alto | SMA9>SMA21 | Acima SMA50 | MACD+ | Macro +1,,
2026-09-23 16:56:40,BBAS3,22.44,52.2,5,🟢 COMPRAR,0.96,📈 ALTA,1,RSI 52 neutro | SMA9>SMA21 | Acima SMA50 | MACD+ | Bônus tendência | Macro +1,,
2026-09-23 16:56:40,WEGE3,51.44,53.5,3,🟢 COMPRAR,-0.82,📉 QUEDA,1,RSI 54 neutro | SMA9>SMA21 | Acima SMA50 | MACD- | Bônus tendência | Macro +1,,
2026-09-23 17:11:18,BTC,83822.2,9.3,-2,🟡 AGUARDAR,1.3,📈 ALTA,1,RSI 9 sobrevendido (atenuado) | SMA9<SMA21 | Abaixo SMA50 | MACD- | Penalidade tendência | Macro +1,,
2026-09-23 17:11:18,ETH,2650.06,5.6,-2,🟡 AGUARDAR,-0.4,📉 QUEDA,1,RSI 6 sobrevendido (atenuado) | SMA9<SMA21 | Abaixo SMA50 | MACD- | Penalidade tendência | Macro +1,,
2026-09-23 17:11:18,SOL,113.9,16.2,-2,🟡 AGUARDAR,-0.17,📉 QUEDA,1,RSI 16 sobrevendido (atenuado) | SMA9<SMA21 | Abaixo SMA50 | MACD- | Penalidade tendência | Macro +1,,
2026-09-23 17:11:18,BNB,762.81,19.0,-2,🟡 AGUARDAR,1.94,📈 ALTA,1,RSI 19 sobrevendido (atenuado) | SMA9<SMA21 | Abaixo SMA50 | MACD- | Penalidade tendência | Macro +1,,
2026-09-23 17:11:18,ADA,0.24,15.6,2,🟡 AGUARDAR,2.92,📈 ALTA,1,RSI 16 sobrevendido | SMA9<SMA21 | Abaixo SMA50 | MACD- | Macro +1 | LSTM +2.9%,,
2026-09-23 17:11:18,PETR4,49.32,56.5,1,🟡 AGUARDAR,-2.48,📉 QUEDA,1,RSI 57 alto (atenuado) | SMA9>SMA21 | Acima SMA50 | MACD- | Bônus tendência | Macro +1 | LSTM -2.5%,,
2026-09-23 17:11:18,VALE3,71.91,17.7,2,🟡 AGUARDAR,6.73,📈 ALTA,1,RSI 18 sobrevendido | SMA9<SMA21 | Abaixo SMA50 | MACD- | Macro +1 | LSTM +6.7%,,
2026-09-23 17:11:18,ITUB4,42.73,62.4,3,🟢 COMPRAR,0.52,📈 ALTA,1,RSI 62 alto | SMA9>SMA21 | Acima SMA50 | MACD+ | Macro +1,,
2026-09-23 17:11:18,BBAS3,22.31,50.6,3,🟢 COMPRAR,1.55,📈 ALTA,1,RSI 51 neutro | SMA9>SMA21 | Acima SMA50 | MACD- | Bônus tendência | Macro +1,,
2026-09-23 17:11:18,WEGE3,51.35,53.0,3,🟢 COMPRAR,-0.65,📉 QUEDA,1,RSI 53 neutro | SMA9>SMA21 | Acima SMA50 | MACD- | Bônus tendência | Macro +1,,
2026-09-23 17:27:10,BTC,84096.74,11.3,-2,🟡 AGUARDAR,0.98,📈 ALTA,1,RSI 11 sobrevendido (atenuado) | SMA9<SMA21 | Abaixo SMA50 | MACD- | Penalidade tendência | Macro +1,,
2026-09-23 17:27:10,ETH,2664.31,8.8,-2,🟡 AGUARDAR,-0.9,📉 QUEDA,1,RSI 9 sobrevendido (atenuado) | SMA9<SMA21 | Abaixo SMA50 | MACD- | Penalidade tendência | Macro +1,,
2026-09-23 17:27:10,SOL,114.36,17.1,-2,🟡 AGUARDAR,-0.54,📉 QUEDA,1,RSI 17 sobrevendido (atenuado) | SMA9<SMA21 | Abaixo SMA50 | MACD- | Penalidade tendência | Macro +1,,
2026-09-23 17:27:10,BNB,766.52,22.3,-2,🟡 AGUARDAR,1.47,📈 ALTA,1,RSI 22 sobrevendido (atenuado) | SMA9<SMA21 | Abaixo SMA50 | MACD- | Penalidade tendência | Macro +1,,
2026-09-23 17:27:10,ADA,0.24,17.9,2,🟡 AGUARDAR,2.06,📈 ALTA,1,RSI 18 sobrevendido | SMA9<SMA21 | Abaixo SMA50 | MACD- | Macro +1 | LSTM +2.1%,,
2026-09-23 17:27:10,PETR4,49.54,57.6,1,🟡 AGUARDAR,-2.91,📉 QUEDA,1,RSI 58 alto (atenuado) | SMA9>SMA21 | Acima SMA50 | MACD- | Bônus tendência | Macro +1 | LSTM -2.9%,,
2026-09-23 17:27:10,VALE3,71.92,17.7,2,🟡 AGUARDAR,6.71,📈 ALTA,1,RSI 18 sobrevendido | SMA9<SMA21 | Abaixo SMA50 | MACD- | Macro +1 | LSTM +6.7%,,
2026-09-23 17:27:10,ITUB4,42.74,62.5,3,🟢 COMPRAR,0.5,📈 ALTA,1,RSI 62 alto | SMA9>SMA21 | Acima SMA50 | MACD+ | Macro +1,,
2026-09-23 17:27:10,BBAS3,22.34,51.0,3,🟢 COMPRAR,1.41,📈 ALTA,1,RSI 51 neutro | SMA9>SMA21 | Acima SMA50 | MACD- | Bônus tendência | Macro +1,,
2026-09-23 17:27:10,WEGE3,51.37,53.1,3,🟢 COMPRAR,-0.68,📉 QUEDA,1,RSI 53 neutro | SMA9>SMA21 | Acima SMA50 | MACD- | Bônus tendência | Macro +1,,
2026-09-23 17:40:34,BTC,84045.99,10.4,-2,🟡 AGUARDAR,1.04,📈 ALTA,1,RSI 10 sobrevendido (atenuado) | SMA9<SMA21 | Abaixo SMA50 | MACD- | Penalidade tendência | Macro +1,,
2026-09-23 17:40:34,ETH,2660.16,7.0,-2,🟡 AGUARDAR,-0.76,📉 QUEDA,1,RSI 7 sobrevendido (atenuado) | SMA9<SMA21 | Abaixo SMA50 | MACD- | Penalidade tendência | Macro +1,,
2026-09-23 17:40:34,SOL,114.25,17.2,-2,🟡 AGUARDAR,-0.45,📉 QUEDA,1,RSI 17 sobrevendido (atenuado) | SMA9<SMA21 | Abaixo SMA50 | MACD- | Penalidade tendência | Macro +1,,
2026-09-23 17:40:34,BNB,765.2,19.9,-2,🟡 AGUARDAR,1.63,📈 ALTA,1,RSI 20 sobrevendido (atenuado) | SMA9<SMA21 | Abaixo SMA50 | MACD- | Penalidade tendência | Macro +1,,
2026-09-23 17:40:34,ADA,0.24,15.9,2,🟡 AGUARDAR,2.39,📈 ALTA,1,RSI 16 sobrevendido | SMA9<SMA21 | Abaixo SMA50 | MACD- | Macro +1 | LSTM +2.4%,,
2026-09-23 17:40:34,PETR4,49.62,58.0,1,🟡 AGUARDAR,-3.07,📉 QUEDA,1,RSI 58 alto (atenuado) | SMA9>SMA21 | Acima SMA50 | MACD- | Bônus tendência | Macro +1 | LSTM -3.1%,,
2026-09-23 17:40:34,VALE3,71.97,17.8,2,🟡 AGUARDAR,6.64,📈 ALTA,1,RSI 18 sobrevendido | SMA9<SMA21 | Abaixo SMA50 | MACD- | Macro +1 | LSTM +6.6%,,
2026-09-23 17:40:34,ITUB4,42.71,62.1,3,🟢 COMPRAR,0.57,📈 ALTA,1,RSI 62 alto | SMA9>SMA21 | Acima SMA50 | MACD+ | Macro +1,,
2026-09-23 17:40:34,BBAS3,22.32,50.7,3,🟢 COMPRAR,1.5,📈 ALTA,1,RSI 51 neutro | SMA9>SMA21 | Acima SMA50 | MACD- | Bônus tendência | Macro +1,,
2026-09-23 17:40:34,WEGE3,51.39,53.2,3,🟢 COMPRAR,-0.72,📉 QUEDA,1,RSI 53 neutro | SMA9>SMA21 | Acima SMA50 | MACD- | Bônus tendência | Macro +1,,
2026-09-23 17:51:41,BTC,84332.16,16.3,-2,🟡 AGUARDAR,0.71,📈 ALTA,1,RSI 16 sobrevendido (atenuado) | SMA9<SMA21 | Abaixo SMA50 | MACD- | Penalidade tendência | Macro +1,,
2026-09-23 17:51:41,ETH,2668.9,11.7,-2,🟡 AGUARDAR,-1.06,📉 QUEDA,1,RSI 12 sobrevendido (atenuado) | SMA9<SMA21 | Abaixo SMA50 | MACD- | Penalidade tendência | Macro +1,,
2026-09-23 17:51:41,SOL,114.71,20.3,-2,🟡 AGUARDAR,-0.82,📉 QUEDA,1,RSI 20 sobrevendido (atenuado) | SMA9<SMA21 | Abaixo SMA50 | MACD- | Penalidade tendência | Macro +1,,
2026-09-23 17:51:41,BNB,767.5,23.5,-2,🟡 AGUARDAR,1.34,📈 ALTA,1,RSI 23 sobrevendido (atenuado) | SMA9<SMA21 | Abaixo SMA50 | MACD- | Penalidade tendência | Macro +1,,
2026-09-23 17:51:41,ADA,0.24,20.1,1,🟡 AGUARDAR,1.74,📈 ALTA,1,RSI 20 sobrevendido | SMA9<SMA21 | Abaixo SMA50 | MACD- | Macro +1,,
2026-09-23 17:51:41,PETR4,49.62,58.0,1,🟡 AGUARDAR,-3.07,📉 QUEDA,1,RSI 58 alto (atenuado) | SMA9>SMA21 | Acima SMA50 | MACD- | Bônus tendência | Macro +1 | LSTM -3.1%,,
2026-09-23 17:51:41,VALE3,71.75,17.5,2,🟡 AGUARDAR,6.97,📈 ALTA,1,RSI 18 sobrevendido | SMA9<SMA21 | Abaixo SMA50 | MACD- | Macro +1 | LSTM +7.0%,,
2026-09-23 17:51:41,ITUB4,42.54,60.2,3,🟢 COMPRAR,0.97,📈 ALTA,1,RSI 60 alto | SMA9>SMA21 | Acima SMA50 | MACD+ | Macro +1,,
2026-09-23 17:51:41,BBAS3,22.19,49.2,4,🟢 COMPRAR,2.1,📈 ALTA,1,RSI 49 neutro | SMA9>SMA21 | Acima SMA50 | MACD- | Bônus tendência | Macro +1 | LSTM +2.1%,,
2026-09-23 17:51:41,WEGE3,51.25,52.3,3,🟢 COMPRAR,-0.45,📉 QUEDA,1,RSI 52 neutro | SMA9>SMA21 | Acima SMA50 | MACD- | Bônus tendência | Macro +1,,
2026-09-23 18:12:58,BTC,84191.36,18.4,-2,🟡 AGUARDAR,0.64,📈 ALTA,1,RSI 18 sobrevendido (atenuado) | SMA9<SMA21 | Abaixo SMA50 | MACD- | Penalidade tendência | Macro +1,,
2026-09-23 18:12:58,ETH,2662.87,12.3,-2,🟡 AGUARDAR,-1.14,📉 QUEDA,1,RSI 12 sobrevendido (atenuado) | SMA9<SMA21 | Abaixo SMA50 | MACD- | Penalidade tendência | Macro +1,,
2026-09-23 18:12:58,SOL,114.06,20.2,-2,🟡 AGUARDAR,-0.69,📉 QUEDA,1,RSI 20 sobrevendido (atenuado) | SMA9<SMA21 | Abaixo SMA50 | MACD- | Penalidade tendência | Macro +1,,
2026-09-23 18:12:58,BNB,765.68,23.8,-2,🟡 AGUARDAR,1.3,📈 ALTA,1,RSI 24 sobrevendido (atenuado) | SMA9<SMA21 | Abaixo SMA50 | MACD- | Penalidade tendência | Macro +1,,
2026-09-23 18:12:58,ADA,0.24,19.8,1,🟡 AGUARDAR,1.7,📈 ALTA,1,RSI 20 sobrevendido | SMA9<SMA21 | Abaixo SMA50 | MACD- | Macro +1,,
2026-09-23 18:12:58,PETR4,49.53,57.6,1,🟡 AGUARDAR,-2.89,📉 QUEDA,1,RSI 58 alto (atenuado) | SMA9>SMA21 | Acima SMA50 | MACD- | Bônus tendência | Macro +1 | LSTM -2.9%,,
2026-09-23 18:12:58,VALE3,71.98,17.8,2,🟡 AGUARDAR,6.62,📈 ALTA,1,RSI 18 sobrevendido | SMA9<SMA21 | Abaixo SMA50 | MACD- | Macro +1 | LSTM +6.6%,,
2026-09-23 18:12:58,ITUB4,42.59,60.8,3,🟢 COMPRAR,0.85,📈 ALTA,1,RSI 61 alto | SMA9>SMA21 | Acima SMA50 | MACD+ | Macro +1,,
2026-09-23 18:12:58,BBAS3,22.26,50.0,3,🟢 COMPRAR,1.78,📈 ALTA,1,RSI 50 neutro | SMA9>SMA21 | Acima SMA50 | MACD- | Bônus tendência | Macro +1,,
2026-09-23 18:12:58,WEGE3,51.42,53.4,3,🟢 COMPRAR,-0.78,📉 QUEDA,1,RSI 53 neutro | SMA9>SMA21 | Acima SMA50 | MACD- | Bônus tendência | Macro +1,,
2026-09-23 18:32:15,BTC,84158.09,18.2,-2,🟡 AGUARDAR,0.67,📈 ALTA,1,RSI 18 sobrevendido (atenuado) | SMA9<SMA21 | Abaixo SMA50 | MACD- | Penalidade tendência | Macro +1,,
2026-09-23 18:32:15,ETH,2661.28,12.4,-2,🟡 AGUARDAR,-1.1,📉 QUEDA,1,RSI 12 sobrevendido (atenuado) | SMA9<SMA21 | Abaixo SMA50 | MACD- | Penalidade tendência | Macro +1,,
2026-09-23 18:32:15,SOL,114.09,20.4,-2,🟡 AGUARDAR,-0.72,📉 QUEDA,1,RSI 20 sobrevendido (atenuado) | SMA9<SMA21 | Abaixo SMA50 | MACD- | Penalidade tendência | Macro +1,,
2026-09-23 18:32:15,BNB,765.7,23.8,-2,🟡 AGUARDAR,1.29,📈 ALTA,1,RSI 24 sobrevendido (atenuado) | SMA9<SMA21 | Abaixo SMA50 | MACD- | Penalidade tendência | Macro +1,,
2026-09-23 18:32:15,ADA,0.24,19.4,1,🟡 AGUARDAR,1.95,📈 ALTA,1,RSI 19 sobrevendido | SMA9<SMA21 | Abaixo SMA50 | MACD- | Macro +1,,
2026-09-23 18:32:15,PETR4,49.61,58.0,1,🟡 AGUARDAR,-3.05,📉 QUEDA,1,RSI 58 alto (atenuado) | SMA9>SMA21 | Acima SMA50 | MACD- | Bônus tendência | Macro +1 | LSTM -3.0%,,
2026-09-23 18:32:15,VALE3,71.84,17.6,2,🟡 AGUARDAR,6.83,📈 ALTA,1,RSI 18 sobrevendido | SMA9<SMA21 | Abaixo SMA50 | MACD- | Macro +1 | LSTM +6.8%,,
2026-09-23 18:32:15,ITUB4,42.64,61.3,3,🟢 COMPRAR,0.79,📈 ALTA,1,RSI 61 alto | SMA9>SMA21 | Acima SMA50 | MACD+ | Macro +1,,
2026-09-23 18:32:15,BBAS3,22.28,50.2,3,🟢 COMPRAR,1.69,📈 ALTA,1,RSI 50 neutro | SMA9>SMA21 | Acima SMA50 | MACD- | Bônus tendência | Macro +1,,
2026-09-23 18:32:15,WEGE3,51.43,53.5,3,🟢 COMPRAR,-0.8,📉 QUEDA,1,RSI 53 neutro | SMA9>SMA21 | Acima SMA50 | MACD- | Bônus tendência | Macro +1,,
2026-09-23 18:54:00,BTC,84334.23,20.0,-2,🟡 AGUARDAR,0.47,📈 ALTA,1,RSI 20 sobrevendido (atenuado) | SMA9<SMA21 | Abaixo SMA50 | MACD- | Penalidade tendência | Macro +1,,
2026-09-23 18:54:00,ETH,2669.79,14.6,-2,🟡 AGUARDAR,-1.38,📉 QUEDA,1,RSI 15 sobrevendido (atenuado) | SMA9<SMA21 | Abaixo SMA50 | MACD- | Penalidade tendência | Macro +1,,
2026-09-23 18:54:00,SOL,114.4,21.2,-2,🟡 AGUARDAR,-0.97,📉 QUEDA,1,RSI 21 sobrevendido (atenuado) | SMA9<SMA21 | Abaixo SMA50 | MACD- | Penalidade tendência | Macro +1,,
2026-09-23 18:54:00,BNB,767.95,26.5,-2,🟡 AGUARDAR,1.01,📈 ALTA,1,RSI 27 sobrevendido (atenuado) | SMA9<SMA21 | Abaixo SMA50 | MACD- | Penalidade tendência | Macro +1,,
2026-09-23 18:54:00,ADA,0.24,20.2,1,🟡 AGUARDAR,1.47,📈 ALTA,1,RSI 20 sobrevendido | SMA9<SMA21 | Abaixo SMA50 | MACD- | Macro +1,,
2026-09-23 18:54:00,PETR4,49.52,57.5,1,🟡 AGUARDAR,-2.88,📉 QUEDA,1,RSI 58 alto (atenuado) | SMA9>SMA21 | Acima SMA50 | MACD- | Bônus tendência | Macro +1 | LSTM -2.9%,,
2026-09-23 18:54:00,VALE3,71.57,17.3,2,🟡 AGUARDAR,7.24,📈 ALTA,1,RSI 17 sobrevendido | SMA9<SMA21 | Abaixo SMA50 | MACD- | Macro +1 | LSTM +7.2%,,
2026-09-23 18:54:00,ITUB4,42.61,61.0,3,🟢 COMPRAR,0.81,📈 ALTA,1,RSI 61 alto | SMA9>SMA21 | Acima SMA50 | MACD+ | Macro +1,,
2026-09-23 18:54:00,BBAS3,22.3,50.5,3,🟢 COMPRAR,1.6,📈 ALTA,1,RSI 50 neutro | SMA9>SMA21 | Acima SMA50 | MACD- | Bônus tendência | Macro +1,,
2026-09-23 18:54:00,WEGE3,51.23,52.2,3,🟢 COMPRAR,-0.41,📉 QUEDA,1,RSI 52 neutro | SMA9>SMA21 | Acima SMA50 | MACD- | Bônus tendência | Macro +1,,
2026-09-23 19:09:35,BTC,84313.38,19.3,-2,🟡 AGUARDAR,0.28,📈 ALTA,1,RSI 19 sobrevendido (atenuado) | SMA9<SMA21 | Abaixo SMA50 | MACD- | Penalidade tendência | Macro +1,,
2026-09-23 19:09:35,ETH,2666.88,13.7,-2,🟡 AGUARDAR,-1.53,📉 QUEDA,1,RSI 14 sobrevendido (atenuado) | SMA9<SMA21 | Abaixo SMA50 | MACD- | Penalidade tendência | Macro +1,,
2026-09-23 19:09:35,SOL,114.16,14.2,-2,🟡 AGUARDAR,-1.15,📉 QUEDA,1,RSI 14 sobrevendido (atenuado) | SMA9<SMA21 | Abaixo SMA50 | MACD- | Penalidade tendência | Macro +1,,
2026-09-23 19:09:35,BNB,766.42,21.9,-2,🟡 AGUARDAR,0.95,📈 ALTA,1,RSI 22 sobrevendido (atenuado) | SMA9<SMA21 | Abaixo SMA50 | MACD- | Penalidade tendência | Macro +1,,
2026-09-23 19:09:35,ADA,0.24,10.4,1,🟡 AGUARDAR,0.99,📈 ALTA,1,RSI 10 sobrevendido | SMA9<SMA21 | Abaixo SMA50 | MACD- | Macro +1,,
2026-09-23 19:09:35,PETR4,49.61,58.0,1,🟡 AGUARDAR,-3.05,📉 QUEDA,1,RSI 58 alto (atenuado) | SMA9>SMA21 | Acima SMA50 | MACD- | Bônus tendência | Macro +1 | LSTM -3.0%,,
2026-09-23 19:09:35,VALE3,71.59,17.3,2,🟡 AGUARDAR,7.21,📈 ALTA,1,RSI 17 sobrevendido | SMA9<SMA21 | Abaixo SMA50 | MACD- | Macro +1 | LSTM +7.2%,,
2026-09-23 19:09:35,ITUB4,42.59,60.8,3,🟢 COMPRAR,0.85,📈 ALTA,1,RSI 61 alto | SMA9>SMA21 | Acima SMA50 | MACD+ | Macro +1,,
2026-09-23 19:09:35,BBAS3,22.32,50.7,3,🟢 COMPRAR,1.5,📈 ALTA,1,RSI 51 neutro | SMA9>SMA21 | Acima SMA50 | MACD- | Bônus tendência | Macro +1,,
2026-09-23 19:09:35,WEGE3,51.29,52.6,3,🟢 COMPRAR,-0.53,📉 QUEDA,1,RSI 53 neutro | SMA9>SMA21 | Acima SMA50 | MACD- | Bônus tendência | Macro +1,,
2026-09-23 19:25:51,BTC,84428.4,22.1,-2,🟡 AGUARDAR,0.15,📈 ALTA,1,RSI 22 sobrevendido (atenuado) | SMA9<SMA21 | Abaixo SMA50 | MACD- | Penalidade tendência | Macro +1,,
2026-09-23 19:25:51,ETH,2673.46,17.9,-2,🟡 AGUARDAR,-1.75,📉 QUEDA,1,RSI 18 sobrevendido (atenuado) | SMA9<SMA21 | Abaixo SMA50 | MACD- | Penalidade tendência | Macro +1,,
2026-09-23 19:25:51,SOL,114.53,17.9,-2,🟡 AGUARDAR,-1.44,📉 QUEDA,1,RSI 18 sobrevendido (atenuado) | SMA9<SMA21 | Abaixo SMA50 | MACD- | Penalidade tendência | Macro +1,,
2026-09-23 19:25:51,BNB,767.48,23.7,-2,🟡 AGUARDAR,0.82,📈 ALTA,1,RSI 24 sobrevendido (atenuado) | SMA9<SMA21 | Abaixo SMA50 | MACD- | Penalidade tendência | Macro +1,,
2026-09-23 19:25:51,ADA,0.24,14.1,1,🟡 AGUARDAR,0.49,📈 ALTA,1,RSI 14 sobrevendido | SMA9<SMA21 | Abaixo SMA50 | MACD- | Macro +1,,
2026-09-23 19:25:51,PETR4,49.71,58.4,1,🟡 AGUARDAR,-3.25,📉 QUEDA,1,RSI 58 alto (atenuado) | SMA9>SMA21 | Acima SMA50 | MACD- | Bônus tendência | Macro +1 | LSTM -3.2%,,
2026-09-23 19:25:51,VALE3,71.63,17.4,2,🟡 AGUARDAR,7.15,📈 ALTA,1,RSI 17 sobrevendido | SMA9<SMA21 | Abaixo SMA50 | MACD- | Macro +1 | LSTM +7.2%,,
2026-09-23 19:25:51,ITUB4,42.54,60.2,3,🟢 COMPRAR,0.97,📈 ALTA,1,RSI 60 alto | SMA9>SMA21 | Acima SMA50 | MACD+ | Macro +1,,
2026-09-23 19:25:51,BBAS3,22.36,51.2,3,🟢 COMPRAR,1.32,📈 ALTA,1,RSI 51 neutro | SMA9>SMA21 | Acima SMA50 | MACD- | Bônus tendência | Macro +1,,
2026-09-23 19:25:51,WEGE3,51.24,52.3,3,🟢 COMPRAR,-0.43,📉 QUEDA,1,RSI 52 neutro | SMA9>SMA21 | Acima SMA50 | MACD- | Bônus tendência | Macro +1,,
2026-09-23 19:39:52,BTC,84446.51,22.4,-2,🟡 AGUARDAR,0.13,📈 ALTA,1,RSI 22 sobrevendido (atenuado) | SMA9<SMA21 | Abaixo SMA50 | MACD- | Penalidade tendência | Macro +1,,
2026-09-23 19:39:52,ETH,2675.0,18.5,-2,🟡 AGUARDAR,-1.8,📉 QUEDA,1,RSI 18 sobrevendido (atenuado) | SMA9<SMA21 | Abaixo SMA50 | MACD- | Penalidade tendência | Macro +1,,
2026-09-23 19:39:52,SOL,114.57,18.4,-2,🟡 AGUARDAR,-1.48,📉 QUEDA,1,RSI 18 sobrevendido (atenuado) | SMA9<SMA21 | Abaixo SMA50 | MACD- | Penalidade tendência | Macro +1,,
2026-09-23 19:39:52,BNB,767.44,23.9,-2,🟡 AGUARDAR,0.82,📈 ALTA,1,RSI 24 sobrevendido (atenuado) | SMA9<SMA21 | Abaixo SMA50 | MACD- | Penalidade tendência | Macro +1,,
2026-09-23 19:39:52,ADA,0.24,12.4,1,🟡 AGUARDAR,0.7,📈 ALTA,1,RSI 12 sobrevendido | SMA9<SMA21 | Abaixo SMA50 | MACD- | Macro +1,,
2026-09-23 19:39:52,PETR4,49.57,57.8,1,🟡 AGUARDAR,-2.97,📉 QUEDA,1,RSI 58 alto (atenuado) | SMA9>SMA21 | Acima SMA50 | MACD- | Bônus tendência | Macro +1 | LSTM -3.0%,,
2026-09-23 19:39:52,VALE3,71.49,17.2,2,🟡 AGUARDAR,7.36,📈 ALTA,1,RSI 17 sobrevendido | SMA9<SMA21 | Abaixo SMA50 | MACD- | Macro +1 | LSTM +7.4%,,
2026-09-23 19:39:52,ITUB4,42.43,59.0,3,🟢 COMPRAR,1.23,📈 ALTA,1,RSI 59 alto | SMA9>SMA21 | Acima SMA50 | MACD+ | Macro +1,,
2026-09-23 19:39:52,BBAS3,22.28,50.2,3,🟢 COMPRAR,1.69,📈 ALTA,1,RSI 50 neutro | SMA9>SMA21 | Acima SMA50 | MACD- | Bônus tendência | Macro +1,,
2026-09-23 19:39:52,WEGE3,51.17,51.9,3,🟢 COMPRAR,-0.3,📉 QUEDA,1,RSI 52 neutro | SMA9>SMA21 | Acima SMA50 | MACD- | Bônus tendência | Macro +1,,
2026-09-23 19:52:43,BTC,84533.91,24.1,-3,🔴 VENDER,0.03,📈 ALTA,0,RSI 24 sobrevendido (atenuado) | SMA9<SMA21 | Abaixo SMA50 | MACD- | Penalidade tendência,,
2026-09-23 19:52:43,ETH,2677.28,20.2,-3,🔴 VENDER,-1.89,📉 QUEDA,0,RSI 20 sobrevendido (atenuado) | SMA9<SMA21 | Abaixo SMA50 | MACD- | Penalidade tendência,,
2026-09-23 19:52:43,SOL,114.65,18.7,-3,🔴 VENDER,-1.54,📉 QUEDA,0,RSI 19 sobrevendido (atenuado) | SMA9<SMA21 | Abaixo SMA50 | MACD- | Penalidade tendência,,
2026-09-23 19:52:43,BNB,768.0,24.5,-3,🔴 VENDER,0.75,📈 ALTA,0,RSI 25 sobrevendido (atenuado) | SMA9<SMA21 | Abaixo SMA50 | MACD- | Penalidade tendência,,
2026-09-23 19:52:43,ADA,0.24,13.0,0,🟡 AGUARDAR,0.59,📈 ALTA,0,RSI 13 sobrevendido | SMA9<SMA21 | Abaixo SMA50 | MACD-,,
2026-09-23 19:52:43,PETR4,49.66,58.2,0,🟡 AGUARDAR,-3.15,📉 QUEDA,0,RSI 58 alto (atenuado) | SMA9>SMA21 | Acima SMA50 | MACD- | Bônus tendência | LSTM -3.1%,,
2026-09-23 19:52:43,VALE3,71.62,17.4,1,🟡 AGUARDAR,7.16,📈 ALTA,0,RSI 17 sobrevendido | SMA9<SMA21 | Abaixo SMA50 | MACD- | LSTM +7.2%,,
2026-09-23 19:52:43,ITUB4,42.43,59.0,2,🟡 AGUARDAR,1.29,📈 ALTA,0,RSI 59 alto | SMA9>SMA21 | Acima SMA50 | MACD+,,
2026-09-23 19:52:43,BBAS3,22.33,50.8,2,🟢 COMPRAR (conf.),1.46,📈 ALTA,0,RSI 51 neutro | SMA9>SMA21 | Acima SMA50 | MACD- | Bônus tendência,,
2026-09-23 19:52:43,WEGE3,51.21,52.1,2,🟢 COMPRAR (conf.),-0.37,📉 QUEDA,0,RSI 52 neutro | SMA9>SMA21 | Acima SMA50 | MACD- | Bônus tendência,,
2026-09-23 20:11:13,BTC,84354.04,24.9,-2,🟡 AGUARDAR,0.06,📈 ALTA,1,RSI 25 sobrevendido (atenuado) | SMA9<SMA21 | Abaixo SMA50 | MACD- | Penalidade tendência | Macro +1,,
2026-09-23 20:11:13,ETH,2674.51,22.1,-2,🟡 AGUARDAR,-1.93,📉 QUEDA,1,RSI 22 sobrevendido (atenuado) | SMA9<SMA21 | Abaixo SMA50 | MACD- | Penalidade tendência | Macro +1,,
2026-09-23 20:11:13,SOL,114.43,20.3,-2,🟡 AGUARDAR,-1.65,📉 QUEDA,1,RSI 20 sobrevendido (atenuado) | SMA9<SMA21 | Abaixo SMA50 | MACD- | Penalidade tendência | Macro +1,,
2026-09-23 20:11:13,BNB,767.04,25.6,-2,🟡 AGUARDAR,0.66,📈 ALTA,1,RSI 26 sobrevendido (atenuado) | SMA9<SMA21 | Abaixo SMA50 | MACD- | Penalidade tendência | Macro +1,,
2026-09-23 20:11:13,ADA,0.24,12.9,-2,🟡 AGUARDAR,0.19,📈 ALTA,1,RSI 13 sobrevendido (atenuado) | SMA9<SMA21 | Abaixo SMA50 | MACD- | Penalidade tendência | Macro +1,,
2026-09-23 20:11:13,PETR4,49.72,58.5,1,🟡 AGUARDAR,-3.27,📉 QUEDA,1,RSI 58 alto (atenuado) | SMA9>SMA21 | Acima SMA50 | MACD- | Bônus tendência | Macro +1 | LSTM -3.3%,,
2026-09-23 20:11:13,VALE3,71.64,17.4,2,🟡 AGUARDAR,7.13,📈 ALTA,1,RSI 17 sobrevendido | SMA9<SMA21 | Abaixo SMA50 | MACD- | Macro +1 | LSTM +7.1%,,
2026-09-23 20:11:13,ITUB4,42.4,58.7,3,🟢 COMPRAR,1.31,📈 ALTA,1,RSI 59 alto | SMA9>SMA21 | Acima SMA50 | MACD+ | Macro +1,,
2026-09-23 20:11:13,BBAS3,22.22,49.5,3,🟢 COMPRAR,1.96,📈 ALTA,1,RSI 50 neutro | SMA9>SMA21 | Acima SMA50 | MACD- | Bônus tendência | Macro +1,,
2026-09-23 20:11:13,WEGE3,51.25,52.3,3,🟢 COMPRAR,-0.45,📉 QUEDA,1,RSI 52 neutro | SMA9>SMA21 | Acima SMA50 | MACD- | Bônus tendência | Macro +1,,
2026-09-23 21:10:34,BTC,84363.47,28.2,-2,🟡 AGUARDAR,-0.13,📉 QUEDA,1,RSI 28 sobrevendido (atenuado) | SMA9<SMA21 | Abaixo SMA50 | MACD- | Penalidade tendência | Macro +1,,
2026-09-23 21:10:34,ETH,2673.49,24.2,-3,🔴 VENDER,-2.02,📉 QUEDA,1,RSI 24 sobrevendido (atenuado) | SMA9<SMA21 | Abaixo SMA50 | MACD- | Penalidade tendência | Macro +1 | LSTM -2.0%,,
2026-09-23 21:10:34,SOL,114.29,23.7,-2,🟡 AGUARDAR,-1.79,📉 QUEDA,1,RSI 24 sobrevendido (atenuado) | SMA9<SMA21 | Abaixo SMA50 | MACD- | Penalidade tendência | Macro +1,,
2026-09-23 21:10:34,BNB,766.31,27.5,-2,🟡 AGUARDAR,0.55,📈 ALTA,1,RSI 28 sobrevendido (atenuado) | SMA9<SMA21 | Abaixo SMA50 | MACD- | Penalidade tendência | Macro +1,,
2026-09-23 21:10:34,ADA,0.24,15.7,-2,🟡 AGUARDAR,-0.13,📉 QUEDA,1,RSI 16 sobrevendido (atenuado) | SMA9<SMA21 | Abaixo SMA50 | MACD- | Penalidade tendência | Macro +1,,
2026-09-23 21:10:34,PETR4,49.6,57.9,1,🟡 AGUARDAR,-3.03,📉 QUEDA,1,RSI 58 alto (atenuado) | SMA9>SMA21 | Acima SMA50 | MACD- | Bônus tendência | Macro +1 | LSTM -3.0%,,
2026-09-23 21:10:34,VALE3,71.48,17.2,2,🟡 AGUARDAR,7.37,📈 ALTA,1,RSI 17 sobrevendido | SMA9<SMA21 | Abaixo SMA50 | MACD- | Macro +1 | LSTM +7.4%,,
2026-09-23 21:10:34,ITUB4,42.37,58.4,3,🟢 COMPRAR,1.43,📈 ALTA,1,RSI 58 alto | SMA9>SMA21 | Acima SMA50 | MACD+ | Macro +1,,
2026-09-23 21:10:34,BBAS3,22.17,49.0,4,🟢 COMPRAR,2.19,📈 ALTA,1,RSI 49 neutro | SMA9>SMA21 | Acima SMA50 | MACD- | Bônus tendência | Macro +1 | LSTM +2.2%,,
2026-09-23 21:10:34,WEGE3,51.16,51.8,3,🟢 COMPRAR,-0.28,📉 QUEDA,1,RSI 52 neutro | SMA9>SMA21 | Acima SMA50 | MACD- | Bônus tendência | Macro +1,,
2026-09-23 22:10:35,BTC,84621.87,33.7,-2,🟡 AGUARDAR,-0.54,📉 QUEDA,1,RSI 34 sobrevendido (atenuado) | SMA9<SMA21 | Abaixo SMA50 | MACD- | Penalidade tendência | Macro +1,,
2026-09-23 22:10:35,ETH,2694.33,36.0,-4,🔴 VENDER,-2.76,📉 QUEDA,1,RSI 36 baixo (atenuado) | SMA9<SMA21 | Abaixo SMA50 | MACD- | Penalidade tendência | Macro +1 | LSTM -2.8%,,
2026-09-23 22:10:35,SOL,115.39,36.0,-4,🔴 VENDER,-2.79,📉 QUEDA,1,RSI 36 baixo (atenuado) | SMA9<SMA21 | Abaixo SMA50 | MACD- | Penalidade tendência | Macro +1 | LSTM -2.8%,,
2026-09-23 22:10:35,BNB,768.02,32.8,-2,🟡 AGUARDAR,0.18,📈 ALTA,1,RSI 33 sobrevendido (atenuado) | SMA9<SMA21 | Abaixo SMA50 | MACD- | Penalidade tendência | Macro +1,,
2026-09-23 22:10:35,ADA,0.24,24.2,-2,🟡 AGUARDAR,-1.59,📉 QUEDA,1,RSI 24 sobrevendido (atenuado) | SMA9<SMA21 | Abaixo SMA50 | MACD- | Penalidade tendência | Macro +1,,
2026-09-23 22:10:35,PETR4,49.6,57.9,1,🟡 AGUARDAR,-3.03,📉 QUEDA,1,RSI 58 alto (atenuado) | SMA9>SMA21 | Acima SMA50 | MACD- | Bônus tendência | Macro +1 | LSTM -3.0%,,
2026-09-23 22:10:35,VALE3,71.48,17.2,2,🟡 AGUARDAR,7.37,📈 ALTA,1,RSI 17 sobrevendido | SMA9<SMA21 | Abaixo SMA50 | MACD- | Macro +1 | LSTM +7.4%,,
2026-09-23 22:10:35,ITUB4,42.37,58.4,3,🟢 COMPRAR,1.38,📈 ALTA,1,RSI 58 alto | SMA9>SMA21 | Acima SMA50 | MACD+ | Macro +1,,
2026-09-23 22:10:35,BBAS3,22.17,49.0,4,🟢 COMPRAR,2.19,📈 ALTA,1,RSI 49 neutro | SMA9>SMA21 | Acima SMA50 | MACD- | Bônus tendência | Macro +1 | LSTM +2.2%,,
2026-09-23 22:10:35,WEGE3,51.16,51.8,3,🟢 COMPRAR,-0.28,📉 QUEDA,1,RSI 52 neutro | SMA9>SMA21 | Acima SMA50 | MACD- | Bônus tendência | Macro +1,,
2026-09-23 23:08:29,BTC,84509.75,30.8,-2,🟡 AGUARDAR,-0.5,📉 QUEDA,1,RSI 31 sobrevendido (atenuado) | SMA9<SMA21 | Abaixo SMA50 | MACD- | Penalidade tendência | Macro +1,,
2026-09-23 23:08:29,ETH,2686.76,30.7,-1,🟡 AGUARDAR,-2.47,📉 QUEDA,1,RSI 31 sobrevendido (atenuado) | SMA9<SMA21 | Abaixo SMA50 | MACD+ | Penalidade tendência | Macro +1 | LSTM -2.5%,,
2026-09-23 23:08:29,SOL,115.06,30.5,-3,🔴 VENDER,-2.54,📉 QUEDA,1,RSI 30 sobrevendido (atenuado) | SMA9<SMA21 | Abaixo SMA50 | MACD- | Penalidade tendência | Macro +1 | LSTM -2.5%,,
2026-09-23 23:08:29,BNB,766.33,26.8,-2,🟡 AGUARDAR,0.27,📈 ALTA,1,RSI 27 sobrevendido (atenuado) | SMA9<SMA21 | Abaixo SMA50 | MACD- | Penalidade tendência | Macro +1,,
2026-09-23 23:08:29,ADA,0.24,17.4,-2,🟡 AGUARDAR,-1.27,📉 QUEDA,1,RSI 17 sobrevendido (atenuado) | SMA9<SMA21 | Abaixo SMA50 | MACD- | Penalidade tendência | Macro +1,,
2026-09-23 23:08:29,PETR4,49.6,57.9,1,🟡 AGUARDAR,-3.03,📉 QUEDA,1,RSI 58 alto (atenuado) | SMA9>SMA21 | Acima SMA50 | MACD- | Bônus tendência | Macro +1 | LSTM -3.0%,,
2026-09-23 23:08:29,VALE3,71.48,17.2,2,🟡 AGUARDAR,7.37,📈 ALTA,1,RSI 17 sobrevendido | SMA9<SMA21 | Abaixo SMA50 | MACD- | Macro +1 | LSTM +7.4%,,
2026-09-23 23:08:29,ITUB4,42.37,58.4,3,🟢 COMPRAR,1.43,📈 ALTA,1,RSI 58 alto | SMA9>SMA21 | Acima SMA50 | MACD+ | Macro +1,,
2026-09-23 23:08:29,BBAS3,22.17,49.0,4,🟢 COMPRAR,2.19,📈 ALTA,1,RSI 49 neutro | SMA9>SMA21 | Acima SMA50 | MACD- | Bônus tendência | Macro +1 | LSTM +2.2%,,
2026-09-23 23:08:29,WEGE3,51.16,51.8,3,🟢 COMPRAR,-0.28,📉 QUEDA,1,RSI 52 neutro | SMA9>SMA21 | Acima SMA50 | MACD- | Bônus tendência | Macro +1,,
2026-09-24 00:21:09,BTC,84424.23,33.0,-2,🟡 AGUARDAR,-0.48,📉 QUEDA,1,RSI 33 sobrevendido (atenuado) | SMA9<SMA21 | Abaixo SMA50 | MACD- | Penalidade tendência | Macro +1,,
2026-09-24 00:21:09,ETH,2689.71,35.8,-2,🟡 AGUARDAR,-2.52,📉 QUEDA,1,RSI 36 baixo (atenuado) | SMA9<SMA21 | Abaixo SMA50 | MACD+ | Penalidade tendência | Macro +1 | LSTM -2.5%,,
2026-09-24 00:21:09,SOL,115.45,37.9,-2,🟡 AGUARDAR,-2.82,📉 QUEDA,1,RSI 38 baixo (atenuado) | SMA9<SMA21 | Abaixo SMA50 | MACD+ | Penalidade tendência | Macro +1 | LSTM -2.8%,,
2026-09-24 00:21:09,BNB,767.39,29.7,-2,🟡 AGUARDAR,0.04,📈 ALTA,1,RSI 30 sobrevendido (atenuado) | SMA9<SMA21 | Abaixo SMA50 | MACD- | Penalidade tendência | Macro +1,,
2026-09-24 00:21:09,ADA,0.24,20.9,-2,🟡 AGUARDAR,-1.34,📉 QUEDA,1,RSI 21 sobrevendido (atenuado) | SMA9<SMA21 | Abaixo SMA50 | MACD- | Penalidade tendência | Macro +1,,
2026-09-24 00:21:09,PETR4,49.6,57.9,1,🟡 AGUARDAR,-3.03,📉 QUEDA,1,RSI 58 alto (atenuado) | SMA9>SMA21 | Acima SMA50 | MACD- | Bônus tendência | Macro +1 | LSTM -3.0%,,
2026-09-24 00:21:09,VALE3,71.48,17.2,2,🟡 AGUARDAR,7.37,📈 ALTA,1,RSI 17 sobrevendido | SMA9<SMA21 | Abaixo SMA50 | MACD- | Macro +1 | LSTM +7.4%,,
2026-09-24 00:21:09,ITUB4,42.37,58.4,3,🟢 COMPRAR,1.43,📈 ALTA,1,RSI 58 alto | SMA9>SMA21 | Acima SMA50 | MACD+ | Macro +1,,
2026-09-24 00:21:09,BBAS3,22.17,49.0,4,🟢 COMPRAR,2.19,📈 ALTA,1,RSI 49 neutro | SMA9>SMA21 | Acima SMA50 | MACD- | Bônus tendência | Macro +1 | LSTM +2.2%,,
2026-09-24 00:21:09,WEGE3,51.16,51.8,3,🟢 COMPRAR,-0.28,📉 QUEDA,1,RSI 52 neutro | SMA9>SMA21 | Acima SMA50 | MACD- | Bônus tendência | Macro +1,,
2026-09-24 01:14:41,BTC,84250.51,32.3,-2,🟡 AGUARDAR,-0.34,📉 QUEDA,1,RSI 32 sobrevendido (atenuado) | SMA9<SMA21 | Abaixo SMA50 | MACD- | Penalidade tendência | Macro +1,,
2026-09-24 01:14:41,ETH,2682.01,33.7,-1,🟡 AGUARDAR,-2.18,📉 QUEDA,1,RSI 34 sobrevendido (atenuado) | SMA9<SMA21 | Abaixo SMA50 | MACD+ | Penalidade tendência | Macro +1 | LSTM -2.2%,,
2026-09-24 01:14:41,SOL,115.28,37.5,-2,🟡 AGUARDAR,-2.58,📉 QUEDA,1,RSI 37 baixo (atenuado) | SMA9<SMA21 | Abaixo SMA50 | MACD+ | Penalidade tendência | Macro +1 | LSTM -2.6%,,
2026-09-24 01:14:41,BNB,766.53,31.7,0,🟡 AGUARDAR,0.08,📈 ALTA,1,RSI 32 sobrevendido (atenuado) | SMA9<SMA21 | Abaixo SMA50 | MACD+ | Penalidade tendência | Macro +1,,
2026-09-24 01:14:41,ADA,0.24,20.1,-2,🟡 AGUARDAR,-1.14,📉 QUEDA,1,RSI 20 sobrevendido (atenuado) | SMA9<SMA21 | Abaixo SMA50 | MACD- | Penalidade tendência | Macro +1,,
2026-09-24 01:14:41,PETR4,49.6,57.9,1,🟡 AGUARDAR,-3.03,📉 QUEDA,1,RSI 58 alto (atenuado) | SMA9>SMA21 | Acima SMA50 | MACD- | Bônus tendência | Macro +1 | LSTM -3.0%,,
2026-09-24 01:14:41,VALE3,71.48,17.2,2,🟡 AGUARDAR,7.37,📈 ALTA,1,RSI 17 sobrevendido | SMA9<SMA21 | Abaixo SMA50 | MACD- | Macro +1 | LSTM +7.4%,,
2026-09-24 01:14:41,ITUB4,42.37,58.4,3,🟢 COMPRAR,1.43,📈 ALTA,1,RSI 58 alto | SMA9>SMA21 | Acima SMA50 | MACD+ | Macro +1,,
2026-09-24 01:14:41,BBAS3,22.17,49.0,4,🟢 COMPRAR,2.19,📈 ALTA,1,RSI 49 neutro | SMA9>SMA21 | Acima SMA50 | MACD- | Bônus tendência | Macro +1 | LSTM +2.2%,,
2026-09-24 01:14:41,WEGE3,51.16,51.8,3,🟢 COMPRAR,-0.28,📉 QUEDA,1,RSI 52 neutro | SMA9>SMA21 | Acima SMA50 | MACD- | Bônus tendência | Macro +1,,
2026-09-24 03:14:40,BTC,84263.18,44.8,-1,🟡 AGUARDAR,-0.44,📉 QUEDA,1,RSI 45 baixo (atenuado) | SMA9<SMA21 | Abaixo SMA50 | MACD+ | Penalidade tendência | Macro +1,,
2026-09-24 03:14:40,ETH,2680.89,52.5,-1,🟡 AGUARDAR,-1.97,📉 QUEDA,1,RSI 52 neutro | SMA9<SMA21 | Abaixo SMA50 | MACD+ | Penalidade tendência | Macro +1,,
2026-09-24 03:14:40,SOL,115.11,49.6,-2,🟡 AGUARDAR,-2.17,📉 QUEDA,1,RSI 50 neutro | SMA9<SMA21 | Abaixo SMA50 | MACD+ | Penalidade tendência | Macro +1 | LSTM -2.2%,,
2026-09-24 03:14:40,BNB,771.59,58.7,-2,🟡 AGUARDAR,-0.59,📉 QUEDA,1,RSI 59 alto | SMA9<SMA21 | Abaixo SMA50 | MACD+ | Penalidade tendência | Macro +1,,
2026-09-24 03:14:40,ADA,0.24,49.7,-1,🟡 AGUARDAR,-1.94,📉 QUEDA,1,RSI 50 neutro | SMA9<SMA21 | Abaixo SMA50 | MACD+ | Penalidade tendência | Macro +1,,
2026-09-24 03:14:40,PETR4,48.35,58.3,2,🟢 COMPRAR (conf.),0.3,📈 ALTA,1,RSI 58 alto (atenuado) | SMA9>SMA21 | Acima SMA50 | MACD- | Bônus tendência | Macro +1,,
2026-09-24 03:14:40,VALE3,72.83,32.2,1,🟡 AGUARDAR,5.84,📈 ALTA,1,RSI 32 sobrevendido | SMA9<SMA21 | Abaixo SMA50 | MACD- | Macro +1 | LSTM +5.8%,,
2026-09-24 03:14:40,ITUB4,43.18,75.7,1,🟡 AGUARDAR,-0.37,📉 QUEDA,1,RSI 76 sobrecomprado | SMA9>SMA21 | Acima SMA50 | MACD+ | Macro +1,,
2026-09-24 03:14:40,BBAS3,22.67,65.0,4,🟢 COMPRAR,-0.31,📉 QUEDA,1,RSI 65 alto (atenuado) | SMA9>SMA21 | Acima SMA50 | MACD+ | Bônus tendência | Macro +1,,
2026-09-24 03:14:40,WEGE3,51.8,61.3,2,🟢 COMPRAR (conf.),-1.55,📉 QUEDA,1,RSI 61 alto (atenuado) | SMA9>SMA21 | Acima SMA50 | MACD- | Bônus tendência | Macro +1,,
2026-09-24 06:14:19,BTC,84157.98,46.6,-1,🟡 AGUARDAR,-0.78,📉 QUEDA,1,RSI 47 neutro | SMA9<SMA21 | Abaixo SMA50 | MACD+ | Penalidade tendência | Macro +1,,
2026-09-24 06:14:19,ETH,2689.71,63.2,-2,🟡 AGUARDAR,-1.34,📉 QUEDA,1,RSI 63 alto | SMA9<SMA21 | Abaixo SMA50 | MACD+ | Penalidade tendência | Macro +1,,
2026-09-24 06:14:19,SOL,115.2,55.9,-3,🔴 VENDER,-2.3,📉 QUEDA,1,RSI 56 alto | SMA9<SMA21 | Abaixo SMA50 | MACD+ | Penalidade tendência | Macro +1 | LSTM -2.3%,,
2026-09-24 06:14:19,BNB,773.52,62.3,0,🟡 AGUARDAR,-0.92,📉 QUEDA,1,RSI 62 alto | SMA9>SMA21 | Abaixo SMA50 | MACD+ | Penalidade tendência | Macro +1,,
2026-09-24 06:14:19,ADA,0.24,55.5,-2,🟡 AGUARDAR,-1.75,📉 QUEDA,1,RSI 56 alto | SMA9<SMA21 | Abaixo SMA50 | MACD+ | Penalidade tendência | Macro +1,,
2026-09-24 06:14:19,PETR4,48.35,58.3,3,🟢 COMPRAR,2.15,📈 ALTA,1,RSI 58 alto (atenuado) | SMA9>SMA21 | Acima SMA50 | MACD- | Bônus tendência | Macro +1 | LSTM +2.1%,,
2026-09-24 06:14:19,VALE3,72.83,32.2,1,🟡 AGUARDAR,4.69,📈 ALTA,1,RSI 32 sobrevendido | SMA9<SMA21 | Abaixo SMA50 | MACD- | Macro +1 | LSTM +4.7%,,
2026-09-24 06:14:19,ITUB4,43.18,75.7,3,🟢 COMPRAR,-0.69,📉 QUEDA,1,RSI 76 sobrecomprado (atenuado) | SMA9>SMA21 | Acima SMA50 | MACD+ | Bônus tendência | Macro +1,,
2026-09-24 06:14:19,BBAS3,22.67,65.0,4,🟢 COMPRAR,0.17,📈 ALTA,1,RSI 65 alto (atenuado) | SMA9>SMA21 | Acima SMA50 | MACD+ | Bônus tendência | Macro +1,,
2026-09-24 06:14:19,WEGE3,51.8,61.3,1,🟡 AGUARDAR,-2.38,📉 QUEDA,1,RSI 61 alto (atenuado) | SMA9>SMA21 | Acima SMA50 | MACD- | Bônus tendência | Macro +1 | LSTM -2.4%,,
2026-09-24 09:16:41,BTC,83378.26,36.8,-2,🟡 AGUARDAR,0.06,📈 ALTA,1,RSI 37 baixo (atenuado) | SMA9<SMA21 | Abaixo SMA50 | MACD- | Banda inf | Penalidade tendência | Macro +1,,
2026-09-24 09:16:41,ETH,2657.65,43.5,1,🟡 AGUARDAR,-0.1,📉 QUEDA,1,RSI 43 baixo (atenuado) | SMA9>SMA21 | Abaixo SMA50 | MACD+ | Penalidade tendência | Macro +1,,
2026-09-24 09:16:41,SOL,113.42,45.7,-1,🟡 AGUARDAR,-0.78,📉 QUEDA,1,RSI 46 neutro | SMA9>SMA21 | Abaixo SMA50 | MACD- | Penalidade tendência | Macro +1,,
2026-09-24 09:16:41,BNB,767.1,52.6,1,🟡 AGUARDAR,0.28,📈 ALTA,1,RSI 53 neutro | SMA9>SMA21 | Abaixo SMA50 | MACD+ | Penalidade tendência | Macro +1,,
2026-09-24 09:16:41,ADA,0.24,48.7,1,🟡 AGUARDAR,1.31,📈 ALTA,1,RSI 49 neutro | SMA9>SMA21 | Abaixo SMA50 | MACD+ | Penalidade tendência | Macro +1,,
2026-09-24 09:16:41,PETR4,49.6,57.9,2,🟢 COMPRAR (conf.),-0.87,📉 QUEDA,1,RSI 58 alto (atenuado) | SMA9>SMA21 | Acima SMA50 | MACD- | Bônus tendência | Macro +1,,
2026-09-24 09:16:41,VALE3,71.48,17.2,2,🟡 AGUARDAR,6.16,📈 ALTA,1,RSI 17 sobrevendido | SMA9<SMA21 | Abaixo SMA50 | MACD- | Macro +1 | LSTM +6.2%,,
2026-09-24 09:16:41,ITUB4,42.37,58.4,3,🟢 COMPRAR,1.25,📈 ALTA,1,RSI 58 alto | SMA9>SMA21 | Acima SMA50 | MACD+ | Macro +1,,
2026-09-24 09:16:41,BBAS3,22.17,49.0,4,🟢 COMPRAR,2.63,📈 ALTA,1,RSI 49 neutro | SMA9>SMA21 | Acima SMA50 | MACD- | Bônus tendência | Macro +1 | LSTM +2.6%,,
2026-09-24 09:16:41,WEGE3,51.16,51.8,3,🟢 COMPRAR,-1.07,📉 QUEDA,1,RSI 52 neutro | SMA9>SMA21 | Acima SMA50 | MACD- | Bônus tendência | Macro +1,,
2026-09-24 10:15:49,BTC,83246.67,32.5,-2,🟡 AGUARDAR,0.11,📈 ALTA,1,RSI 32 sobrevendido (atenuado) | SMA9<SMA21 | Abaixo SMA50 | MACD- | Penalidade tendência | Macro +1,,
2026-09-24 10:15:49,ETH,2637.91,33.4,-1,🟡 AGUARDAR,0.46,📈 ALTA,1,RSI 33 sobrevendido (atenuado) | SMA9<SMA21 | Abaixo SMA50 | MACD- | Banda inf | Penalidade tendência | Macro +1,,
2026-09-24 10:15:49,SOL,112.95,37.3,-2,🟡 AGUARDAR,-0.47,📉 QUEDA,1,RSI 37 baixo (atenuado) | SMA9<SMA21 | Abaixo SMA50 | MACD- | Banda inf | Penalidade tendência | Macro +1,,
2026-09-24 10:15:49,BNB,766.8,50.4,1,🟡 AGUARDAR,0.29,📈 ALTA,1,RSI 50 neutro | SMA9>SMA21 | Abaixo SMA50 | MACD+ | Penalidade tendência | Macro +1,,
2026-09-24 10:15:49,ADA,0.23,42.3,-1,🟡 AGUARDAR,1.77,📈 ALTA,1,RSI 42 baixo (atenuado) | SMA9>SMA21 | Abaixo SMA50 | MACD- | Penalidade tendência | Macro +1,,
2026-09-24 10:15:49,PETR4,49.6,57.9,2,🟢 COMPRAR (conf.),-0.87,📉 QUEDA,1,RSI 58 alto (atenuado) | SMA9>SMA21 | Acima SMA50 | MACD- | Bônus tendência | Macro +1,,
2026-09-24 10:15:49,VALE3,71.48,17.2,2,🟡 AGUARDAR,6.16,📈 ALTA,1,RSI 17 sobrevendido | SMA9<SMA21 | Abaixo SMA50 | MACD- | Macro +1 | LSTM +6.2%,,
2026-09-24 10:15:49,ITUB4,42.37,58.4,3,🟢 COMPRAR,1.25,📈 ALTA,1,RSI 58 alto | SMA9>SMA21 | Acima SMA50 | MACD+ | Macro +1,,
2026-09-24 10:15:49,BBAS3,22.17,49.0,4,🟢 COMPRAR,2.63,📈 ALTA,1,RSI 49 neutro | SMA9>SMA21 | Acima SMA50 | MACD- | Bônus tendência | Macro +1 | LSTM +2.6%,,
2026-09-24 10:15:49,WEGE3,51.16,51.8,3,🟢 COMPRAR,-1.07,📉 QUEDA,1,RSI 52 neutro | SMA9>SMA21 | Acima SMA50 | MACD- | Bônus tendência | Macro +1,,
2026-09-24 11:08:52,BTC,83492.22,34.3,-2,🟡 AGUARDAR,-0.26,📉 QUEDA,1,RSI 34 sobrevendido (atenuado) | SMA9<SMA21 | Abaixo SMA50 | MACD- | Penalidade tendência | Macro +1,,
2026-09-24 11:08:52,ETH,2647.92,31.3,-2,🟡 AGUARDAR,-0.04,📉 QUEDA,1,RSI 31 sobrevendido (atenuado) | SMA9<SMA21 | Abaixo SMA50 | MACD- | Penalidade tendência | Macro +1,,
2026-09-24 11:08:52,SOL,113.4,36.7,-3,🔴 VENDER,-1.0,📉 QUEDA,1,RSI 37 baixo (atenuado) | SMA9<SMA21 | Abaixo SMA50 | MACD- | Penalidade tendência | Macro +1,,
2026-09-24 11:08:52,BNB,769.21,52.0,1,🟡 AGUARDAR,-0.01,📉 QUEDA,1,RSI 52 neutro | SMA9>SMA21 | Abaixo SMA50 | MACD+ | Penalidade tendência | Macro +1,,
2026-09-24 11:08:52,ADA,0.24,46.4,1,🟡 AGUARDAR,0.71,📈 ALTA,1,RSI 46 neutro | SMA9>SMA21 | Abaixo SMA50 | MACD+ | Penalidade tendência | Macro +1,,
2026-09-24 11:08:52,PETR4,49.6,57.9,2,🟢 COMPRAR (conf.),-0.87,📉 QUEDA,1,RSI 58 alto (atenuado) | SMA9>SMA21 | Acima SMA50 | MACD- | Bônus tendência | Macro +1,,
2026-09-24 11:08:52,VALE3,71.48,17.2,2,🟡 AGUARDAR,6.16,📈 ALTA,1,RSI 17 sobrevendido | SMA9<SMA21 | Abaixo SMA50 | MACD- | Macro +1 | LSTM +6.2%,,
2026-09-24 11:08:52,ITUB4,42.37,58.4,3,🟢 COMPRAR,1.25,📈 ALTA,1,RSI 58 alto | SMA9>SMA21 | Acima SMA50 | MACD+ | Macro +1,,
2026-09-24 11:08:52,BBAS3,22.17,49.0,4,🟢 COMPRAR,2.63,📈 ALTA,1,RSI 49 neutro | SMA9>SMA21 | Acima SMA50 | MACD- | Bônus tendência | Macro +1 | LSTM +2.6%,,
2026-09-24 11:08:52,WEGE3,51.16,51.8,3,🟢 COMPRAR,-1.07,📉 QUEDA,1,RSI 52 neutro | SMA9>SMA21 | Acima SMA50 | MACD- | Bônus tendência | Macro +1,,
2026-09-24 11:39:27,BTC,83431.74,33.6,-2,🟡 AGUARDAR,-0.19,📉 QUEDA,1,RSI 34 sobrevendido (atenuado) | SMA9<SMA21 | Abaixo SMA50 | MACD- | Penalidade tendência | Macro +1,,
2026-09-24 11:39:27,ETH,2643.86,29.9,-2,🟡 AGUARDAR,0.1,📈 ALTA,1,RSI 30 sobrevendido (atenuado) | SMA9<SMA21 | Abaixo SMA50 | MACD- | Penalidade tendência | Macro +1,,
2026-09-24 11:39:27,SOL,113.1,35.2,-3,🔴 VENDER,-0.75,📉 QUEDA,1,RSI 35 baixo (atenuado) | SMA9<SMA21 | Abaixo SMA50 | MACD- | Penalidade tendência | Macro +1,,
2026-09-24 11:39:27,BNB,768.73,51.3,1,🟡 AGUARDAR,0.05,📈 ALTA,1,RSI 51 neutro | SMA9>SMA21 | Abaixo SMA50 | MACD+ | Penalidade tendência | Macro +1,,
2026-09-24 11:39:27,ADA,0.24,43.4,-1,🟡 AGUARDAR,1.23,📈 ALTA,1,RSI 43 baixo (atenuado) | SMA9>SMA21 | Abaixo SMA50 | MACD- | Penalidade tendência | Macro +1,,
2026-09-24 11:39:27,PETR4,49.6,57.9,2,🟢 COMPRAR (conf.),-0.87,📉 QUEDA,1,RSI 58 alto (atenuado) | SMA9>SMA21 | Acima SMA50 | MACD- | Bônus tendência | Macro +1,,
2026-09-24 11:39:27,VALE3,71.48,17.2,2,🟡 AGUARDAR,6.16,📈 ALTA,1,RSI 17 sobrevendido | SMA9<SMA21 | Abaixo SMA50 | MACD- | Macro +1 | LSTM +6.2%,,
2026-09-24 11:39:27,ITUB4,42.37,58.4,3,🟢 COMPRAR,1.25,📈 ALTA,1,RSI 58 alto | SMA9>SMA21 | Acima SMA50 | MACD+ | Macro +1,,
2026-09-24 11:39:27,BBAS3,22.17,49.0,4,🟢 COMPRAR,2.63,📈 ALTA,1,RSI 49 neutro | SMA9>SMA21 | Acima SMA50 | MACD- | Bônus tendência | Macro +1 | LSTM +2.6%,,
2026-09-24 11:39:27,WEGE3,51.16,51.8,3,🟢 COMPRAR,-1.07,📉 QUEDA,1,RSI 52 neutro | SMA9>SMA21 | Acima SMA50 | MACD- | Bônus tendência | Macro +1,,
2026-09-24 12:09:26,BTC,83498.41,36.8,-3,🔴 VENDER,-0.35,📉 QUEDA,1,RSI 37 baixo (atenuado) | SMA9<SMA21 | Abaixo SMA50 | MACD- | Penalidade tendência | Macro +1,,
2026-09-24 12:09:26,ETH,2646.81,32.7,-2,🟡 AGUARDAR,-0.14,📉 QUEDA,1,RSI 33 sobrevendido (atenuado) | SMA9<SMA21 | Abaixo SMA50 | MACD- | Penalidade tendência | Macro +1,,
2026-09-24 12:09:26,SOL,113.52,39.0,-3,🔴 VENDER,-1.21,📉 QUEDA,1,RSI 39 baixo (atenuado) | SMA9<SMA21 | Abaixo SMA50 | MACD- | Penalidade tendência | Macro +1,,
2026-09-24 12:09:26,BNB,770.54,54.7,1,🟡 AGUARDAR,-0.17,📉 QUEDA,1,RSI 55 neutro | SMA9>SMA21 | Abaixo SMA50 | MACD+ | Penalidade tendência | Macro +1,,
2026-09-24 12:09:26,ADA,0.24,44.5,-1,🟡 AGUARDAR,0.91,📈 ALTA,1,RSI 45 baixo (atenuado) | SMA9<SMA21 | Abaixo SMA50 | MACD+ | Penalidade tendência | Macro +1,,
2026-09-24 12:09:26,PETR4,49.6,57.9,2,🟢 COMPRAR (conf.),-0.87,📉 QUEDA,1,RSI 58 alto (atenuado) | SMA9>SMA21 | Acima SMA50 | MACD- | Bônus tendência | Macro +1,,
2026-09-24 12:09:26,VALE3,71.48,17.2,2,🟡 AGUARDAR,6.16,📈 ALTA,1,RSI 17 sobrevendido | SMA9<SMA21 | Abaixo SMA50 | MACD- | Macro +1 | LSTM +6.2%,,
2026-09-24 12:09:26,ITUB4,42.37,58.4,3,🟢 COMPRAR,1.25,📈 ALTA,1,RSI 58 alto | SMA9>SMA21 | Acima SMA50 | MACD+ | Macro +1,,
2026-09-24 12:09:26,BBAS3,22.17,49.0,4,🟢 COMPRAR,2.63,📈 ALTA,1,RSI 49 neutro | SMA9>SMA21 | Acima SMA50 | MACD- | Bônus tendência | Macro +1 | LSTM +2.6%,,
2026-09-24 12:09:26,WEGE3,51.16,51.8,3,🟢 COMPRAR,-1.07,📉 QUEDA,1,RSI 52 neutro | SMA9>SMA21 | Acima SMA50 | MACD- | Bônus tendência | Macro +1,,
2026-09-24 12:43:57,BTC,83442.38,35.7,-3,🔴 VENDER,-0.28,📉 QUEDA,1,RSI 36 baixo (atenuado) | SMA9<SMA21 | Abaixo SMA50 | MACD- | Penalidade tendência | Macro +1,,
2026-09-24 12:43:57,ETH,2642.0,30.9,-2,🟡 AGUARDAR,0.03,📈 ALTA,1,RSI 31 sobrevendido (atenuado) | SMA9<SMA21 | Abaixo SMA50 | MACD- | Penalidade tendência | Macro +1,,
2026-09-24 12:43:57,SOL,113.37,37.7,-3,🔴 VENDER,-1.09,📉 QUEDA,1,RSI 38 baixo (atenuado) | SMA9<SMA21 | Abaixo SMA50 | MACD- | Penalidade tendência | Macro +1,,
2026-09-24 12:43:57,BNB,770.0,53.9,1,🟡 AGUARDAR,-0.1,📉 QUEDA,1,RSI 54 neutro | SMA9>SMA21 | Abaixo SMA50 | MACD+ | Penalidade tendência | Macro +1,,
2026-09-24 12:43:57,ADA,0.24,43.9,-1,🟡 AGUARDAR,1.0,📈 ALTA,1,RSI 44 baixo (atenuado) | SMA9<SMA21 | Abaixo SMA50 | MACD+ | Penalidade tendência | Macro +1,,
2026-09-24 12:43:57,PETR4,49.6,57.9,2,🟢 COMPRAR (conf.),-0.87,📉 QUEDA,1,RSI 58 alto (atenuado) | SMA9>SMA21 | Acima SMA50 | MACD- | Bônus tendência | Macro +1,,
2026-09-24 12:43:57,VALE3,71.48,17.2,2,🟡 AGUARDAR,6.16,📈 ALTA,1,RSI 17 sobrevendido | SMA9<SMA21 | Abaixo SMA50 | MACD- | Macro +1 | LSTM +6.2%,,
2026-09-24 12:43:57,ITUB4,42.37,58.4,3,🟢 COMPRAR,1.25,📈 ALTA,1,RSI 58 alto | SMA9>SMA21 | Acima SMA50 | MACD+ | Macro +1,,
2026-09-24 12:43:57,BBAS3,22.17,49.0,4,🟢 COMPRAR,2.63,📈 ALTA,1,RSI 49 neutro | SMA9>SMA21 | Acima SMA50 | MACD- | Bônus tendência | Macro +1 | LSTM +2.6%,,
2026-09-24 12:43:57,WEGE3,51.16,51.8,3,🟢 COMPRAR,-1.07,📉 QUEDA,1,RSI 52 neutro | SMA9>SMA21 | Acima SMA50 | MACD- | Bônus tendência | Macro +1,,
2026-09-24 13:11:36,BTC,83659.34,40.5,-1,🟡 AGUARDAR,-0.59,📉 QUEDA,1,RSI 41 baixo (atenuado) | SMA9<SMA21 | Abaixo SMA50 | MACD+ | Penalidade tendência | Macro +1,,
2026-09-24 13:11:36,ETH,2654.46,37.7,-3,🔴 VENDER,-0.54,📉 QUEDA,1,RSI 38 baixo (atenuado) | SMA9<SMA21 | Abaixo SMA50 | MACD- | Penalidade tendência | Macro +1,,
2026-09-24 13:11:36,SOL,114.26,44.0,-1,🟡 AGUARDAR,-1.91,📉 QUEDA,1,RSI 44 baixo (atenuado) | SMA9<SMA21 | Abaixo SMA50 | MACD+ | Penalidade tendência | Macro +1,,
2026-09-24 13:11:36,BNB,773.3,57.8,0,🟡 AGUARDAR,-0.49,📉 QUEDA,1,RSI 58 alto | SMA9>SMA21 | Abaixo SMA50 | MACD+ | Penalidade tendência | Macro +1,,
2026-09-24 13:11:36,ADA,0.24,49.9,-1,🟡 AGUARDAR,-0.08,📉 QUEDA,1,RSI 50 neutro | SMA9<SMA21 | Abaixo SMA50 | MACD+ | Penalidade tendência | Macro +1,,
2026-09-24 13:11:36,PETR4,49.6,57.9,2,🟢 COMPRAR (conf.),-0.87,📉 QUEDA,1,RSI 58 alto (atenuado) | SMA9>SMA21 | Acima SMA50 | MACD- | Bônus tendência | Macro +1,,
2026-09-24 13:11:36,VALE3,71.48,17.2,2,🟡 AGUARDAR,6.16,📈 ALTA,1,RSI 17 sobrevendido | SMA9<SMA21 | Abaixo SMA50 | MACD- | Macro +1 | LSTM +6.2%,,
2026-09-24 13:11:36,ITUB4,42.37,58.4,3,🟢 COMPRAR,1.25,📈 ALTA,1,RSI 58 alto | SMA9>SMA21 | Acima SMA50 | MACD+ | Macro +1,,
2026-09-24 13:11:36,BBAS3,22.17,49.0,4,🟢 COMPRAR,2.63,📈 ALTA,1,RSI 49 neutro | SMA9>SMA21 | Acima SMA50 | MACD- | Bônus tendência | Macro +1 | LSTM +2.6%,,
2026-09-24 13:11:36,WEGE3,51.16,51.8,3,🟢 COMPRAR,-1.07,📉 QUEDA,1,RSI 52 neutro | SMA9>SMA21 | Acima SMA50 | MACD- | Bônus tendência | Macro +1,,
2026-09-24 13:29:46,BTC,83765.49,42.3,-1,🟡 AGUARDAR,-0.71,📉 QUEDA,1,RSI 42 baixo (atenuado) | SMA9<SMA21 | Abaixo SMA50 | MACD+ | Penalidade tendência | Macro +1,,
2026-09-24 13:29:46,ETH,2660.28,40.8,-1,🟡 AGUARDAR,-0.75,📉 QUEDA,1,RSI 41 baixo (atenuado) | SMA9<SMA21 | Abaixo SMA50 | MACD+ | Penalidade tendência | Macro +1,,
2026-09-24 13:29:46,SOL,114.49,45.8,-2,🟡 AGUARDAR,-2.1,📉 QUEDA,1,RSI 46 neutro | SMA9<SMA21 | Abaixo SMA50 | MACD+ | Penalidade tendência | Macro +1 | LSTM -2.1%,,
2026-09-24 13:29:46,BNB,774.69,59.2,0,🟡 AGUARDAR,-0.65,📉 QUEDA,1,RSI 59 alto | SMA9>SMA21 | Abaixo SMA50 | MACD+ | Penalidade tendência | Macro +1,,
2026-09-24 13:29:46,ADA,0.24,53.9,-1,🟡 AGUARDAR,-0.85,📉 QUEDA,1,RSI 54 neutro | SMA9<SMA21 | Abaixo SMA50 | MACD+ | Penalidade tendência | Macro +1,,
2026-09-24 13:29:46,PETR4,49.9,63.8,2,🟢 COMPRAR (conf.),-1.7,📉 QUEDA,1,RSI 64 alto (atenuado) | SMA9>SMA21 | Acima SMA50 | MACD- | Bônus tendência | Macro +1,,
2026-09-24 13:29:46,VALE3,71.83,22.9,2,🟡 AGUARDAR,5.09,📈 ALTA,1,RSI 23 sobrevendido | SMA9<SMA21 | Abaixo SMA50 | MACD- | Macro +1 | LSTM +5.1%,,
2026-09-24 13:29:46,ITUB4,42.29,53.5,4,🟢 COMPRAR,1.31,📈 ALTA,1,RSI 54 neutro | SMA9>SMA21 | Acima SMA50 | MACD+ | Macro +1,,
2026-09-24 13:29:46,BBAS3,22.1,45.8,4,🟢 COMPRAR,2.6,📈 ALTA,1,RSI 46 neutro | SMA9>SMA21 | Acima SMA50 | MACD- | Bônus tendência | Macro +1 | LSTM +2.6%,,
2026-09-24 13:29:46,WEGE3,50.42,40.2,4,🟢 COMPRAR,0.43,📈 ALTA,1,RSI 40 baixo | SMA9>SMA21 | Acima SMA50 | MACD- | Bônus tendência | Macro +1,,
2026-09-24 13:47:18,BTC,83936.83,45.0,-1,🟡 AGUARDAR,-0.9,📉 QUEDA,1,RSI 45 baixo (atenuado) | SMA9<SMA21 | Abaixo SMA50 | MACD+ | Penalidade tendência | Macro +1,,
2026-09-24 13:47:18,ETH,2664.25,42.7,-1,🟡 AGUARDAR,-0.89,📉 QUEDA,1,RSI 43 baixo (atenuado) | SMA9<SMA21 | Abaixo SMA50 | MACD+ | Penalidade tendência | Macro +1,,
2026-09-24 13:47:18,SOL,114.81,47.9,-2,🟡 AGUARDAR,-2.36,📉 QUEDA,1,RSI 48 neutro | SMA9<SMA21 | Abaixo SMA50 | MACD+ | Penalidade tendência | Macro +1 | LSTM -2.4%,,
2026-09-24 13:47:18,BNB,775.21,59.8,0,🟡 AGUARDAR,-0.71,📉 QUEDA,1,RSI 60 alto | SMA9>SMA21 | Abaixo SMA50 | MACD+ | Penalidade tendência | Macro +1,,
2026-09-24 13:47:18,ADA,0.24,55.3,-2,🟡 AGUARDAR,-1.16,📉 QUEDA,1,RSI 55 alto | SMA9<SMA21 | Abaixo SMA50 | MACD+ | Penalidade tendência | Macro +1,,
2026-09-24 13:47:18,PETR4,49.85,63.6,2,🟢 COMPRAR (conf.),-1.6,📉 QUEDA,1,RSI 64 alto (atenuado) | SMA9>SMA21 | Acima SMA50 | MACD- | Bônus tendência | Macro +1,,
2026-09-24 13:47:18,VALE3,71.37,20.4,2,🟡 AGUARDAR,5.76,📈 ALTA,1,RSI 20 sobrevendido | SMA9<SMA21 | Abaixo SMA50 | MACD- | Macro +1 | LSTM +5.8%,,
2026-09-24 13:47:18,ITUB4,42.49,55.4,3,🟢 COMPRAR,0.83,📈 ALTA,1,RSI 55 alto | SMA9>SMA21 | Acima SMA50 | MACD+ | Macro +1,,
2026-09-24 13:47:18,BBAS3,22.02,45.0,5,🟢 COMPRAR,2.97,📈 ALTA,1,RSI 45 baixo | SMA9>SMA21 | Acima SMA50 | MACD- | Bônus tendência | Macro +1 | LSTM +3.0%,,
2026-09-24 13:47:18,WEGE3,50.3,39.6,4,🟢 COMPRAR,0.67,📈 ALTA,1,RSI 40 baixo | SMA9>SMA21 | Acima SMA50 | MACD- | Bônus tendência | Macro +1,,
2026-09-24 14:10:51,BTC,84258.01,52.2,-1,🟡 AGUARDAR,-1.24,📉 QUEDA,1,RSI 52 neutro | SMA9<SMA21 | Abaixo SMA50 | MACD+ | Penalidade tendência | Macro +1,,
2026-09-24 14:10:51,ETH,2669.11,47.7,-1,🟡 AGUARDAR,-1.09,📉 QUEDA,1,RSI 48 neutro | SMA9<SMA21 | Abaixo SMA50 | MACD+ | Penalidade tendência | Macro +1,,
2026-09-24 14:10:51,SOL,115.02,52.1,-2,🟡 AGUARDAR,-2.6,📉 QUEDA,1,RSI 52 neutro | SMA9<SMA21 | Abaixo SMA50 | MACD+ | Penalidade tendência | Macro +1 | LSTM -2.6%,,
2026-09-24 14:10:51,BNB,779.81,65.2,1,🟡 AGUARDAR,-1.15,📉 QUEDA,1,RSI 65 sobrecomprado | SMA9>SMA21 | Acima SMA50 | MACD+ | Banda sup | Macro +1,,
2026-09-24 14:10:51,ADA,0.24,63.0,-1,🟡 AGUARDAR,-2.32,📉 QUEDA,1,RSI 63 alto | SMA9>SMA21 | Abaixo SMA50 | MACD+ | Penalidade tendência | Macro +1 | LSTM -2.3%,,
2026-09-24 14:10:51,PETR4,49.99,64.1,2,🟢 COMPRAR (conf.),-1.88,📉 QUEDA,1,RSI 64 alto (atenuado) | SMA9>SMA21 | Acima SMA50 | MACD- | Bônus tendência | Macro +1,,
2026-09-24 14:10:51,VALE3,71.38,20.4,2,🟡 AGUARDAR,5.75,📈 ALTA,1,RSI 20 sobrevendido | SMA9<SMA21 | Abaixo SMA50 | MACD- | Macro +1 | LSTM +5.8%,,
2026-09-24 14:10:51,ITUB4,42.54,55.8,3,🟢 COMPRAR,0.71,📈 ALTA,1,RSI 56 alto | SMA9>SMA21 | Acima SMA50 | MACD+ | Macro +1,,
2026-09-24 14:10:51,BBAS3,22.0,44.8,5,🟢 COMPRAR,3.07,📈 ALTA,1,RSI 45 baixo | SMA9>SMA21 | Acima SMA50 | MACD- | Bônus tendência | Macro +1 | LSTM +3.1%,,
2026-09-24 14:10:51,WEGE3,50.51,40.6,4,🟢 COMPRAR,0.25,📈 ALTA,1,RSI 41 baixo | SMA9>SMA21 | Acima SMA50 | MACD- | Bônus tendência | Macro +1,,
2026-09-24 14:28:38,BTC,84778.03,58.1,-2,🟡 AGUARDAR,-1.82,📉 QUEDA,1,RSI 58 alto | SMA9<SMA21 | Abaixo SMA50 | MACD+ | Penalidade tendência | Macro +1,,
2026-09-24 14:28:38,ETH,2689.4,55.4,-2,🟡 AGUARDAR,-1.79,📉 QUEDA,1,RSI 55 alto | SMA9<SMA21 | Abaixo SMA50 | MACD+ | Penalidade tendência | Macro +1,,
2026-09-24 14:28:38,SOL,116.2,58.6,-3,🔴 VENDER,-3.55,📉 QUEDA,1,RSI 59 alto | SMA9<SMA21 | Abaixo SMA50 | MACD+ | Penalidade tendência | Macro +1 | LSTM -3.5%,,
2026-09-24 14:28:38,BNB,782.19,67.0,1,🟡 AGUARDAR,-1.43,📉 QUEDA,1,RSI 67 sobrecomprado | SMA9>SMA21 | Acima SMA50 | MACD+ | Banda sup | Macro +1,,
2026-09-24 14:28:38,ADA,0.25,68.2,0,🟡 AGUARDAR,-3.97,📉 QUEDA,1,RSI 68 sobrecomprado | SMA9>SMA21 | Acima SMA50 | MACD+ | Banda sup | Macro +1 | LSTM -4.0%,,
2026-09-24 14:28:38,PETR4,50.05,64.4,2,🟢 COMPRAR (conf.),-1.99,📉 QUEDA,1,RSI 64 alto (atenuado) | SMA9>SMA21 | Acima SMA50 | MACD- | Bônus tendência | Macro +1,,
2026-09-24 14:28:38,VALE3,71.31,20.3,2,🟡 AGUARDAR,5.85,📈 ALTA,1,RSI 20 sobrevendido | SMA9<SMA21 | Abaixo SMA50 | MACD- | Macro +1 | LSTM +5.8%,,
2026-09-24 14:28:38,ITUB4,42.44,54.9,4,🟢 COMPRAR,0.95,📈 ALTA,1,RSI 55 neutro | SMA9>SMA21 | Acima SMA50 | MACD+ | Macro +1,,
2026-09-24 14:28:38,BBAS3,21.87,43.5,5,🟢 COMPRAR,3.68,📈 ALTA,1,RSI 43 baixo | SMA9>SMA21 | Acima SMA50 | MACD- | Bônus tendência | Macro +1 | LSTM +3.7%,,
2026-09-24 14:28:38,WEGE3,50.52,40.7,4,🟢 COMPRAR,0.23,📈 ALTA,1,RSI 41 baixo | SMA9>SMA21 | Acima SMA50 | MACD- | Bônus tendência | Macro +1,,
2026-09-24 14:45:53,BTC,84319.92,52.9,-1,🟡 AGUARDAR,-1.3,📉 QUEDA,1,RSI 53 neutro | SMA9<SMA21 | Abaixo SMA50 | MACD+ | Penalidade tendência | Macro +1,,
2026-09-24 14:45:53,ETH,2676.51,50.7,-1,🟡 AGUARDAR,-1.34,📉 QUEDA,1,RSI 51 neutro | SMA9<SMA21 | Abaixo SMA50 | MACD+ | Penalidade tendência | Macro +1,,
2026-09-24 14:45:53,SOL,115.59,55.2,-3,🔴 VENDER,-3.05,📉 QUEDA,1,RSI 55 alto | SMA9<SMA21 | Abaixo SMA50 | MACD+ | Penalidade tendência | Macro +1 | LSTM -3.0%,,
2026-09-24 14:45:53,BNB,780.08,65.0,2,🟡 AGUARDAR,-1.16,📉 QUEDA,1,RSI 65 alto | SMA9>SMA21 | Acima SMA50 | MACD+ | Banda sup | Macro +1,,
2026-09-24 14:45:53,ADA,0.25,66.6,0,🟡 AGUARDAR,-3.66,📉 QUEDA,1,RSI 67 sobrecomprado | SMA9>SMA21 | Acima SMA50 | MACD+ | Banda sup | Macro +1 | LSTM -3.7%,,
2026-09-24 14:45:53,PETR4,50.13,64.7,1,🟡 AGUARDAR,-2.15,📉 QUEDA,1,RSI 65 alto (atenuado) | SMA9>SMA21 | Acima SMA50 | MACD- | Bônus tendência | Macro +1 | LSTM -2.1%,,
2026-09-24 14:45:53,VALE3,71.28,20.2,2,🟡 AGUARDAR,5.9,📈 ALTA,1,RSI 20 sobrevendido | SMA9<SMA21 | Abaixo SMA50 | MACD- | Macro +1 | LSTM +5.9%,,
2026-09-24 14:45:53,ITUB4,42.42,54.8,4,🟢 COMPRAR,1.0,📈 ALTA,1,RSI 55 neutro | SMA9>SMA21 | Acima SMA50 | MACD+ | Macro +1,,
2026-09-24 14:45:53,BBAS3,21.85,43.3,5,🟢 COMPRAR,3.77,📈 ALTA,1,RSI 43 baixo | SMA9>SMA21 | Acima SMA50 | MACD- | Bônus tendência | Macro +1 | LSTM +3.8%,,
2026-09-24 14:45:53,WEGE3,50.64,41.3,4,🟢 COMPRAR,-0.01,📉 QUEDA,1,RSI 41 baixo | SMA9>SMA21 | Acima SMA50 | MACD- | Bônus tendência | Macro +1,,
2026-09-24 14:59:26,BTC,83565.24,43.9,-1,🟡 AGUARDAR,-0.46,📉 QUEDA,1,RSI 44 baixo (atenuado) | SMA9<SMA21 | Abaixo SMA50 | MACD+ | Penalidade tendência | Macro +1,,
2026-09-24 14:59:26,ETH,2654.65,42.5,-1,🟡 AGUARDAR,-0.59,📉 QUEDA,1,RSI 43 baixo (atenuado) | SMA9<SMA21 | Abaixo SMA50 | MACD+ | Penalidade tendência | Macro +1,,
2026-09-24 14:59:26,SOL,114.46,48.5,-2,🟡 AGUARDAR,-2.14,📉 QUEDA,1,RSI 48 neutro | SMA9<SMA21 | Abaixo SMA50 | MACD+ | Penalidade tendência | Macro +1 | LSTM -2.1%,,
2026-09-24 14:59:26,BNB,777.47,63.4,0,🟡 AGUARDAR,-0.87,📉 QUEDA,1,RSI 63 alto | SMA9>SMA21 | Abaixo SMA50 | MACD+ | Penalidade tendência | Macro +1,,
2026-09-24 14:59:26,ADA,0.25,64.5,-2,🟡 AGUARDAR,-2.78,📉 QUEDA,1,RSI 64 alto | SMA9>SMA21 | Abaixo SMA50 | MACD+ | Banda sup | Penalidade tendência | Macro +1 | LSTM -2.8%,,
2026-09-24 14:59:26,PETR4,50.17,64.9,1,🟡 AGUARDAR,-2.23,📉 QUEDA,1,RSI 65 alto (atenuado) | SMA9>SMA21 | Acima SMA50 | MACD- | Bônus tendência | Macro +1 | LSTM -2.2%,,
2026-09-24 14:59:26,VALE3,71.18,20.1,2,🟡 AGUARDAR,6.05,📈 ALTA,1,RSI 20 sobrevendido | SMA9<SMA21 | Abaixo SMA50 | MACD- | Macro +1 | LSTM +6.0%,,
2026-09-24 14:59:26,ITUB4,42.4,54.6,4,🟢 COMPRAR,1.05,📈 ALTA,1,RSI 55 neutro | SMA9>SMA21 | Acima SMA50 | MACD+ | Macro +1,,
2026-09-24 14:59:26,BBAS3,21.87,43.5,5,🟢 COMPRAR,3.68,📈 ALTA,1,RSI 43 baixo | SMA9>SMA21 | Acima SMA50 | MACD- | Bônus tendência | Macro +1 | LSTM +3.7%,,
2026-09-24 14:59:26,WEGE3,50.5,40.6,4,🟢 COMPRAR,0.27,📈 ALTA,1,RSI 41 baixo | SMA9>SMA21 | Acima SMA50 | MACD- | Bônus tendência | Macro +1,,
2026-09-24 15:18:51,BTC,83911.51,45.1,-1,🟡 AGUARDAR,-0.87,📉 QUEDA,1,RSI 45 neutro | SMA9<SMA21 | Abaixo SMA50 | MACD+ | Penalidade tendência | Macro +1,,
2026-09-24 15:18:51,ETH,2663.08,41.7,-1,🟡 AGUARDAR,-0.93,📉 QUEDA,1,RSI 42 baixo (atenuado) | SMA9<SMA21 | Abaixo SMA50 | MACD+ | Penalidade tendência | Macro +1,,
2026-09-24 15:18:51,SOL,115.31,50.1,-2,🟡 AGUARDAR,-2.82,📉 QUEDA,1,RSI 50 neutro | SMA9<SMA21 | Abaixo SMA50 | MACD+ | Penalidade tendência | Macro +1 | LSTM -2.8%,,
2026-09-24 15:18:51,BNB,777.5,56.9,0,🟡 AGUARDAR,-0.74,📉 QUEDA,1,RSI 57 alto | SMA9>SMA21 | Abaixo SMA50 | MACD+ | Penalidade tendência | Macro +1,,
2026-09-24 15:18:51,ADA,0.25,61.3,2,🟡 AGUARDAR,-2.84,📉 QUEDA,1,RSI 61 alto | SMA9>SMA21 | Acima SMA50 | MACD+ | Macro +1 | LSTM -2.8%,,
2026-09-24 15:18:51,PETR4,50.11,64.6,1,🟡 AGUARDAR,-2.11,📉 QUEDA,1,RSI 65 alto (atenuado) | SMA9>SMA21 | Acima SMA50 | MACD- | Bônus tendência | Macro +1 | LSTM -2.1%,,
2026-09-24 15:18:51,VALE3,70.92,19.7,2,🟡 AGUARDAR,6.44,📈 ALTA,1,RSI 20 sobrevendido | SMA9<SMA21 | Abaixo SMA50 | MACD- | Macro +1 | LSTM +6.4%,,
2026-09-24 15:18:51,ITUB4,42.18,52.4,4,🟢 COMPRAR,1.57,📈 ALTA,1,RSI 52 neutro | SMA9>SMA21 | Acima SMA50 | MACD+ | Macro +1,,
2026-09-24 15:18:51,BBAS3,21.77,42.5,5,🟢 COMPRAR,4.15,📈 ALTA,1,RSI 43 baixo | SMA9>SMA21 | Acima SMA50 | MACD- | Bônus tendência | Macro +1 | LSTM +4.2%,,
2026-09-24 15:18:51,WEGE3,50.35,39.8,4,🟢 COMPRAR,0.57,📈 ALTA,1,RSI 40 baixo | SMA9>SMA21 | Acima SMA50 | MACD- | Bônus tendência | Macro +1,,
2026-09-24 15:41:30,BTC,84304.69,49.5,-1,🟡 AGUARDAR,-1.31,📉 QUEDA,1,RSI 50 neutro | SMA9<SMA21 | Abaixo SMA50 | MACD+ | Penalidade tendência | Macro +1,,
2026-09-24 15:41:30,ETH,2680.3,48.3,-1,🟡 AGUARDAR,-1.53,📉 QUEDA,1,RSI 48 neutro | SMA9<SMA21 | Abaixo SMA50 | MACD+ | Penalidade tendência | Macro +1,,
2026-09-24 15:41:30,SOL,116.16,54.9,-2,🟡 AGUARDAR,-3.5,📉 QUEDA,1,RSI 55 neutro | SMA9<SMA21 | Abaixo SMA50 | MACD+ | Penalidade tendência | Macro +1 | LSTM -3.5%,,
2026-09-24 15:41:30,BNB,780.96,60.7,3,🟢 COMPRAR,-1.15,📉 QUEDA,1,RSI 61 alto | SMA9>SMA21 | Acima SMA50 | MACD+ | Macro +1,,
2026-09-24 15:41:30,ADA,0.25,65.4,0,🟡 AGUARDAR,-3.94,📉 QUEDA,1,RSI 65 sobrecomprado | SMA9>SMA21 | Acima SMA50 | MACD+ | Banda sup | Macro +1 | LSTM -3.9%,,
2026-09-24 15:41:30,PETR4,49.97,64.1,2,🟢 COMPRAR (conf.),-1.84,📉 QUEDA,1,RSI 64 alto (atenuado) | SMA9>SMA21 | Acima SMA50 | MACD- | Bônus tendência | Macro +1,,
2026-09-24 15:41:30,VALE3,70.64,19.2,2,🟡 AGUARDAR,6.86,📈 ALTA,1,RSI 19 sobrevendido | SMA9<SMA21 | Abaixo SMA50 | MACD- | Macro +1 | LSTM +6.9%,,
2026-09-24 15:41:30,ITUB4,41.96,50.4,5,🟢 COMPRAR,2.11,📈 ALTA,1,RSI 50 neutro | SMA9>SMA21 | Acima SMA50 | MACD+ | Macro +1 | LSTM +2.1%,,
2026-09-24 15:41:30,BBAS3,21.74,42.2,5,🟢 COMPRAR,4.3,📈 ALTA,1,RSI 42 baixo | SMA9>SMA21 | Acima SMA50 | MACD- | Bônus tendência | Macro +1 | LSTM +4.3%,,
2026-09-24 15:41:30,WEGE3,50.3,39.6,4,🟢 COMPRAR,0.67,📈 ALTA,1,RSI 40 baixo | SMA9>SMA21 | Acima SMA50 | MACD- | Bônus tendência | Macro +1,,
2026-09-24 15:53:46,BTC,84352.37,50.0,-1,🟡 AGUARDAR,-1.37,📉 QUEDA,1,RSI 50 neutro | SMA9<SMA21 | Abaixo SMA50 | MACD+ | Penalidade tendência | Macro +1,,
2026-09-24 15:53:46,ETH,2681.82,48.8,-1,🟡 AGUARDAR,-1.58,📉 QUEDA,1,RSI 49 neutro | SMA9<SMA21 | Abaixo SMA50 | MACD+ | Penalidade tendência | Macro +1,,
2026-09-24 15:53:46,SOL,116.11,54.6,-2,🟡 AGUARDAR,-3.47,📉 QUEDA,1,RSI 55 neutro | SMA9<SMA21 | Abaixo SMA50 | MACD+ | Penalidade tendência | Macro +1 | LSTM -3.5%,,
2026-09-24 15:53:46,BNB,779.9,59.7,3,🟢 COMPRAR,-1.03,📉 QUEDA,1,RSI 60 alto | SMA9>SMA21 | Acima SMA50 | MACD+ | Macro +1,,
2026-09-24 15:53:46,ADA,0.25,65.5,0,🟡 AGUARDAR,-3.86,📉 QUEDA,1,RSI 66 sobrecomprado | SMA9>SMA21 | Acima SMA50 | MACD+ | Banda sup | Macro +1 | LSTM -3.9%,,
2026-09-24 15:53:46,PETR4,49.95,64.0,2,🟢 COMPRAR (conf.),-1.8,📉 QUEDA,1,RSI 64 alto (atenuado) | SMA9>SMA21 | Acima SMA50 | MACD- | Bônus tendência | Macro +1,,
2026-09-24 15:53:46,VALE3,70.81,19.5,2,🟡 AGUARDAR,6.6,📈 ALTA,1,RSI 19 sobrevendido | SMA9<SMA21 | Abaixo SMA50 | MACD- | Macro +1 | LSTM +6.6%,,
2026-09-24 15:53:46,ITUB4,42.01,50.8,4,🟢 COMPRAR,1.99,📈 ALTA,1,RSI 51 neutro | SMA9>SMA21 | Acima SMA50 | MACD+ | Macro +1,,
2026-09-24 15:53:46,BBAS3,21.83,43.1,5,🟢 COMPRAR,3.87,📈 ALTA,1,RSI 43 baixo | SMA9>SMA21 | Acima SMA50 | MACD- | Bônus tendência | Macro +1 | LSTM +3.9%,,
2026-09-24 15:53:46,WEGE3,50.52,40.7,4,🟢 COMPRAR,0.23,📈 ALTA,1,RSI 41 baixo | SMA9>SMA21 | Acima SMA50 | MACD- | Bônus tendência | Macro +1,,
2026-09-24 16:10:58,BTC,84163.88,52.6,-1,🟡 AGUARDAR,-1.09,📉 QUEDA,1,RSI 53 neutro | SMA9<SMA21 | Abaixo SMA50 | MACD+ | Penalidade tendência | Macro +1,,
2026-09-24 16:10:58,ETH,2673.2,49.0,-1,🟡 AGUARDAR,-1.22,📉 QUEDA,1,RSI 49 neutro | SMA9<SMA21 | Abaixo SMA50 | MACD+ | Penalidade tendência | Macro +1,,
2026-09-24 16:10:58,SOL,116.17,58.7,-3,🔴 VENDER,-3.37,📉 QUEDA,1,RSI 59 alto | SMA9<SMA21 | Abaixo SMA50 | MACD+ | Penalidade tendência | Macro +1 | LSTM -3.4%,,
2026-09-24 16:10:58,BNB,779.7,69.5,2,🟡 AGUARDAR,-0.83,📉 QUEDA,1,RSI 70 sobrecomprado | SMA9>SMA21 | Acima SMA50 | MACD+ | Macro +1,,
2026-09-24 16:10:58,ADA,0.25,62.8,2,🟡 AGUARDAR,-2.3,📉 QUEDA,1,RSI 63 alto | SMA9>SMA21 | Acima SMA50 | MACD+ | Macro +1 | LSTM -2.3%,,
2026-09-24 16:10:58,PETR4,49.9,63.8,2,🟢 COMPRAR (conf.),-1.7,📉 QUEDA,1,RSI 64 alto (atenuado) | SMA9>SMA21 | Acima SMA50 | MACD- | Bônus tendência | Macro +1,,
2026-09-24 16:10:58,VALE3,70.76,19.4,2,🟡 AGUARDAR,6.68,📈 ALTA,1,RSI 19 sobrevendido | SMA9<SMA21 | Abaixo SMA50 | MACD- | Macro +1 | LSTM +6.7%,,
2026-09-24 16:10:58,ITUB4,42.01,50.8,4,🟢 COMPRAR,1.99,📈 ALTA,1,RSI 51 neutro | SMA9>SMA21 | Acima SMA50 | MACD+ | Macro +1,,
2026-09-24 16:10:58,BBAS3,21.81,42.9,5,🟢 COMPRAR,3.96,📈 ALTA,1,RSI 43 baixo | SMA9>SMA21 | Acima SMA50 | MACD- | Bônus tendência | Macro +1 | LSTM +4.0%,,
2026-09-24 16:10:58,WEGE3,50.67,41.4,4,🟢 COMPRAR,-0.07,📉 QUEDA,1,RSI 41 baixo | SMA9>SMA21 | Acima SMA50 | MACD- | Bônus tendência | Macro +1,,
2026-09-24 16:29:28,BTC,84688.94,58.1,-2,🟡 AGUARDAR,-1.67,📉 QUEDA,1,RSI 58 alto | SMA9<SMA21 | Abaixo SMA50 | MACD+ | Penalidade tendência | Macro +1,,
2026-09-24 16:29:28,ETH,2696.33,56.7,-3,🔴 VENDER,-2.01,📉 QUEDA,1,RSI 57 alto | SMA9<SMA21 | Abaixo SMA50 | MACD+ | Penalidade tendência | Macro +1 | LSTM -2.0%,,
2026-09-24 16:29:28,SOL,117.26,63.9,-1,🟡 AGUARDAR,-4.23,📉 QUEDA,1,RSI 64 alto | SMA9<SMA21 | Acima SMA50 | MACD+ | Banda sup | Macro +1 | LSTM -4.2%,,
2026-09-24 16:29:28,BNB,785.41,74.6,1,🟡 AGUARDAR,-1.49,📉 QUEDA,1,RSI 75 sobrecomprado | SMA9>SMA21 | Acima SMA50 | MACD+ | Banda sup | Macro +1,,
2026-09-24 16:29:28,ADA,0.25,69.5,0,🟡 AGUARDAR,-3.65,📉 QUEDA,1,RSI 69 sobrecomprado | SMA9>SMA21 | Acima SMA50 | MACD+ | Banda sup | Macro +1 | LSTM -3.6%,,
2026-09-24 16:29:28,PETR4,49.87,63.6,2,🟢 COMPRAR (conf.),-1.64,📉 QUEDA,1,RSI 64 alto (atenuado) | SMA9>SMA21 | Acima SMA50 | MACD- | Bônus tendência | Macro +1,,
2026-09-24 16:29:28,VALE3,70.68,19.3,2,🟡 AGUARDAR,6.8,📈 ALTA,1,RSI 19 sobrevendido | SMA9<SMA21 | Abaixo SMA50 | MACD- | Macro +1 | LSTM +6.8%,,
2026-09-24 16:29:28,ITUB4,41.97,50.4,5,🟢 COMPRAR,2.09,📈 ALTA,1,RSI 50 neutro | SMA9>SMA21 | Acima SMA50 | MACD+ | Macro +1 | LSTM +2.1%,,
2026-09-24 16:29:28,BBAS3,21.77,42.5,5,🟢 COMPRAR,4.15,📈 ALTA,1,RSI 43 baixo | SMA9>SMA21 | Acima SMA50 | MACD- | Bônus tendência | Macro +1 | LSTM +4.2%,,
2026-09-24 16:29:28,WEGE3,50.72,41.7,4,🟢 COMPRAR,-0.16,📉 QUEDA,1,RSI 42 baixo | SMA9>SMA21 | Acima SMA50 | MACD- | Bônus tendência | Macro +1,,
2026-09-24 16:45:12,BTC,84512.81,56.5,-2,🟡 AGUARDAR,-1.47,📉 QUEDA,1,RSI 56 alto | SMA9<SMA21 | Abaixo SMA50 | MACD+ | Penalidade tendência | Macro +1,,
2026-09-24 16:45:12,ETH,2689.06,54.5,-1,🟡 AGUARDAR,-1.77,📉 QUEDA,1,RSI 54 neutro | SMA9<SMA21 | Abaixo SMA50 | MACD+ | Penalidade tendência | Macro +1,,
2026-09-24 16:45:12,SOL,117.16,63.4,-1,🟡 AGUARDAR,-4.15,📉 QUEDA,1,RSI 63 alto | SMA9<SMA21 | Acima SMA50 | MACD+ | Banda sup | Macro +1 | LSTM -4.2%,,
2026-09-24 16:45:12,BNB,782.86,72.2,2,🟡 AGUARDAR,-1.19,📉 QUEDA,1,RSI 72 sobrecomprado | SMA9>SMA21 | Acima SMA50 | MACD+ | Macro +1,,
2026-09-24 16:45:12,ADA,0.25,68.0,1,🟡 AGUARDAR,-3.17,📉 QUEDA,1,RSI 68 sobrecomprado | SMA9>SMA21 | Acima SMA50 | MACD+ | Macro +1 | LSTM -3.2%,,
2026-09-24 16:45:12,PETR4,49.45,61.3,2,🟢 COMPRAR (conf.),-0.8,📉 QUEDA,1,RSI 61 alto (atenuado) | SMA9>SMA21 | Acima SMA50 | MACD- | Bônus tendência | Macro +1,,
2026-09-24 16:45:12,VALE3,71.1,20.0,2,🟡 AGUARDAR,6.17,📈 ALTA,1,RSI 20 sobrevendido | SMA9<SMA21 | Abaixo SMA50 | MACD- | Macro +1 | LSTM +6.2%,,
2026-09-24 16:45:12,ITUB4,42.28,53.4,4,🟢 COMPRAR,1.33,📈 ALTA,1,RSI 53 neutro | SMA9>SMA21 | Acima SMA50 | MACD+ | Macro +1,,
2026-09-24 16:45:12,BBAS3,21.92,44.0,5,🟢 COMPRAR,3.44,📈 ALTA,1,RSI 44 baixo | SMA9>SMA21 | Acima SMA50 | MACD- | Bônus tendência | Macro +1 | LSTM +3.4%,,
2026-09-24 16:45:12,WEGE3,50.99,43.1,4,🟢 COMPRAR,-0.69,📉 QUEDA,1,RSI 43 baixo | SMA9>SMA21 | Acima SMA50 | MACD- | Bônus tendência | Macro +1,,
2026-09-24 16:57:31,BTC,84510.0,56.5,-2,🟡 AGUARDAR,-1.48,📉 QUEDA,1,RSI 56 alto | SMA9<SMA21 | Abaixo SMA50 | MACD+ | Penalidade tendência | Macro +1,,
2026-09-24 16:57:31,ETH,2687.51,54.0,-1,🟡 AGUARDAR,-1.72,📉 QUEDA,1,RSI 54 neutro | SMA9<SMA21 | Abaixo SMA50 | MACD+ | Penalidade tendência | Macro +1,,
2026-09-24 16:57:31,SOL,117.09,63.2,-1,🟡 AGUARDAR,-4.1,📉 QUEDA,1,RSI 63 alto | SMA9<SMA21 | Acima SMA50 | MACD+ | Banda sup | Macro +1 | LSTM -4.1%,,
2026-09-24 16:57:31,BNB,781.04,71.3,2,🟡 AGUARDAR,-0.99,📉 QUEDA,1,RSI 71 sobrecomprado | SMA9>SMA21 | Acima SMA50 | MACD+ | Macro +1,,
2026-09-24 16:57:31,ADA,0.25,67.4,1,🟡 AGUARDAR,-3.15,📉 QUEDA,1,RSI 67 sobrecomprado | SMA9>SMA21 | Acima SMA50 | MACD+ | Macro +1 | LSTM -3.1%,,
2026-09-24 16:57:31,PETR4,49.4,61.0,2,🟢 COMPRAR (conf.),-0.7,📉 QUEDA,1,RSI 61 alto (atenuado) | SMA9>SMA21 | Acima SMA50 | MACD- | Bônus tendência | Macro +1,,
2026-09-24 16:57:31,VALE3,71.14,20.0,2,🟡 AGUARDAR,6.11,📈 ALTA,1,RSI 20 sobrevendido | SMA9<SMA21 | Abaixo SMA50 | MACD- | Macro +1 | LSTM +6.1%,,
2026-09-24 16:57:31,ITUB4,42.35,54.1,4,🟢 COMPRAR,1.17,📈 ALTA,1,RSI 54 neutro | SMA9>SMA21 | Acima SMA50 | MACD+ | Macro +1,,
2026-09-24 16:57:31,BBAS3,21.94,44.2,5,🟢 COMPRAR,3.35,📈 ALTA,1,RSI 44 baixo | SMA9>SMA21 | Acima SMA50 | MACD- | Bônus tendência | Macro +1 | LSTM +3.4%,,
2026-09-24 16:57:31,WEGE3,51.3,45.1,3,🟢 COMPRAR,-1.29,📉 QUEDA,1,RSI 45 neutro | SMA9>SMA21 | Acima SMA50 | MACD- | Bônus tendência | Macro +1,,
2026-09-24 17:12:35,BTC,84383.49,54.1,-1,🟡 AGUARDAR,-1.24,📉 QUEDA,1,RSI 54 neutro | SMA9<SMA21 | Abaixo SMA50 | MACD+ | Penalidade tendência | Macro +1,,
2026-09-24 17:12:35,ETH,2680.84,49.9,-1,🟡 AGUARDAR,-1.38,📉 QUEDA,1,RSI 50 neutro | SMA9<SMA21 | Abaixo SMA50 | MACD+ | Penalidade tendência | Macro +1,,
2026-09-24 17:12:35,SOL,117.13,59.8,2,🟡 AGUARDAR,-3.89,📉 QUEDA,1,RSI 60 alto | SMA9>SMA21 | Acima SMA50 | MACD+ | Macro +1 | LSTM -3.9%,,
2026-09-24 17:12:35,BNB,780.03,64.1,3,🟢 COMPRAR,-0.69,📉 QUEDA,1,RSI 64 alto | SMA9>SMA21 | Acima SMA50 | MACD+ | Macro +1,,
2026-09-24 17:12:35,ADA,0.25,60.9,3,🟢 COMPRAR,-1.85,📉 QUEDA,1,RSI 61 alto | SMA9>SMA21 | Acima SMA50 | MACD+ | Macro +1,,
2026-09-24 17:12:35,PETR4,49.53,61.9,2,🟢 COMPRAR (conf.),-0.96,📉 QUEDA,1,RSI 62 alto (atenuado) | SMA9>SMA21 | Acima SMA50 | MACD- | Bônus tendência | Macro +1,,
2026-09-24 17:12:35,VALE3,70.95,19.7,2,🟡 AGUARDAR,6.39,📈 ALTA,1,RSI 20 sobrevendido | SMA9<SMA21 | Abaixo SMA50 | MACD- | Macro +1 | LSTM +6.4%,,
2026-09-24 17:12:35,ITUB4,42.19,52.5,4,🟢 COMPRAR,1.55,📈 ALTA,1,RSI 53 neutro | SMA9>SMA21 | Acima SMA50 | MACD+ | Macro +1,,
2026-09-24 17:12:35,BBAS3,21.84,43.2,5,🟢 COMPRAR,3.82,📈 ALTA,1,RSI 43 baixo | SMA9>SMA21 | Acima SMA50 | MACD- | Bônus tendência | Macro +1 | LSTM +3.8%,,
2026-09-24 17:12:35,WEGE3,51.06,43.5,4,🟢 COMPRAR,-0.83,📉 QUEDA,1,RSI 44 baixo | SMA9>SMA21 | Acima SMA50 | MACD- | Bônus tendência | Macro +1,,
2026-09-24 17:27:17,BTC,84232.63,52.3,-1,🟡 AGUARDAR,-1.08,📉 QUEDA,1,RSI 52 neutro | SMA9<SMA21 | Abaixo SMA50 | MACD+ | Penalidade tendência | Macro +1,,
2026-09-24 17:27:17,ETH,2677.79,48.8,-1,🟡 AGUARDAR,-1.28,📉 QUEDA,1,RSI 49 neutro | SMA9<SMA21 | Abaixo SMA50 | MACD+ | Penalidade tendência | Macro +1,,
2026-09-24 17:27:17,SOL,116.88,58.5,2,🟡 AGUARDAR,-3.7,📉 QUEDA,1,RSI 58 alto | SMA9>SMA21 | Acima SMA50 | MACD+ | Macro +1 | LSTM -3.7%,,
2026-09-24 17:27:17,BNB,779.03,62.8,3,🟢 COMPRAR,-0.56,📉 QUEDA,1,RSI 63 alto | SMA9>SMA21 | Acima SMA50 | MACD+ | Macro +1,,
2026-09-24 17:27:17,ADA,0.25,61.1,3,🟢 COMPRAR,-1.93,📉 QUEDA,1,RSI 61 alto | SMA9>SMA21 | Acima SMA50 | MACD+ | Macro +1,,
2026-09-24 17:27:17,PETR4,49.44,61.2,2,🟢 COMPRAR (conf.),-0.78,📉 QUEDA,1,RSI 61 alto (atenuado) | SMA9>SMA21 | Acima SMA50 | MACD- | Bônus tendência | Macro +1,,
2026-09-24 17:27:17,VALE3,70.91,19.6,2,🟡 AGUARDAR,6.45,📈 ALTA,1,RSI 20 sobrevendido | SMA9<SMA21 | Abaixo SMA50 | MACD- | Macro +1 | LSTM +6.5%,,
2026-09-24 17:27:17,ITUB4,42.11,51.7,4,🟢 COMPRAR,1.74,📈 ALTA,1,RSI 52 neutro | SMA9>SMA21 | Acima SMA50 | MACD+ | Macro +1,,
2026-09-24 17:27:17,BBAS3,21.79,42.7,5,🟢 COMPRAR,4.06,📈 ALTA,1,RSI 43 baixo | SMA9>SMA21 | Acima SMA50 | MACD- | Bônus tendência | Macro +1 | LSTM +4.1%,,
2026-09-24 17:27:17,WEGE3,51.14,44.0,4,🟢 COMPRAR,-0.98,📉 QUEDA,1,RSI 44 baixo | SMA9>SMA21 | Acima SMA50 | MACD- | Bônus tendência | Macro +1,,
2026-09-24 17:40:57,BTC,84212.39,52.0,-1,🟡 AGUARDAR,-1.06,📉 QUEDA,1,RSI 52 neutro | SMA9<SMA21 | Abaixo SMA50 | MACD+ | Penalidade tendência | Macro +1,,
2026-09-24 17:40:57,ETH,2675.23,48.0,-1,🟡 AGUARDAR,-1.19,📉 QUEDA,1,RSI 48 neutro | SMA9<SMA21 | Abaixo SMA50 | MACD+ | Penalidade tendência | Macro +1,,
2026-09-24 17:40:57,SOL,116.78,58.2,2,🟡 AGUARDAR,-3.62,📉 QUEDA,1,RSI 58 alto | SMA9>SMA21 | Acima SMA50 | MACD+ | Macro +1 | LSTM -3.6%,,
2026-09-24 17:40:57,BNB,778.68,62.2,3,🟢 COMPRAR,-0.51,📉 QUEDA,1,RSI 62 alto | SMA9>SMA21 | Acima SMA50 | MACD+ | Macro +1,,
2026-09-24 17:40:57,ADA,0.25,59.3,3,🟢 COMPRAR,-1.57,📉 QUEDA,1,RSI 59 alto | SMA9>SMA21 | Acima SMA50 | MACD+ | Macro +1,,
2026-09-24 17:40:57,PETR4,49.43,61.2,2,🟢 COMPRAR (conf.),-0.76,📉 QUEDA,1,RSI 61 alto (atenuado) | SMA9>SMA21 | Acima SMA50 | MACD- | Bônus tendência | Macro +1,,
2026-09-24 17:40:57,VALE3,70.9,19.6,2,🟡 AGUARDAR,6.47,📈 ALTA,1,RSI 20 sobrevendido | SMA9<SMA21 | Abaixo SMA50 | MACD- | Macro +1 | LSTM +6.5%,,
2026-09-24 17:40:57,ITUB4,42.09,51.6,4,🟢 COMPRAR,1.8,📈 ALTA,1,RSI 52 neutro | SMA9>SMA21 | Acima SMA50 | MACD+ | Macro +1,,
2026-09-24 17:40:57,BBAS3,21.72,42.0,5,🟢 COMPRAR,4.39,📈 ALTA,1,RSI 42 baixo | SMA9>SMA21 | Acima SMA50 | MACD- | Bônus tendência | Macro +1 | LSTM +4.4%,,
2026-09-24 17:40:57,WEGE3,51.11,43.8,4,🟢 COMPRAR,-0.93,📉 QUEDA,1,RSI 44 baixo | SMA9>SMA21 | Acima SMA50 | MACD- | Bônus tendência | Macro +1,,
2026-09-24 17:52:09,BTC,84127.57,51.1,-1,🟡 AGUARDAR,-0.96,📉 QUEDA,1,RSI 51 neutro | SMA9<SMA21 | Abaixo SMA50 | MACD+ | Penalidade tendência | Macro +1,,
2026-09-24 17:52:09,ETH,2669.91,46.3,-1,🟡 AGUARDAR,-1.01,📉 QUEDA,1,RSI 46 neutro | SMA9<SMA21 | Abaixo SMA50 | MACD+ | Penalidade tendência | Macro +1,,
2026-09-24 17:52:09,SOL,116.7,57.6,2,🟡 AGUARDAR,-3.56,📉 QUEDA,1,RSI 58 alto | SMA9>SMA21 | Acima SMA50 | MACD+ | Macro +1 | LSTM -3.6%,,
2026-09-24 17:52:09,BNB,778.9,62.6,3,🟢 COMPRAR,-0.55,📉 QUEDA,1,RSI 63 alto | SMA9>SMA21 | Acima SMA50 | MACD+ | Macro +1,,
2026-09-24 17:52:09,ADA,0.25,58.8,3,🟢 COMPRAR,-1.51,📉 QUEDA,1,RSI 59 alto | SMA9>SMA21 | Acima SMA50 | MACD+ | Macro +1,,
2026-09-24 17:52:09,PETR4,49.46,61.4,2,🟢 COMPRAR (conf.),-0.82,📉 QUEDA,1,RSI 61 alto (atenuado) | SMA9>SMA21 | Acima SMA50 | MACD- | Bônus tendência | Macro +1,,
2026-09-24 17:52:09,VALE3,70.85,19.6,2,🟡 AGUARDAR,6.54,📈 ALTA,1,RSI 20 sobrevendido | SMA9<SMA21 | Abaixo SMA50 | MACD- | Macro +1 | LSTM +6.5%,,
2026-09-24 17:52:09,ITUB4,42.03,51.0,4,🟢 COMPRAR,1.94,📈 ALTA,1,RSI 51 neutro | SMA9>SMA21 | Acima SMA50 | MACD+ | Macro +1,,
2026-09-24 17:52:09,BBAS3,21.63,41.2,5,🟢 COMPRAR,4.83,📈 ALTA,1,RSI 41 baixo | SMA9>SMA21 | Acima SMA50 | MACD- | Bônus tendência | Macro +1 | LSTM +4.8%,,
2026-09-24 17:52:09,WEGE3,51.17,44.2,4,🟢 COMPRAR,-1.04,📉 QUEDA,1,RSI 44 baixo | SMA9>SMA21 | Acima SMA50 | MACD- | Bônus tendência | Macro +1,,
2026-09-24 18:12:30,BTC,84164.6,52.1,1,🟡 AGUARDAR,-0.95,📉 QUEDA,1,RSI 52 neutro | SMA9>SMA21 | Abaixo SMA50 | MACD+ | Penalidade tendência | Macro +1,,
2026-09-24 18:12:30,ETH,2672.4,47.0,-1,🟡 AGUARDAR,-1.05,📉 QUEDA,1,RSI 47 neutro | SMA9<SMA21 | Abaixo SMA50 | MACD+ | Penalidade tendência | Macro +1,,
2026-09-24 18:12:30,SOL,116.94,62.7,2,🟡 AGUARDAR,-3.51,📉 QUEDA,1,RSI 63 alto | SMA9>SMA21 | Acima SMA50 | MACD+ | Macro +1 | LSTM -3.5%,,
2026-09-24 18:12:30,BNB,779.03,59.6,3,🟢 COMPRAR,-0.43,📉 QUEDA,1,RSI 60 alto | SMA9>SMA21 | Acima SMA50 | MACD+ | Macro +1,,
2026-09-24 18:12:30,ADA,0.25,60.2,3,🟢 COMPRAR,-0.86,📉 QUEDA,1,RSI 60 alto | SMA9>SMA21 | Acima SMA50 | MACD+ | Macro +1,,
2026-09-24 18:12:30,PETR4,49.48,61.5,2,🟢 COMPRAR (conf.),-0.86,📉 QUEDA,1,RSI 62 alto (atenuado) | SMA9>SMA21 | Acima SMA50 | MACD- | Bônus tendência | Macro +1,,
2026-09-24 18:12:30,VALE3,70.76,19.4,2,🟡 AGUARDAR,6.68,📈 ALTA,1,RSI 19 sobrevendido | SMA9<SMA21 | Abaixo SMA50 | MACD- | Macro +1 | LSTM +6.7%,,
2026-09-24 18:12:30,ITUB4,41.94,50.2,5,🟢 COMPRAR,2.16,📈 ALTA,1,RSI 50 neutro | SMA9>SMA21 | Acima SMA50 | MACD+ | Macro +1 | LSTM +2.2%,,
2026-09-24 18:12:30,BBAS3,21.57,40.7,5,🟢 COMPRAR,5.12,📈 ALTA,1,RSI 41 baixo | SMA9>SMA21 | Acima SMA50 | MACD- | Bônus tendência | Macro +1 | LSTM +5.1%,,
2026-09-24 18:12:30,WEGE3,51.14,44.0,4,🟢 COMPRAR,-0.98,📉 QUEDA,1,RSI 44 baixo | SMA9>SMA21 | Acima SMA50 | MACD- | Bônus tendência | Macro +1,,
2026-09-24 18:31:43,BTC,84396.36,54.3,1,🟡 AGUARDAR,-1.2,📉 QUEDA,1,RSI 54 neutro | SMA9>SMA21 | Abaixo SMA50 | MACD+ | Penalidade tendência | Macro +1,,
2026-09-24 18:31:43,ETH,2683.93,50.6,-1,🟡 AGUARDAR,-1.44,📉 QUEDA,1,RSI 51 neutro | SMA9<SMA21 | Abaixo SMA50 | MACD+ | Penalidade tendência | Macro +1,,
2026-09-24 18:31:43,SOL,117.21,63.5,2,🟡 AGUARDAR,-3.72,📉 QUEDA,1,RSI 64 alto | SMA9>SMA21 | Acima SMA50 | MACD+ | Macro +1 | LSTM -3.7%,,
2026-09-24 18:31:43,BNB,780.04,60.7,3,🟢 COMPRAR,-0.55,📉 QUEDA,1,RSI 61 alto | SMA9>SMA21 | Acima SMA50 | MACD+ | Macro +1,,
2026-09-24 18:31:43,ADA,0.25,62.2,3,🟢 COMPRAR,-1.43,📉 QUEDA,1,RSI 62 alto | SMA9>SMA21 | Acima SMA50 | MACD+ | Macro +1,,
2026-09-24 18:31:43,PETR4,49.42,61.1,2,🟢 COMPRAR (conf.),-0.74,📉 QUEDA,1,RSI 61 alto (atenuado) | SMA9>SMA21 | Acima SMA50 | MACD- | Bônus tendência | Macro +1,,
2026-09-24 18:31:43,VALE3,70.77,19.4,2,🟡 AGUARDAR,6.66,📈 ALTA,1,RSI 19 sobrevendido | SMA9<SMA21 | Abaixo SMA50 | MACD- | Macro +1 | LSTM +6.7%,,
2026-09-24 18:31:43,ITUB4,42.01,50.8,4,🟢 COMPRAR,1.99,📈 ALTA,1,RSI 51 neutro | SMA9>SMA21 | Acima SMA50 | MACD+ | Macro +1,,
2026-09-24 18:31:43,BBAS3,21.62,41.2,5,🟢 COMPRAR,4.88,📈 ALTA,1,RSI 41 baixo | SMA9>SMA21 | Acima SMA50 | MACD- | Bônus tendência | Macro +1 | LSTM +4.9%,,
2026-09-24 18:31:43,WEGE3,51.14,44.0,4,🟢 COMPRAR,-0.98,📉 QUEDA,1,RSI 44 baixo | SMA9>SMA21 | Acima SMA50 | MACD- | Bônus tendência | Macro +1,,
2026-09-24 18:49:13,BTC,84359.32,54.0,1,🟡 AGUARDAR,-1.16,📉 QUEDA,1,RSI 54 neutro | SMA9>SMA21 | Abaixo SMA50 | MACD+ | Penalidade tendência | Macro +1,,
2026-09-24 18:49:13,ETH,2686.35,51.3,-1,🟡 AGUARDAR,-1.52,📉 QUEDA,1,RSI 51 neutro | SMA9<SMA21 | Abaixo SMA50 | MACD+ | Penalidade tendência | Macro +1,,
2026-09-24 18:49:13,SOL,117.16,63.5,2,🟡 AGUARDAR,-3.68,📉 QUEDA,1,RSI 64 alto | SMA9>SMA21 | Acima SMA50 | MACD+ | Macro +1 | LSTM -3.7%,,
2026-09-24 18:49:13,BNB,780.32,61.4,3,🟢 COMPRAR,-0.59,📉 QUEDA,1,RSI 61 alto | SMA9>SMA21 | Acima SMA50 | MACD+ | Macro +1,,
2026-09-24 18:49:13,ADA,0.25,61.5,3,🟢 COMPRAR,-1.16,📉 QUEDA,1,RSI 61 alto | SMA9>SMA21 | Acima SMA50 | MACD+ | Macro +1,,
2026-09-24 18:49:13,PETR4,49.36,60.7,2,🟢 COMPRAR (conf.),-0.62,📉 QUEDA,1,RSI 61 alto (atenuado) | SMA9>SMA21 | Acima SMA50 | MACD- | Bônus tendência | Macro +1,,
2026-09-24 18:49:13,VALE3,70.79,19.5,2,🟡 AGUARDAR,6.63,📈 ALTA,1,RSI 19 sobrevendido | SMA9<SMA21 | Abaixo SMA50 | MACD- | Macro +1 | LSTM +6.6%,,
2026-09-24 18:49:13,ITUB4,42.01,50.8,4,🟢 COMPRAR,1.99,📈 ALTA,1,RSI 51 neutro | SMA9>SMA21 | Acima SMA50 | MACD+ | Macro +1,,
2026-09-24 18:49:13,BBAS3,21.6,41.0,5,🟢 COMPRAR,4.97,📈 ALTA,1,RSI 41 baixo | SMA9>SMA21 | Acima SMA50 | MACD- | Bônus tendência | Macro +1 | LSTM +5.0%,,
2026-09-24 18:49:13,WEGE3,50.97,43.0,4,🟢 COMPRAR,-0.65,📉 QUEDA,1,RSI 43 baixo | SMA9>SMA21 | Acima SMA50 | MACD- | Bônus tendência | Macro +1,,
2026-09-24 18:55:12,BTC,84422.95,54.7,1,🟡 AGUARDAR,-1.23,📉 QUEDA,1,RSI 55 neutro | SMA9>SMA21 | Abaixo SMA50 | MACD+ | Penalidade tendência | Macro +1,,
2026-09-24 18:55:12,ETH,2691.07,52.6,-1,🟡 AGUARDAR,-1.68,📉 QUEDA,1,RSI 53 neutro | SMA9<SMA21 | Abaixo SMA50 | MACD+ | Penalidade tendência | Macro +1,,
2026-09-24 18:55:12,SOL,117.26,64.1,2,🟡 AGUARDAR,-3.76,📉 QUEDA,1,RSI 64 alto | SMA9>SMA21 | Acima SMA50 | MACD+ | Macro +1 | LSTM -3.8%,,
2026-09-24 18:55:12,BNB,781.35,62.5,3,🟢 COMPRAR,-0.71,📉 QUEDA,1,RSI 63 alto | SMA9>SMA21 | Acima SMA50 | MACD+ | Macro +1,,
2026-09-24 18:55:12,ADA,0.25,62.3,3,🟢 COMPRAR,-1.38,📉 QUEDA,1,RSI 62 alto | SMA9>SMA21 | Acima SMA50 | MACD+ | Macro +1,,
2026-09-24 18:55:12,PETR4,49.26,60.0,2,🟢 COMPRAR (conf.),-0.42,📉 QUEDA,1,RSI 60 alto (atenuado) | SMA9>SMA21 | Acima SMA50 | MACD- | Bônus tendência | Macro +1,,
2026-09-24 18:55:12,VALE3,70.85,19.6,2,🟡 AGUARDAR,6.54,📈 ALTA,1,RSI 20 sobrevendido | SMA9<SMA21 | Abaixo SMA50 | MACD- | Macro +1 | LSTM +6.5%,,
2026-09-24 18:55:12,ITUB4,42.07,51.4,4,🟢 COMPRAR,1.84,📈 ALTA,1,RSI 51 neutro | SMA9>SMA21 | Acima SMA50 | MACD+ | Macro +1,,
2026-09-24 18:55:12,BBAS3,21.58,40.8,5,🟢 COMPRAR,5.07,📈 ALTA,1,RSI 41 baixo | SMA9>SMA21 | Acima SMA50 | MACD- | Bônus tendência | Macro +1 | LSTM +5.1%,,
2026-09-24 18:55:12,WEGE3,51.02,43.3,4,🟢 COMPRAR,-0.75,📉 QUEDA,1,RSI 43 baixo | SMA9>SMA21 | Acima SMA50 | MACD- | Bônus tendência | Macro +1,,
2026-09-24 19:01:09,BTC,84434.3,53.5,1,🟡 AGUARDAR,-1.15,📉 QUEDA,1,RSI 53 neutro | SMA9>SMA21 | Abaixo SMA50 | MACD+ | Penalidade tendência | Macro +1,,
2026-09-24 19:01:09,ETH,2688.79,52.0,-1,🟡 AGUARDAR,-1.6,📉 QUEDA,1,RSI 52 neutro | SMA9<SMA21 | Abaixo SMA50 | MACD+ | Penalidade tendência | Macro +1,,
2026-09-24 19:01:09,SOL,117.32,64.2,2,🟡 AGUARDAR,-3.5,📉 QUEDA,1,RSI 64 alto | SMA9>SMA21 | Acima SMA50 | MACD+ | Macro +1 | LSTM -3.5%,,
2026-09-24 19:01:09,BNB,781.15,62.2,3,🟢 COMPRAR,-0.53,📉 QUEDA,1,RSI 62 alto | SMA9>SMA21 | Acima SMA50 | MACD+ | Macro +1,,
2026-09-24 19:01:09,ADA,0.25,61.0,3,🟢 COMPRAR,-0.89,📉 QUEDA,1,RSI 61 alto | SMA9>SMA21 | Acima SMA50 | MACD+ | Macro +1,,
2026-09-24 19:01:09,PETR4,49.31,60.3,2,🟢 COMPRAR (conf.),-0.52,📉 QUEDA,1,RSI 60 alto (atenuado) | SMA9>SMA21 | Acima SMA50 | MACD- | Bônus tendência | Macro +1,,
2026-09-24 19:01:09,VALE3,70.72,19.3,2,🟡 AGUARDAR,6.74,📈 ALTA,1,RSI 19 sobrevendido | SMA9<SMA21 | Abaixo SMA50 | MACD- | Macro +1 | LSTM +6.7%,,
2026-09-24 19:01:09,ITUB4,42.01,50.8,4,🟢 COMPRAR,1.99,📈 ALTA,1,RSI 51 neutro | SMA9>SMA21 | Acima SMA50 | MACD+ | Macro +1,,
2026-09-24 19:01:09,BBAS3,21.53,40.4,5,🟢 COMPRAR,5.32,📈 ALTA,1,RSI 40 baixo | SMA9>SMA21 | Acima SMA50 | MACD- | Bônus tendência | Macro +1 | LSTM +5.3%,,
2026-09-24 19:01:09,WEGE3,50.87,42.5,4,🟢 COMPRAR,-0.46,📉 QUEDA,1,RSI 42 baixo | SMA9>SMA21 | Acima SMA50 | MACD- | Bônus tendência | Macro +1,,
2026-09-24 19:03:41,BTC,84304.35,52.1,1,🟡 AGUARDAR,-1.01,📉 QUEDA,1,RSI 52 neutro | SMA9>SMA21 | Abaixo SMA50 | MACD+ | Penalidade tendência | Macro +1,,
2026-09-24 19:03:41,ETH,2683.96,49.5,1,🟡 AGUARDAR,-1.32,📉 QUEDA,1,RSI 50 neutro | SMA9>SMA21 | Abaixo SMA50 | MACD+ | Penalidade tendência | Macro +1,,
2026-09-24 19:03:41,SOL,117.16,63.1,2,🟡 AGUARDAR,-3.38,📉 QUEDA,1,RSI 63 alto | SMA9>SMA21 | Acima SMA50 | MACD+ | Macro +1 | LSTM -3.4%,,
2026-09-24 19:03:41,BNB,780.36,60.8,3,🟢 COMPRAR,-0.44,📉 QUEDA,1,RSI 61 alto | SMA9>SMA21 | Acima SMA50 | MACD+ | Macro +1,,
2026-09-24 19:03:41,ADA,0.25,59.5,3,🟢 COMPRAR,-0.61,📉 QUEDA,1,RSI 60 alto | SMA9>SMA21 | Acima SMA50 | MACD+ | Macro +1,,
2026-09-24 19:03:41,PETR4,49.31,60.3,2,🟢 COMPRAR (conf.),-0.52,📉 QUEDA,1,RSI 60 alto (atenuado) | SMA9>SMA21 | Acima SMA50 | MACD- | Bônus tendência | Macro +1,,
2026-09-24 19:03:41,VALE3,70.72,19.3,2,🟡 AGUARDAR,6.74,📈 ALTA,1,RSI 19 sobrevendido | SMA9<SMA21 | Abaixo SMA50 | MACD- | Macro +1 | LSTM +6.7%,,
2026-09-24 19:03:41,ITUB4,42.0,50.7,5,🟢 COMPRAR,2.01,📈 ALTA,1,RSI 51 neutro | SMA9>SMA21 | Acima SMA50 | MACD+ | Macro +1 | LSTM +2.0%,,
2026-09-24 19:03:41,BBAS3,21.49,40.0,5,🟢 COMPRAR,5.51,📈 ALTA,1,RSI 40 baixo | SMA9>SMA21 | Acima SMA50 | MACD- | Bônus tendência | Macro +1 | LSTM +5.5%,,
2026-09-24 19:03:41,WEGE3,50.87,42.5,4,🟢 COMPRAR,-0.46,📉 QUEDA,1,RSI 42 baixo | SMA9>SMA21 | Acima SMA50 | MACD- | Bônus tendência | Macro +1,,
2026-09-24 19:10:00,BTC,84474.36,53.8,1,🟡 AGUARDAR,-1.2,📉 QUEDA,1,RSI 54 neutro | SMA9>SMA21 | Abaixo SMA50 | MACD+ | Penalidade tendência | Macro +1,,
2026-09-24 19:10:00,ETH,2688.53,50.8,1,🟡 AGUARDAR,-1.48,📉 QUEDA,1,RSI 51 neutro | SMA9>SMA21 | Abaixo SMA50 | MACD+ | Penalidade tendência | Macro +1,,
2026-09-24 19:10:00,SOL,117.43,64.6,2,🟡 AGUARDAR,-3.59,📉 QUEDA,1,RSI 65 alto | SMA9>SMA21 | Acima SMA50 | MACD+ | Macro +1 | LSTM -3.6%,,
2026-09-24 19:10:00,BNB,780.71,61.3,3,🟢 COMPRAR,-0.48,📉 QUEDA,1,RSI 61 alto | SMA9>SMA21 | Acima SMA50 | MACD+ | Macro +1,,
2026-09-24 19:10:00,ADA,0.25,60.7,3,🟢 COMPRAR,-0.85,📉 QUEDA,1,RSI 61 alto | SMA9>SMA21 | Acima SMA50 | MACD+ | Macro +1,,
2026-09-24 19:10:00,PETR4,49.3,60.2,2,🟢 COMPRAR (conf.),-0.5,📉 QUEDA,1,RSI 60 alto (atenuado) | SMA9>SMA21 | Acima SMA50 | MACD- | Bônus tendência | Macro +1,,
2026-09-24 19:10:00,VALE3,70.71,19.3,2,🟡 AGUARDAR,6.75,📈 ALTA,1,RSI 19 sobrevendido | SMA9<SMA21 | Abaixo SMA50 | MACD- | Macro +1 | LSTM +6.8%,,
2026-09-24 19:10:00,ITUB4,41.99,50.6,5,🟢 COMPRAR,2.04,📈 ALTA,1,RSI 51 neutro | SMA9>SMA21 | Acima SMA50 | MACD+ | Macro +1 | LSTM +2.0%,,
2026-09-24 19:10:00,BBAS3,21.51,40.2,5,🟢 COMPRAR,5.41,📈 ALTA,1,RSI 40 baixo | SMA9>SMA21 | Acima SMA50 | MACD- | Bônus tendência | Macro +1 | LSTM +5.4%,,
2026-09-24 19:10:00,WEGE3,50.86,42.4,4,🟢 COMPRAR,-0.44,📉 QUEDA,1,RSI 42 baixo | SMA9>SMA21 | Acima SMA50 | MACD- | Bônus tendência | Macro +1,,
2026-09-24 19:25:35,BTC,84609.47,55.1,0,🟡 AGUARDAR,-1.34,📉 QUEDA,1,RSI 55 alto | SMA9>SMA21 | Abaixo SMA50 | MACD+ | Penalidade tendência | Macro +1,,
2026-09-24 19:25:35,ETH,2694.99,52.7,1,🟡 AGUARDAR,-1.7,📉 QUEDA,1,RSI 53 neutro | SMA9>SMA21 | Abaixo SMA50 | MACD+ | Penalidade tendência | Macro +1,,
2026-09-24 19:25:35,SOL,117.57,65.4,1,🟡 AGUARDAR,-3.7,📉 QUEDA,1,RSI 65 sobrecomprado | SMA9>SMA21 | Acima SMA50 | MACD+ | Macro +1 | LSTM -3.7%,,
2026-09-24 19:25:35,BNB,780.85,61.6,3,🟢 COMPRAR,-0.5,📉 QUEDA,1,RSI 62 alto | SMA9>SMA21 | Acima SMA50 | MACD+ | Macro +1,,
2026-09-24 19:25:35,ADA,0.25,62.3,3,🟢 COMPRAR,-1.15,📉 QUEDA,1,RSI 62 alto | SMA9>SMA21 | Acima SMA50 | MACD+ | Macro +1,,
2026-09-24 19:25:35,PETR4,49.43,61.2,2,🟢 COMPRAR (conf.),-0.76,📉 QUEDA,1,RSI 61 alto (atenuado) | SMA9>SMA21 | Acima SMA50 | MACD- | Bônus tendência | Macro +1,,
2026-09-24 19:25:35,VALE3,70.62,19.2,2,🟡 AGUARDAR,6.89,📈 ALTA,1,RSI 19 sobrevendido | SMA9<SMA21 | Abaixo SMA50 | MACD- | Macro +1 | LSTM +6.9%,,
2026-09-24 19:25:35,ITUB4,41.98,50.5,5,🟢 COMPRAR,2.06,📈 ALTA,1,RSI 51 neutro | SMA9>SMA21 | Acima SMA50 | MACD+ | Macro +1 | LSTM +2.1%,,
2026-09-24 19:25:35,BBAS3,21.6,41.0,5,🟢 COMPRAR,4.97,📈 ALTA,1,RSI 41 baixo | SMA9>SMA21 | Acima SMA50 | MACD- | Bônus tendência | Macro +1 | LSTM +5.0%,,
2026-09-24 19:25:35,WEGE3,50.8,42.1,4,🟢 COMPRAR,-0.32,📉 QUEDA,1,RSI 42 baixo | SMA9>SMA21 | Acima SMA50 | MACD- | Bônus tendência | Macro +1,,
2026-09-24 19:38:32,BTC,84495.15,54.1,1,🟡 AGUARDAR,-1.22,📉 QUEDA,1,RSI 54 neutro | SMA9>SMA21 | Abaixo SMA50 | MACD+ | Penalidade tendência | Macro +1,,
2026-09-24 19:38:32,ETH,2691.58,51.7,1,🟡 AGUARDAR,-1.58,📉 QUEDA,1,RSI 52 neutro | SMA9>SMA21 | Abaixo SMA50 | MACD+ | Penalidade tendência | Macro +1,,
2026-09-24 19:38:32,SOL,117.31,64.0,2,🟡 AGUARDAR,-3.49,📉 QUEDA,1,RSI 64 alto | SMA9>SMA21 | Acima SMA50 | MACD+ | Macro +1 | LSTM -3.5%,,
2026-09-24 19:38:32,BNB,779.84,60.0,3,🟢 COMPRAR,-0.38,📉 QUEDA,1,RSI 60 alto | SMA9>SMA21 | Acima SMA50 | MACD+ | Macro +1,,
2026-09-24 19:38:32,ADA,0.25,61.1,3,🟢 COMPRAR,-0.9,📉 QUEDA,1,RSI 61 alto | SMA9>SMA21 | Acima SMA50 | MACD+ | Macro +1,,
2026-09-24 19:38:32,PETR4,49.5,61.7,2,🟢 COMPRAR (conf.),-0.9,📉 QUEDA,1,RSI 62 alto (atenuado) | SMA9>SMA21 | Acima SMA50 | MACD- | Bônus tendência | Macro +1,,
2026-09-24 19:38:32,VALE3,70.62,19.2,2,🟡 AGUARDAR,6.89,📈 ALTA,1,RSI 19 sobrevendido | SMA9<SMA21 | Abaixo SMA50 | MACD- | Macro +1 | LSTM +6.9%,,
2026-09-24 19:38:32,ITUB4,42.04,51.1,4,🟢 COMPRAR,1.91,📈 ALTA,1,RSI 51 neutro | SMA9>SMA21 | Acima SMA50 | MACD+ | Macro +1,,
2026-09-24 19:38:32,BBAS3,21.57,40.7,5,🟢 COMPRAR,5.12,📈 ALTA,1,RSI 41 baixo | SMA9>SMA21 | Acima SMA50 | MACD- | Bônus tendência | Macro +1 | LSTM +5.1%,,
2026-09-24 19:38:32,WEGE3,50.88,42.5,4,🟢 COMPRAR,-0.48,📉 QUEDA,1,RSI 43 baixo | SMA9>SMA21 | Acima SMA50 | MACD- | Bônus tendência | Macro +1,,
2026-09-24 19:52:29,BTC,84526.19,54.4,1,🟡 AGUARDAR,-1.25,📉 QUEDA,1,RSI 54 neutro | SMA9>SMA21 | Abaixo SMA50 | MACD+ | Penalidade tendência | Macro +1,,
2026-09-24 19:52:29,ETH,2699.21,53.8,1,🟡 AGUARDAR,-1.84,📉 QUEDA,1,RSI 54 neutro | SMA9>SMA21 | Abaixo SMA50 | MACD+ | Penalidade tendência | Macro +1,,
2026-09-24 19:52:29,SOL,117.45,64.9,2,🟡 AGUARDAR,-3.6,📉 QUEDA,1,RSI 65 alto | SMA9>SMA21 | Acima SMA50 | MACD+ | Macro +1 | LSTM -3.6%,,
2026-09-24 19:52:29,BNB,780.33,60.7,3,🟢 COMPRAR,-0.44,📉 QUEDA,1,RSI 61 alto | SMA9>SMA21 | Acima SMA50 | MACD+ | Macro +1,,
2026-09-24 19:52:29,ADA,0.25,62.6,3,🟢 COMPRAR,-1.25,📉 QUEDA,1,RSI 63 alto | SMA9>SMA21 | Acima SMA50 | MACD+ | Macro +1,,
2026-09-24 19:52:29,PETR4,49.35,60.6,2,🟢 COMPRAR (conf.),-0.6,📉 QUEDA,1,RSI 61 alto (atenuado) | SMA9>SMA21 | Acima SMA50 | MACD- | Bônus tendência | Macro +1,,
2026-09-24 19:52:29,VALE3,70.72,19.3,2,🟡 AGUARDAR,6.74,📈 ALTA,1,RSI 19 sobrevendido | SMA9<SMA21 | Abaixo SMA50 | MACD- | Macro +1 | LSTM +6.7%,,
2026-09-24 19:52:29,ITUB4,42.0,50.7,5,🟢 COMPRAR,2.01,📈 ALTA,1,RSI 51 neutro | SMA9>SMA21 | Acima SMA50 | MACD+ | Macro +1 | LSTM +2.0%,,
2026-09-24 19:52:29,BBAS3,21.6,41.0,5,🟢 COMPRAR,4.97,📈 ALTA,1,RSI 41 baixo | SMA9>SMA21 | Acima SMA50 | MACD- | Bônus tendência | Macro +1 | LSTM +5.0%,,
2026-09-24 19:52:29,WEGE3,50.88,42.5,4,🟢 COMPRAR,-0.48,📉 QUEDA,1,RSI 43 baixo | SMA9>SMA21 | Acima SMA50 | MACD- | Bônus tendência | Macro +1,,
2026-09-24 20:11:26,BTC,84409.96,49.0,0,🟡 AGUARDAR,-1.04,📉 QUEDA,0,RSI 49 neutro | SMA9>SMA21 | Abaixo SMA50 | MACD+ | Penalidade tendência,,
2026-09-24 20:11:26,ETH,2693.03,50.0,0,🟡 AGUARDAR,-1.48,📉 QUEDA,0,RSI 50 neutro | SMA9>SMA21 | Abaixo SMA50 | MACD+ | Penalidade tendência,,
2026-09-24 20:11:26,SOL,117.24,60.5,1,🟡 AGUARDAR,-3.13,📉 QUEDA,0,RSI 60 alto | SMA9>SMA21 | Acima SMA50 | MACD+ | LSTM -3.1%,,
2026-09-24 20:11:26,BNB,779.69,55.7,2,🟡 AGUARDAR,-0.26,📉 QUEDA,0,RSI 56 alto | SMA9>SMA21 | Acima SMA50 | MACD+,,
2026-09-24 20:11:26,ADA,0.25,61.5,2,🟡 AGUARDAR,-0.9,📉 QUEDA,0,RSI 61 alto | SMA9>SMA21 | Acima SMA50 | MACD+,,
2026-09-24 20:11:26,PETR4,49.33,60.4,1,🟡 AGUARDAR,-0.56,📉 QUEDA,0,RSI 60 alto (atenuado) | SMA9>SMA21 | Acima SMA50 | MACD- | Bônus tendência,,
2026-09-24 20:11:26,VALE3,70.68,19.3,1,🟡 AGUARDAR,6.8,📈 ALTA,0,RSI 19 sobrevendido | SMA9<SMA21 | Abaixo SMA50 | MACD- | LSTM +6.8%,,
2026-09-24 20:11:26,ITUB4,42.04,51.1,3,🟢 COMPRAR,1.91,📈 ALTA,0,RSI 51 neutro | SMA9>SMA21 | Acima SMA50 | MACD+,,
2026-09-24 20:11:26,BBAS3,21.57,40.7,4,🟢 COMPRAR,5.12,📈 ALTA,0,RSI 41 baixo | SMA9>SMA21 | Acima SMA50 | MACD- | Bônus tendência | LSTM +5.1%,,
2026-09-24 20:11:26,WEGE3,50.88,42.5,3,🟢 COMPRAR,-0.48,📉 QUEDA,0,RSI 43 baixo | SMA9>SMA21 | Acima SMA50 | MACD- | Bônus tendência,,
2026-09-24 21:10:09,BTC,84327.03,59.6,-1,🟡 AGUARDAR,-0.87,📉 QUEDA,0,RSI 60 alto | SMA9>SMA21 | Abaixo SMA50 | MACD+ | Penalidade tendência,,
2026-09-24 21:10:09,ETH,2685.09,55.4,-1,🟡 AGUARDAR,-1.09,📉 QUEDA,0,RSI 55 alto | SMA9>SMA21 | Abaixo SMA50 | MACD+ | Penalidade tendência,,
2026-09-24 21:10:09,SOL,116.68,67.6,0,🟡 AGUARDAR,-2.42,📉 QUEDA,0,RSI 68 sobrecomprado | SMA9>SMA21 | Acima SMA50 | MACD+ | LSTM -2.4%,,
2026-09-24 21:10:09,BNB,779.61,67.9,1,🟡 AGUARDAR,-0.19,📉 QUEDA,0,RSI 68 sobrecomprado | SMA9>SMA21 | Acima SMA50 | MACD+,,
2026-09-24 21:10:09,ADA,0.25,68.6,1,🟡 AGUARDAR,-0.16,📉 QUEDA,0,RSI 69 sobrecomprado | SMA9>SMA21 | Acima SMA50 | MACD+,,
2026-09-24 21:10:09,PETR4,49.26,60.0,1,🟡 AGUARDAR,-0.42,📉 QUEDA,0,RSI 60 alto (atenuado) | SMA9>SMA21 | Acima SMA50 | MACD- | Bônus tendência,,
2026-09-24 21:10:09,VALE3,70.66,19.3,1,🟡 AGUARDAR,6.83,📈 ALTA,0,RSI 19 sobrevendido | SMA9<SMA21 | Abaixo SMA50 | MACD- | LSTM +6.8%,,
2026-09-24 21:10:09,ITUB4,41.87,49.6,4,🟢 COMPRAR,2.33,📈 ALTA,0,RSI 50 neutro | SMA9>SMA21 | Acima SMA50 | MACD+ | LSTM +2.3%,,
2026-09-24 21:10:09,BBAS3,21.54,40.5,4,🟢 COMPRAR,5.27,📈 ALTA,0,RSI 40 baixo | SMA9>SMA21 | Acima SMA50 | MACD- | Bônus tendência | LSTM +5.3%,,
2026-09-24 21:10:09,WEGE3,50.74,41.8,3,🟢 COMPRAR,-0.2,📉 QUEDA,0,RSI 42 baixo | SMA9>SMA21 | Acima SMA50 | MACD- | Bônus tendência,,
2026-09-24 22:10:41,BTC,84324.94,66.3,-2,🟡 AGUARDAR,-0.81,📉 QUEDA,0,RSI 66 sobrecomprado | SMA9>SMA21 | Abaixo SMA50 | MACD+ | Penalidade tendência,,
2026-09-24 22:10:41,ETH,2684.64,67.0,-2,🟡 AGUARDAR,-0.98,📉 QUEDA,0,RSI 67 sobrecomprado | SMA9>SMA21 | Abaixo SMA50 | MACD+ | Penalidade tendência,,
2026-09-24 22:10:41,SOL,116.59,76.7,-1,🟡 AGUARDAR,-2.11,📉 QUEDA,0,RSI 77 sobrecomprado | SMA9>SMA21 | Acima SMA50 | MACD+ | LSTM -2.1%,,
2026-09-24 22:10:41,BNB,777.33,71.4,1,🟡 AGUARDAR,0.11,📈 ALTA,0,RSI 71 sobrecomprado | SMA9>SMA21 | Acima SMA50 | MACD+,,
2026-09-24 22:10:41,ADA,0.25,80.3,0,🟡 AGUARDAR,0.13,📈 ALTA,0,RSI 80 sobrecomprado | SMA9>SMA21 | Acima SMA50 | MACD+,,
2026-09-24 22:10:41,PETR4,49.26,60.0,1,🟡 AGUARDAR,-0.42,📉 QUEDA,0,RSI 60 alto (atenuado) | SMA9>SMA21 | Acima SMA50 | MACD- | Bônus tendência,,
2026-09-24 22:10:41,VALE3,70.66,19.3,1,🟡 AGUARDAR,6.83,📈 ALTA,0,RSI 19 sobrevendido | SMA9<SMA21 | Abaixo SMA50 | MACD- | LSTM +6.8%,,
2026-09-24 22:10:41,ITUB4,41.87,49.6,4,🟢 COMPRAR,2.33,📈 ALTA,0,RSI 50 neutro | SMA9>SMA21 | Acima SMA50 | MACD+ | LSTM +2.3%,,
2026-09-24 22:10:41,BBAS3,21.54,40.5,4,🟢 COMPRAR,5.27,📈 ALTA,0,RSI 40 baixo | SMA9>SMA21 | Acima SMA50 | MACD- | Bônus tendência | LSTM +5.3%,,
2026-09-24 22:10:41,WEGE3,50.74,41.8,3,🟢 COMPRAR,-0.2,📉 QUEDA,0,RSI 42 baixo | SMA9>SMA21 | Acima SMA50 | MACD- | Bônus tendência,,
2026-09-24 23:09:43,BTC,84327.79,63.0,0,🟡 AGUARDAR,-0.77,📉 QUEDA,1,RSI 63 alto | SMA9>SMA21 | Abaixo SMA50 | MACD+ | Penalidade tendência | Macro +1,,
2026-09-24 23:09:43,ETH,2687.4,66.1,-1,🟡 AGUARDAR,-1.0,📉 QUEDA,1,RSI 66 sobrecomprado | SMA9>SMA21 | Abaixo SMA50 | MACD+ | Penalidade tendência | Macro +1,,
2026-09-24 23:09:43,SOL,116.76,76.2,0,🟡 AGUARDAR,-2.05,📉 QUEDA,1,RSI 76 sobrecomprado | SMA9>SMA21 | Acima SMA50 | MACD+ | Macro +1 | LSTM -2.0%,,
2026-09-24 23:09:43,BNB,776.87,66.9,2,🟡 AGUARDAR,0.13,📈 ALTA,1,RSI 67 sobrecomprado | SMA9>SMA21 | Acima SMA50 | MACD+ | Macro +1,,
2026-09-24 23:09:43,ADA,0.25,78.3,1,🟡 AGUARDAR,-0.11,📉 QUEDA,1,RSI 78 sobrecomprado | SMA9>SMA21 | Acima SMA50 | MACD+ | Macro +1,,
2026-09-24 23:09:43,PETR4,49.26,60.0,2,🟢 COMPRAR (conf.),-0.42,📉 QUEDA,1,RSI 60 alto (atenuado) | SMA9>SMA21 | Acima SMA50 | MACD- | Bônus tendência | Macro +1,,
2026-09-24 23:09:43,VALE3,70.66,19.3,2,🟡 AGUARDAR,6.83,📈 ALTA,1,RSI 19 sobrevendido | SMA9<SMA21 | Abaixo SMA50 | MACD- | Macro +1 | LSTM +6.8%,,
2026-09-24 23:09:43,ITUB4,41.87,49.6,5,🟢 COMPRAR,2.33,📈 ALTA,1,RSI 50 neutro | SMA9>SMA21 | Acima SMA50 | MACD+ | Macro +1 | LSTM +2.3%,,
2026-09-24 23:09:43,BBAS3,21.54,40.5,5,🟢 COMPRAR,5.27,📈 ALTA,1,RSI 40 baixo | SMA9>SMA21 | Acima SMA50 | MACD- | Bônus tendência | Macro +1 | LSTM +5.3%,,
2026-09-24 23:09:43,WEGE3,50.74,41.8,4,🟢 COMPRAR,-0.2,📉 QUEDA,1,RSI 42 baixo | SMA9>SMA21 | Acima SMA50 | MACD- | Bônus tendência | Macro +1,,
2026-09-25 00:22:41,BTC,84560.96,62.4,0,🟡 AGUARDAR,-1.12,📉 QUEDA,1,RSI 62 alto | SMA9>SMA21 | Abaixo SMA50 | MACD+ | Penalidade tendência | Macro +1,,
2026-09-25 00:22:41,ETH,2691.41,57.6,0,🟡 AGUARDAR,-1.3,📉 QUEDA,1,RSI 58 alto | SMA9>SMA21 | Abaixo SMA50 | MACD+ | Penalidade tendência | Macro +1,,
2026-09-25 00:22:41,SOL,117.36,72.0,1,🟡 AGUARDAR,-2.95,📉 QUEDA,1,RSI 72 sobrecomprado | SMA9>SMA21 | Acima SMA50 | MACD+ | Macro +1 | LSTM -3.0%,,
2026-09-25 00:22:41,BNB,777.53,63.6,3,🟢 COMPRAR,0.06,📈 ALTA,1,RSI 64 alto | SMA9>SMA21 | Acima SMA50 | MACD+ | Macro +1,,
2026-09-25 00:22:41,ADA,0.25,71.9,2,🟡 AGUARDAR,-0.91,📉 QUEDA,1,RSI 72 sobrecomprado | SMA9>SMA21 | Acima SMA50 | MACD+ | Macro +1,,
2026-09-25 00:22:41,PETR4,49.26,60.0,2,🟢 COMPRAR (conf.),-0.42,📉 QUEDA,1,RSI 60 alto (atenuado) | SMA9>SMA21 | Acima SMA50 | MACD- | Bônus tendência | Macro +1,,
2026-09-25 00:22:41,VALE3,70.66,19.3,2,🟡 AGUARDAR,6.83,📈 ALTA,1,RSI 19 sobrevendido | SMA9<SMA21 | Abaixo SMA50 | MACD- | Macro +1 | LSTM +6.8%,,
2026-09-25 00:22:41,ITUB4,41.87,49.6,5,🟢 COMPRAR,2.33,📈 ALTA,1,RSI 50 neutro | SMA9>SMA21 | Acima SMA50 | MACD+ | Macro +1 | LSTM +2.3%,,
2026-09-25 00:22:41,BBAS3,21.54,40.5,5,🟢 COMPRAR,5.27,📈 ALTA,1,RSI 40 baixo | SMA9>SMA21 | Acima SMA50 | MACD- | Bônus tendência | Macro +1 | LSTM +5.3%,,
2026-09-25 00:22:41,WEGE3,50.74,41.8,4,🟢 COMPRAR,-0.2,📉 QUEDA,1,RSI 42 baixo | SMA9>SMA21 | Acima SMA50 | MACD- | Bônus tendência | Macro +1,,
2026-09-25 01:14:22,BTC,84713.72,70.3,-2,🟡 AGUARDAR,-1.21,📉 QUEDA,0,RSI 70 sobrecomprado | SMA9>SMA21 | Abaixo SMA50 | MACD+ | Penalidade tendência,,
2026-09-25 01:14:22,ETH,2694.63,70.7,-2,🟡 AGUARDAR,-1.28,📉 QUEDA,0,RSI 71 sobrecomprado | SMA9>SMA21 | Abaixo SMA50 | MACD+ | Penalidade tendência,,
2026-09-25 01:14:22,SOL,117.68,86.1,-1,🟡 AGUARDAR,-2.9,📉 QUEDA,0,RSI 86 sobrecomprado | SMA9>SMA21 | Acima SMA50 | MACD+ | LSTM -2.9%,,
2026-09-25 01:14:22,BNB,778.31,72.0,1,🟡 AGUARDAR,-0.02,📉 QUEDA,0,RSI 72 sobrecomprado | SMA9>SMA21 | Acima SMA50 | MACD+,,
2026-09-25 01:14:22,ADA,0.25,87.5,0,🟡 AGUARDAR,-1.34,📉 QUEDA,0,RSI 87 sobrecomprado | SMA9>SMA21 | Acima SMA50 | MACD+,,
2026-09-25 01:14:22,PETR4,49.26,60.0,1,🟡 AGUARDAR,-0.42,📉 QUEDA,0,RSI 60 alto (atenuado) | SMA9>SMA21 | Acima SMA50 | MACD- | Bônus tendência,,
2026-09-25 01:14:22,VALE3,70.66,19.3,1,🟡 AGUARDAR,6.83,📈 ALTA,0,RSI 19 sobrevendido | SMA9<SMA21 | Abaixo SMA50 | MACD- | LSTM +6.8%,,
2026-09-25 01:14:22,ITUB4,41.87,49.6,4,🟢 COMPRAR,2.33,📈 ALTA,0,RSI 50 neutro | SMA9>SMA21 | Acima SMA50 | MACD+ | LSTM +2.3%,,
2026-09-25 01:14:22,BBAS3,21.54,40.5,4,🟢 COMPRAR,5.27,📈 ALTA,0,RSI 40 baixo | SMA9>SMA21 | Acima SMA50 | MACD- | Bônus tendência | LSTM +5.3%,,
2026-09-25 01:14:22,WEGE3,50.74,41.8,3,🟢 COMPRAR,-0.2,📉 QUEDA,0,RSI 42 baixo | SMA9>SMA21 | Acima SMA50 | MACD- | Bônus tendência,,
2026-09-25 03:14:22,BTC,84216.01,61.3,-1,🟡 AGUARDAR,-0.47,📉 QUEDA,0,RSI 61 alto | SMA9>SMA21 | Abaixo SMA50 | MACD+ | Penalidade tendência,,
2026-09-25 03:14:22,ETH,2674.57,58.3,-1,🟡 AGUARDAR,-0.4,📉 QUEDA,0,RSI 58 alto | SMA9>SMA21 | Abaixo SMA50 | MACD+ | Penalidade tendência,,
2026-09-25 03:14:22,SOL,116.86,69.8,1,🟡 AGUARDAR,-1.52,📉 QUEDA,0,RSI 70 sobrecomprado | SMA9>SMA21 | Acima SMA50 | MACD+,,
2026-09-25 03:14:22,BNB,773.36,42.1,0,🟡 AGUARDAR,0.29,📈 ALTA,0,RSI 42 baixo | SMA9>SMA21 | Abaixo SMA50 | MACD-,,
2026-09-25 03:14:22,ADA,0.25,55.1,2,🟡 AGUARDAR,0.66,📈 ALTA,0,RSI 55 alto | SMA9>SMA21 | Acima SMA50 | MACD+,,
2026-09-25 03:14:22,PETR4,49.6,57.9,1,🟡 AGUARDAR,-0.87,📉 QUEDA,0,RSI 58 alto (atenuado) | SMA9>SMA21 | Acima SMA50 | MACD- | Bônus tendência,,
2026-09-25 03:14:22,VALE3,71.48,17.2,1,🟡 AGUARDAR,6.16,📈 ALTA,0,RSI 17 sobrevendido | SMA9<SMA21 | Abaixo SMA50 | MACD- | LSTM +6.2%,,
2026-09-25 03:14:22,ITUB4,42.37,58.4,2,🟡 AGUARDAR,1.25,📈 ALTA,0,RSI 58 alto | SMA9>SMA21 | Acima SMA50 | MACD+,,
2026-09-25 03:14:22,BBAS3,22.17,49.0,3,🟢 COMPRAR,2.63,📈 ALTA,0,RSI 49 neutro | SMA9>SMA21 | Acima SMA50 | MACD- | Bônus tendência | LSTM +2.6%,,
2026-09-25 03:14:22,WEGE3,51.16,51.8,2,🟢 COMPRAR (conf.),-1.07,📉 QUEDA,0,RSI 52 neutro | SMA9>SMA21 | Acima SMA50 | MACD- | Bônus tendência,,
2026-09-25 09:16:15,BTC,84608.95,57.9,0,🟡 AGUARDAR,-1.05,📉 QUEDA,0,RSI 58 alto | SMA9<SMA21 | Acima SMA50 | MACD+,,
2026-09-25 09:16:15,ETH,2694.27,56.3,0,🟡 AGUARDAR,-1.26,📉 QUEDA,0,RSI 56 alto | SMA9<SMA21 | Acima SMA50 | MACD+,,
2026-09-25 09:16:15,SOL,117.47,58.9,1,🟡 AGUARDAR,-2.14,📉 QUEDA,0,RSI 59 alto | SMA9>SMA21 | Acima SMA50 | MACD+ | LSTM -2.1%,,
2026-09-25 09:16:15,BNB,775.68,38.9,0,🟡 AGUARDAR,-0.53,📉 QUEDA,0,RSI 39 baixo | SMA9<SMA21 | Acima SMA50 | MACD-,,
2026-09-25 09:16:15,ADA,0.25,67.6,-1,🟡 AGUARDAR,-2.03,📉 QUEDA,0,RSI 68 sobrecomprado | SMA9>SMA21 | Acima SMA50 | MACD+ | Banda sup | LSTM -2.0%,,
2026-09-25 09:16:15,PETR4,49.26,60.0,1,🟡 AGUARDAR,-0.42,📉 QUEDA,0,RSI 60 alto (atenuado) | SMA9>SMA21 | Acima SMA50 | MACD- | Bônus tendência,,
2026-09-25 09:16:15,VALE3,70.66,19.3,1,🟡 AGUARDAR,6.83,📈 ALTA,0,RSI 19 sobrevendido | SMA9<SMA21 | Abaixo SMA50 | MACD- | LSTM +6.8%,,
2026-09-25 09:16:15,ITUB4,41.87,49.6,4,🟢 COMPRAR,2.33,📈 ALTA,0,RSI 50 neutro | SMA9>SMA21 | Acima SMA50 | MACD+ | LSTM +2.3%,,
2026-09-25 09:16:15,BBAS3,21.54,40.5,4,🟢 COMPRAR,5.27,📈 ALTA,0,RSI 40 baixo | SMA9>SMA21 | Acima SMA50 | MACD- | Bônus tendência | LSTM +5.3%,,
2026-09-25 09:16:15,WEGE3,50.74,41.8,3,🟢 COMPRAR,-0.2,📉 QUEDA,0,RSI 42 baixo | SMA9>SMA21 | Acima SMA50 | MACD- | Bônus tendência,,
2026-09-25 10:15:53,BTC,84477.74,54.5,1,🟡 AGUARDAR,-0.88,📉 QUEDA,0,RSI 54 neutro | SMA9<SMA21 | Acima SMA50 | MACD+,,
2026-09-25 10:15:53,ETH,2699.5,60.0,2,🟡 AGUARDAR,-1.35,📉 QUEDA,0,RSI 60 alto | SMA9>SMA21 | Acima SMA50 | MACD+,,
2026-09-25 10:15:53,SOL,118.06,62.5,1,🟡 AGUARDAR,-2.54,📉 QUEDA,0,RSI 63 alto | SMA9>SMA21 | Acima SMA50 | MACD+ | LSTM -2.5%,,
2026-09-25 10:15:53,BNB,775.51,40.9,0,🟡 AGUARDAR,-0.49,📉 QUEDA,0,RSI 41 baixo | SMA9<SMA21 | Acima SMA50 | MACD-,,
2026-09-25 10:15:53,ADA,0.25,60.4,2,🟡 AGUARDAR,-1.51,📉 QUEDA,0,RSI 60 alto | SMA9>SMA21 | Acima SMA50 | MACD+,,
2026-09-25 10:15:53,PETR4,49.26,60.0,1,🟡 AGUARDAR,-0.42,📉 QUEDA,0,RSI 60 alto (atenuado) | SMA9>SMA21 | Acima SMA50 | MACD- | Bônus tendência,,
2026-09-25 10:15:53,VALE3,70.66,19.3,1,🟡 AGUARDAR,6.83,📈 ALTA,0,RSI 19 sobrevendido | SMA9<SMA21 | Abaixo SMA50 | MACD- | LSTM +6.8%,,
2026-09-25 10:15:53,ITUB4,41.87,49.6,4,🟢 COMPRAR,2.33,📈 ALTA,0,RSI 50 neutro | SMA9>SMA21 | Acima SMA50 | MACD+ | LSTM +2.3%,,
2026-09-25 10:15:53,BBAS3,21.54,40.5,4,🟢 COMPRAR,5.27,📈 ALTA,0,RSI 40 baixo | SMA9>SMA21 | Acima SMA50 | MACD- | Bônus tendência | LSTM +5.3%,,
2026-09-25 10:15:53,WEGE3,50.74,41.8,3,🟢 COMPRAR,-0.2,📉 QUEDA,0,RSI 42 baixo | SMA9>SMA21 | Acima SMA50 | MACD- | Bônus tendência,,
2026-09-25 11:07:47,BTC,85058.59,70.1,0,🟡 AGUARDAR,-1.48,📉 QUEDA,0,RSI 70 sobrecomprado | SMA9>SMA21 | Acima SMA50 | MACD+ | Banda sup,,
2026-09-25 11:07:47,ETH,2731.79,76.4,-2,🟡 AGUARDAR,-2.31,📉 QUEDA,0,RSI 76 sobrecomprado | SMA9>SMA21 | Acima SMA50 | MACD+ | Banda sup | LSTM -2.3%,,
2026-09-25 11:07:47,SOL,121.15,82.3,1,🟡 AGUARDAR,-5.86,📉 QUEDA,0,RSI 82 sobrecomprado (atenuado) | SMA9>SMA21 | Acima SMA50 | MACD+ | Banda sup (força) | Bônus tendência | LSTM -5.9%,,
2026-09-25 11:07:47,BNB,779.52,59.1,0,🟡 AGUARDAR,-0.93,📉 QUEDA,0,RSI 59 alto | SMA9<SMA21 | Acima SMA50 | MACD+,,
2026-09-25 11:07:47,ADA,0.25,73.9,-1,🟡 AGUARDAR,-2.39,📉 QUEDA,0,RSI 74 sobrecomprado | SMA9>SMA21 | Acima SMA50 | MACD+ | Banda sup | LSTM -2.4%,,
2026-09-25 11:07:47,PETR4,49.26,60.0,1,🟡 AGUARDAR,-0.42,📉 QUEDA,0,RSI 60 alto (atenuado) | SMA9>SMA21 | Acima SMA50 | MACD- | Bônus tendência,,
2026-09-25 11:07:47,VALE3,70.66,19.3,1,🟡 AGUARDAR,6.83,📈 ALTA,0,RSI 19 sobrevendido | SMA9<SMA21 | Abaixo SMA50 | MACD- | LSTM +6.8%,,
2026-09-25 11:07:47,ITUB4,41.87,49.6,4,🟢 COMPRAR,2.33,📈 ALTA,0,RSI 50 neutro | SMA9>SMA21 | Acima SMA50 | MACD+ | LSTM +2.3%,,
2026-09-25 11:07:47,BBAS3,21.54,40.5,4,🟢 COMPRAR,5.27,📈 ALTA,0,RSI 40 baixo | SMA9>SMA21 | Acima SMA50 | MACD- | Bônus tendência | LSTM +5.3%,,
2026-09-25 11:07:47,WEGE3,50.74,41.8,3,🟢 COMPRAR,-0.2,📉 QUEDA,0,RSI 42 baixo | SMA9>SMA21 | Acima SMA50 | MACD- | Bônus tendência,,
2026-09-25 11:40:29,BTC,84837.86,65.7,1,🟡 AGUARDAR,-1.23,📉 QUEDA,0,RSI 66 sobrecomprado | SMA9>SMA21 | Acima SMA50 | MACD+,,
2026-09-25 11:40:29,ETH,2724.6,73.4,-1,🟡 AGUARDAR,-2.07,📉 QUEDA,0,RSI 73 sobrecomprado | SMA9>SMA21 | Acima SMA50 | MACD+ | Banda sup | LSTM -2.1%,,
2026-09-25 11:40:29,SOL,121.2,81.1,1,🟡 AGUARDAR,-5.99,📉 QUEDA,0,RSI 81 sobrecomprado (atenuado) | SMA9>SMA21 | Acima SMA50 | MACD+ | Banda sup (força) | Bônus tendência | LSTM -6.0%,,
2026-09-25 11:40:29,BNB,780.05,60.2,0,🟡 AGUARDAR,-0.98,📉 QUEDA,0,RSI 60 alto | SMA9<SMA21 | Acima SMA50 | MACD+,,
2026-09-25 11:40:29,ADA,0.26,76.0,-2,🟡 AGUARDAR,-2.92,📉 QUEDA,0,RSI 76 sobrecomprado | SMA9>SMA21 | Acima SMA50 | MACD+ | Banda sup | LSTM -2.9%,,
2026-09-25 11:40:29,PETR4,49.26,60.0,1,🟡 AGUARDAR,-0.42,📉 QUEDA,0,RSI 60 alto (atenuado) | SMA9>SMA21 | Acima SMA50 | MACD- | Bônus tendência,,
2026-09-25 11:40:29,VALE3,70.66,19.3,1,🟡 AGUARDAR,6.83,📈 ALTA,0,RSI 19 sobrevendido | SMA9<SMA21 | Abaixo SMA50 | MACD- | LSTM +6.8%,,
2026-09-25 11:40:29,ITUB4,41.87,49.6,4,🟢 COMPRAR,2.33,📈 ALTA,0,RSI 50 neutro | SMA9>SMA21 | Acima SMA50 | MACD+ | LSTM +2.3%,,
2026-09-25 11:40:29,BBAS3,21.54,40.5,4,🟢 COMPRAR,5.27,📈 ALTA,0,RSI 40 baixo | SMA9>SMA21 | Acima SMA50 | MACD- | Bônus tendência | LSTM +5.3%,,
2026-09-25 11:40:29,WEGE3,50.74,41.8,3,🟢 COMPRAR,-0.2,📉 QUEDA,0,RSI 42 baixo | SMA9>SMA21 | Acima SMA50 | MACD- | Bônus tendência,,
2026-09-25 12:09:50,BTC,84645.9,57.4,2,🟡 AGUARDAR,-0.98,📉 QUEDA,0,RSI 57 alto | SMA9>SMA21 | Acima SMA50 | MACD+,,
2026-09-25 12:09:50,ETH,2722.78,72.9,1,🟡 AGUARDAR,-1.85,📉 QUEDA,0,RSI 73 sobrecomprado | SMA9>SMA21 | Acima SMA50 | MACD+,,
2026-09-25 12:09:50,SOL,120.7,78.7,1,🟡 AGUARDAR,-5.02,📉 QUEDA,0,RSI 79 sobrecomprado (atenuado) | SMA9>SMA21 | Acima SMA50 | MACD+ | Banda sup (força) | Bônus tendência | LSTM -5.0%,,
2026-09-25 12:09:50,BNB,779.78,59.9,0,🟡 AGUARDAR,-0.86,📉 QUEDA,0,RSI 60 alto | SMA9<SMA21 | Acima SMA50 | MACD+,,
2026-09-25 12:09:50,ADA,0.26,74.9,2,🟢 COMPRAR (conf.),-2.53,📉 QUEDA,0,RSI 75 sobrecomprado (atenuado) | SMA9>SMA21 | Acima SMA50 | MACD+ | Bônus tendência | LSTM -2.5%,,
2026-09-25 12:09:50,PETR4,49.26,60.0,1,🟡 AGUARDAR,-0.42,📉 QUEDA,0,RSI 60 alto (atenuado) | SMA9>SMA21 | Acima SMA50 | MACD- | Bônus tendência,,
2026-09-25 12:09:50,VALE3,70.66,19.3,1,🟡 AGUARDAR,6.83,📈 ALTA,0,RSI 19 sobrevendido | SMA9<SMA21 | Abaixo SMA50 | MACD- | LSTM +6.8%,,
2026-09-25 12:09:50,ITUB4,41.87,49.6,4,🟢 COMPRAR,2.33,📈 ALTA,0,RSI 50 neutro | SMA9>SMA21 | Acima SMA50 | MACD+ | LSTM +2.3%,,
2026-09-25 12:09:50,BBAS3,21.54,40.5,4,🟢 COMPRAR,5.27,📈 ALTA,0,RSI 40 baixo | SMA9>SMA21 | Acima SMA50 | MACD- | Bônus tendência | LSTM +5.3%,,
2026-09-25 12:09:50,WEGE3,50.74,41.8,3,🟢 COMPRAR,-0.2,📉 QUEDA,0,RSI 42 baixo | SMA9>SMA21 | Acima SMA50 | MACD- | Bônus tendência,,
2026-09-25 12:43:19,BTC,84382.83,49.9,2,🟡 AGUARDAR,-0.69,📉 QUEDA,-1,RSI 50 neutro | SMA9>SMA21 | Acima SMA50 | MACD+ | Macro -1,,
2026-09-25 12:43:19,ETH,2713.38,67.3,0,🟡 AGUARDAR,-1.53,📉 QUEDA,-1,RSI 67 sobrecomprado | SMA9>SMA21 | Acima SMA50 | MACD+ | Macro -1,,
2026-09-25 12:43:19,SOL,120.62,77.8,0,🟡 AGUARDAR,-4.96,📉 QUEDA,-1,RSI 78 sobrecomprado (atenuado) | SMA9>SMA21 | Acima SMA50 | MACD+ | Banda sup (força) | Bônus tendência | Macro -1 | LSTM -5.0%,,
2026-09-25 12:43:19,BNB,778.07,54.7,0,🟡 AGUARDAR,-0.66,📉 QUEDA,-1,RSI 55 neutro | SMA9<SMA21 | Acima SMA50 | MACD+ | Macro -1,,
2026-09-25 12:43:19,ADA,0.26,76.3,0,🟡 AGUARDAR,-2.75,📉 QUEDA,-1,RSI 76 sobrecomprado (atenuado) | SMA9>SMA21 | Acima SMA50 | MACD+ | Banda sup (força) | Bônus tendência | Macro -1 | LSTM -2.8%,,
2026-09-25 12:43:19,PETR4,49.26,60.0,0,🟡 AGUARDAR,-0.42,📉 QUEDA,-1,RSI 60 alto (atenuado) | SMA9>SMA21 | Acima SMA50 | MACD- | Bônus tendência | Macro -1,,
2026-09-25 12:43:19,VALE3,70.66,19.3,0,🟡 AGUARDAR,6.83,📈 ALTA,-1,RSI 19 sobrevendido | SMA9<SMA21 | Abaixo SMA50 | MACD- | Macro -1 | LSTM +6.8%,,
2026-09-25 12:43:19,ITUB4,41.87,49.6,3,🟢 COMPRAR,2.33,📈 ALTA,-1,RSI 50 neutro | SMA9>SMA21 | Acima SMA50 | MACD+ | Macro -1 | LSTM +2.3%,,
2026-09-25 12:43:19,BBAS3,21.54,40.5,3,🟢 COMPRAR,5.27,📈 ALTA,-1,RSI 40 baixo | SMA9>SMA21 | Acima SMA50 | MACD- | Bônus tendência | Macro -1 | LSTM +5.3%,,
2026-09-25 12:43:19,WEGE3,50.74,41.8,2,🟢 COMPRAR (conf.),-0.2,📉 QUEDA,-1,RSI 42 baixo | SMA9>SMA21 | Acima SMA50 | MACD- | Bônus tendência | Macro -1,,
2026-09-25 13:12:22,BTC,84411.83,45.1,2,🟡 AGUARDAR,-0.7,📉 QUEDA,-1,RSI 45 neutro | SMA9>SMA21 | Acima SMA50 | MACD+ | Macro -1,,
2026-09-25 13:12:22,ETH,2714.16,66.8,0,🟡 AGUARDAR,-1.41,📉 QUEDA,-1,RSI 67 sobrecomprado | SMA9>SMA21 | Acima SMA50 | MACD+ | Macro -1,,
2026-09-25 13:12:22,SOL,120.63,76.6,0,🟡 AGUARDAR,-4.66,📉 QUEDA,-1,RSI 77 sobrecomprado (atenuado) | SMA9>SMA21 | Acima SMA50 | MACD+ | Bônus tendência | Macro -1 | LSTM -4.7%,,
2026-09-25 13:12:22,BNB,776.85,49.2,0,🟡 AGUARDAR,-0.45,📉 QUEDA,-1,RSI 49 neutro | SMA9<SMA21 | Acima SMA50 | MACD+ | Macro -1,,
2026-09-25 13:12:22,ADA,0.26,69.3,1,🟡 AGUARDAR,-2.05,📉 QUEDA,-1,RSI 69 sobrecomprado (atenuado) | SMA9>SMA21 | Acima SMA50 | MACD+ | Bônus tendência | Macro -1 | LSTM -2.0%,,
2026-09-25 13:12:22,PETR4,49.26,60.0,0,🟡 AGUARDAR,-0.42,📉 QUEDA,-1,RSI 60 alto (atenuado) | SMA9>SMA21 | Acima SMA50 | MACD- | Bônus tendência | Macro -1,,
2026-09-25 13:12:22,VALE3,70.66,19.3,0,🟡 AGUARDAR,6.83,📈 ALTA,-1,RSI 19 sobrevendido | SMA9<SMA21 | Abaixo SMA50 | MACD- | Macro -1 | LSTM +6.8%,,
2026-09-25 13:12:22,ITUB4,41.87,49.6,3,🟢 COMPRAR,2.33,📈 ALTA,-1,RSI 50 neutro | SMA9>SMA21 | Acima SMA50 | MACD+ | Macro -1 | LSTM +2.3%,,
2026-09-25 13:12:22,BBAS3,21.54,40.5,3,🟢 COMPRAR,5.27,📈 ALTA,-1,RSI 40 baixo | SMA9>SMA21 | Acima SMA50 | MACD- | Bônus tendência | Macro -1 | LSTM +5.3%,,
2026-09-25 13:12:22,WEGE3,50.74,41.8,2,🟢 COMPRAR (conf.),-0.2,📉 QUEDA,-1,RSI 42 baixo | SMA9>SMA21 | Acima SMA50 | MACD- | Bônus tendência | Macro -1,,
2026-09-25 13:29:59,BTC,84090.25,37.4,-3,🔴 VENDER,-0.33,📉 QUEDA,-1,RSI 37 baixo | SMA9<SMA21 | Abaixo SMA50 | MACD- | Macro -1,,
2026-09-25 13:29:59,ETH,2699.97,55.9,1,🟡 AGUARDAR,-0.92,📉 QUEDA,-1,RSI 56 alto | SMA9>SMA21 | Acima SMA50 | MACD+ | Macro -1,,
2026-09-25 13:29:59,SOL,119.79,67.2,1,🟡 AGUARDAR,-4.03,📉 QUEDA,-1,RSI 67 sobrecomprado (atenuado) | SMA9>SMA21 | Acima SMA50 | MACD+ | Bônus tendência | Macro -1 | LSTM -4.0%,,
2026-09-25 13:29:59,BNB,774.8,44.3,-1,🟡 AGUARDAR,-0.2,📉 QUEDA,-1,RSI 44 baixo | SMA9<SMA21 | Acima SMA50 | MACD- | Macro -1,,
2026-09-25 13:29:59,ADA,0.26,64.0,2,🟢 COMPRAR (conf.),-1.54,📉 QUEDA,-1,RSI 64 alto (atenuado) | SMA9>SMA21 | Acima SMA50 | MACD+ | Bônus tendência | Macro -1,,
2026-09-25 13:29:59,PETR4,48.73,59.4,0,🟡 AGUARDAR,0.5,📈 ALTA,-1,RSI 59 alto (atenuado) | SMA9>SMA21 | Acima SMA50 | MACD- | Bônus tendência | Macro -1,,
2026-09-25 13:29:59,VALE3,70.62,18.1,0,🟡 AGUARDAR,6.27,📈 ALTA,-1,RSI 18 sobrevendido | SMA9<SMA21 | Abaixo SMA50 | MACD- | Macro -1 | LSTM +6.3%,,
2026-09-25 13:29:59,ITUB4,42.01,50.8,0,🟡 AGUARDAR,1.63,📈 ALTA,-1,RSI 51 neutro | SMA9>SMA21 | Acima SMA50 | MACD- | Macro -1,,
2026-09-25 13:29:59,BBAS3,21.58,40.1,3,🟢 COMPRAR,4.0,📈 ALTA,-1,RSI 40 baixo | SMA9>SMA21 | Acima SMA50 | MACD- | Bônus tendência | Macro -1 | LSTM +4.0%,,
2026-09-25 13:29:59,WEGE3,50.74,43.5,2,🟢 COMPRAR (conf.),-0.2,📉 QUEDA,-1,RSI 44 baixo | SMA9>SMA21 | Acima SMA50 | MACD- | Bônus tendência | Macro -1,,
2026-09-25 13:46:51,BTC,83749.5,32.0,-1,🟡 AGUARDAR,0.06,📈 ALTA,-1,RSI 32 sobrevendido | SMA9<SMA21 | Abaixo SMA50 | MACD- | Banda inf | Macro -1,,
2026-09-25 13:46:51,ETH,2687.38,48.8,2,🟡 AGUARDAR,-0.48,📉 QUEDA,-1,RSI 49 neutro | SMA9>SMA21 | Acima SMA50 | MACD+ | Macro -1,,
2026-09-25 13:46:51,SOL,118.97,60.2,1,🟡 AGUARDAR,-3.38,📉 QUEDA,-1,RSI 60 alto (atenuado) | SMA9>SMA21 | Acima SMA50 | MACD+ | Bônus tendência | Macro -1 | LSTM -3.4%,,
2026-09-25 13:46:51,BNB,772.8,40.4,-3,🔴 VENDER,0.04,📈 ALTA,-1,RSI 40 baixo | SMA9<SMA21 | Abaixo SMA50 | MACD- | Macro -1,,
2026-09-25 13:46:51,ADA,0.25,60.1,2,🟢 COMPRAR (conf.),-1.14,📉 QUEDA,-1,RSI 60 alto (atenuado) | SMA9>SMA21 | Acima SMA50 | MACD+ | Bônus tendência | Macro -1,,
2026-09-25 13:46:51,PETR4,48.4,57.2,0,🟡 AGUARDAR,1.18,📈 ALTA,-1,RSI 57 alto (atenuado) | SMA9>SMA21 | Acima SMA50 | MACD- | Bônus tendência | Macro -1,,
2026-09-25 13:46:51,VALE3,70.31,17.7,0,🟡 AGUARDAR,6.74,📈 ALTA,-1,RSI 18 sobrevendido | SMA9<SMA21 | Abaixo SMA50 | MACD- | Macro -1 | LSTM +6.7%,,
2026-09-25 13:46:51,ITUB4,41.87,49.6,0,🟡 AGUARDAR,1.98,📈 ALTA,-1,RSI 50 neutro | SMA9>SMA21 | Acima SMA50 | MACD- | Macro -1,,
2026-09-25 13:46:51,BBAS3,21.46,38.9,3,🟢 COMPRAR,4.58,📈 ALTA,-1,RSI 39 baixo | SMA9>SMA21 | Acima SMA50 | MACD- | Bônus tendência | Macro -1 | LSTM +4.6%,,
2026-09-25 13:46:51,WEGE3,50.38,41.6,2,🟢 COMPRAR (conf.),0.51,📈 ALTA,-1,RSI 42 baixo | SMA9>SMA21 | Acima SMA50 | MACD- | Bônus tendência | Macro -1,,
2026-09-25 14:09:45,BTC,83479.62,28.2,-1,🟡 AGUARDAR,0.31,📈 ALTA,-1,RSI 28 sobrevendido | SMA9<SMA21 | Abaixo SMA50 | MACD- | Banda inf | Macro -1,,
2026-09-25 14:09:45,ETH,2686.45,48.7,2,🟡 AGUARDAR,-0.42,📉 QUEDA,-1,RSI 49 neutro | SMA9>SMA21 | Acima SMA50 | MACD+ | Macro -1,,
2026-09-25 14:09:45,SOL,119.35,63.0,1,🟡 AGUARDAR,-3.44,📉 QUEDA,-1,RSI 63 alto (atenuado) | SMA9>SMA21 | Acima SMA50 | MACD+ | Bônus tendência | Macro -1 | LSTM -3.4%,,
2026-09-25 14:09:45,BNB,771.72,36.5,-3,🔴 VENDER,0.15,📈 ALTA,-1,RSI 37 baixo | SMA9<SMA21 | Abaixo SMA50 | MACD- | Macro -1,,
2026-09-25 14:09:45,ADA,0.25,58.3,2,🟢 COMPRAR (conf.),-0.43,📉 QUEDA,-1,RSI 58 alto (atenuado) | SMA9>SMA21 | Acima SMA50 | MACD+ | Bônus tendência | Macro -1,,
2026-09-25 14:09:45,PETR4,48.13,55.5,0,🟡 AGUARDAR,1.75,📈 ALTA,-1,RSI 56 alto (atenuado) | SMA9>SMA21 | Acima SMA50 | MACD- | Bônus tendência | Macro -1,,
2026-09-25 14:09:45,VALE3,70.23,17.6,0,🟡 AGUARDAR,6.86,📈 ALTA,-1,RSI 18 sobrevendido | SMA9<SMA21 | Abaixo SMA50 | MACD- | Macro -1 | LSTM +6.9%,,
2026-09-25 14:09:45,ITUB4,41.97,50.4,0,🟡 AGUARDAR,1.74,📈 ALTA,-1,RSI 50 neutro | SMA9>SMA21 | Acima SMA50 | MACD- | Macro -1,,
2026-09-25 14:09:45,BBAS3,21.47,39.0,3,🟢 COMPRAR,4.53,📈 ALTA,-1,RSI 39 baixo | SMA9>SMA21 | Acima SMA50 | MACD- | Bônus tendência | Macro -1 | LSTM +4.5%,,
2026-09-25 14:09:45,WEGE3,50.99,45.3,1,🟡 AGUARDAR,-0.69,📉 QUEDA,-1,RSI 45 neutro | SMA9>SMA21 | Acima SMA50 | MACD- | Bônus tendência | Macro -1,,
2026-09-25 14:11:01,BTC,83453.39,28.2,-1,🟡 AGUARDAR,0.33,📈 ALTA,-1,RSI 28 sobrevendido | SMA9<SMA21 | Abaixo SMA50 | MACD- | Banda inf | Macro -1,,
2026-09-25 14:11:01,ETH,2684.86,47.9,2,🟡 AGUARDAR,-0.36,📉 QUEDA,-1,RSI 48 neutro | SMA9>SMA21 | Acima SMA50 | MACD+ | Macro -1,,
2026-09-25 14:11:01,SOL,119.35,62.8,1,🟡 AGUARDAR,-3.45,📉 QUEDA,-1,RSI 63 alto (atenuado) | SMA9>SMA21 | Acima SMA50 | MACD+ | Bônus tendência | Macro -1 | LSTM -3.5%,,
2026-09-25 14:11:01,BNB,771.39,35.5,-3,🔴 VENDER,0.2,📈 ALTA,-1,RSI 36 baixo | SMA9<SMA21 | Abaixo SMA50 | MACD- | Macro -1,,
2026-09-25 14:11:01,ADA,0.25,57.9,2,🟢 COMPRAR (conf.),-0.4,📉 QUEDA,-1,RSI 58 alto (atenuado) | SMA9>SMA21 | Acima SMA50 | MACD+ | Bônus tendência | Macro -1,,
2026-09-25 14:11:01,PETR4,48.15,55.7,0,🟡 AGUARDAR,1.71,📈 ALTA,-1,RSI 56 alto (atenuado) | SMA9>SMA21 | Acima SMA50 | MACD- | Bônus tendência | Macro -1,,
2026-09-25 14:11:01,VALE3,70.23,17.6,0,🟡 AGUARDAR,6.86,📈 ALTA,-1,RSI 18 sobrevendido | SMA9<SMA21 | Abaixo SMA50 | MACD- | Macro -1 | LSTM +6.9%,,
2026-09-25 14:11:01,ITUB4,41.94,50.2,0,🟡 AGUARDAR,1.8,📈 ALTA,-1,RSI 50 neutro | SMA9>SMA21 | Acima SMA50 | MACD- | Macro -1,,
2026-09-25 14:11:01,BBAS3,21.47,39.0,3,🟢 COMPRAR,4.53,📈 ALTA,-1,RSI 39 baixo | SMA9>SMA21 | Acima SMA50 | MACD- | Bônus tendência | Macro -1 | LSTM +4.5%,,
2026-09-25 14:11:01,WEGE3,50.89,44.6,2,🟢 COMPRAR (conf.),-0.5,📉 QUEDA,-1,RSI 45 baixo | SMA9>SMA21 | Acima SMA50 | MACD- | Bônus tendência | Macro -1,,
2026-09-25 14:29:14,BTC,83676.96,31.2,-2,🟡 AGUARDAR,0.08,📈 ALTA,-1,RSI 31 sobrevendido | SMA9<SMA21 | Abaixo SMA50 | MACD- | Macro -1,,
2026-09-25 14:29:14,ETH,2688.1,49.5,2,🟡 AGUARDAR,-0.47,📉 QUEDA,-1,RSI 49 neutro | SMA9>SMA21 | Acima SMA50 | MACD+ | Macro -1,,
2026-09-25 14:29:14,SOL,119.86,65.9,1,🟡 AGUARDAR,-3.85,📉 QUEDA,-1,RSI 66 sobrecomprado (atenuado) | SMA9>SMA21 | Acima SMA50 | MACD+ | Bônus tendência | Macro -1 | LSTM -3.9%,,
2026-09-25 14:29:14,BNB,773.43,39.1,-1,🟡 AGUARDAR,-0.05,📉 QUEDA,-1,RSI 39 baixo | SMA9<SMA21 | Acima SMA50 | MACD- | Macro -1,,
2026-09-25 14:29:14,ADA,0.25,55.8,2,🟢 COMPRAR (conf.),-0.16,📉 QUEDA,-1,RSI 56 alto (atenuado) | SMA9>SMA21 | Acima SMA50 | MACD+ | Bônus tendência | Macro -1,,
2026-09-25 14:29:14,PETR4,48.13,55.5,0,🟡 AGUARDAR,1.75,📈 ALTA,-1,RSI 56 alto (atenuado) | SMA9>SMA21 | Acima SMA50 | MACD- | Bônus tendência | Macro -1,,
2026-09-25 14:29:14,VALE3,70.06,17.3,0,🟡 AGUARDAR,7.12,📈 ALTA,-1,RSI 17 sobrevendido | SMA9<SMA21 | Abaixo SMA50 | MACD- | Macro -1 | LSTM +7.1%,,
2026-09-25 14:29:14,ITUB4,41.92,50.0,0,🟡 AGUARDAR,1.85,📈 ALTA,-1,RSI 50 neutro | SMA9>SMA21 | Acima SMA50 | MACD- | Macro -1,,
2026-09-25 14:29:14,BBAS3,21.42,38.6,3,🟢 COMPRAR,4.77,📈 ALTA,-1,RSI 39 baixo | SMA9>SMA21 | Acima SMA50 | MACD- | Bônus tendência | Macro -1 | LSTM +4.8%,,
2026-09-25 14:29:14,WEGE3,50.71,43.3,2,🟢 COMPRAR (conf.),-0.14,📉 QUEDA,-1,RSI 43 baixo | SMA9>SMA21 | Acima SMA50 | MACD- | Bônus tendência | Macro -1,,
2026-09-25 14:40:02,BTC,83860.7,32.9,-2,🟡 AGUARDAR,-0.12,📉 QUEDA,-1,RSI 33 sobrevendido | SMA9<SMA21 | Abaixo SMA50 | MACD- | Macro -1,,
2026-09-25 14:40:02,ETH,2694.55,52.8,2,🟡 AGUARDAR,-0.69,📉 QUEDA,-1,RSI 53 neutro | SMA9>SMA21 | Acima SMA50 | MACD+ | Macro -1,,
2026-09-25 14:40:02,SOL,120.22,67.2,1,🟡 AGUARDAR,-4.11,📉 QUEDA,-1,RSI 67 sobrecomprado (atenuado) | SMA9>SMA21 | Acima SMA50 | MACD+ | Bônus tendência | Macro -1 | LSTM -4.1%,,
2026-09-25 14:40:02,BNB,775.73,44.7,-1,🟡 AGUARDAR,-0.32,📉 QUEDA,-1,RSI 45 baixo | SMA9<SMA21 | Acima SMA50 | MACD- | Macro -1,,
2026-09-25 14:40:02,ADA,0.25,61.6,2,🟢 COMPRAR (conf.),-0.8,📉 QUEDA,-1,RSI 62 alto (atenuado) | SMA9>SMA21 | Acima SMA50 | MACD+ | Bônus tendência | Macro -1,,
2026-09-25 14:40:02,PETR4,48.06,55.1,0,🟡 AGUARDAR,1.9,📈 ALTA,-1,RSI 55 alto (atenuado) | SMA9>SMA21 | Acima SMA50 | MACD- | Bônus tendência | Macro -1,,
2026-09-25 14:40:02,VALE3,70.2,17.5,0,🟡 AGUARDAR,6.91,📈 ALTA,-1,RSI 18 sobrevendido | SMA9<SMA21 | Abaixo SMA50 | MACD- | Macro -1 | LSTM +6.9%,,
2026-09-25 14:40:02,ITUB4,42.09,51.4,0,🟡 AGUARDAR,1.45,📈 ALTA,-1,RSI 51 neutro | SMA9>SMA21 | Acima SMA50 | MACD- | Macro -1,,
2026-09-25 14:40:02,BBAS3,21.35,38.0,3,🟢 COMPRAR,5.11,📈 ALTA,-1,RSI 38 baixo | SMA9>SMA21 | Acima SMA50 | MACD- | Bônus tendência | Macro -1 | LSTM +5.1%,,
2026-09-25 14:40:02,WEGE3,50.6,42.7,2,🟢 COMPRAR (conf.),0.08,📈 ALTA,-1,RSI 43 baixo | SMA9>SMA21 | Acima SMA50 | MACD- | Bônus tendência | Macro -1,,
2026-09-25 14:46:09,BTC,83685.27,30.3,-2,🟡 AGUARDAR,0.08,📈 ALTA,-1,RSI 30 sobrevendido | SMA9<SMA21 | Abaixo SMA50 | MACD- | Macro -1,,
2026-09-25 14:46:09,ETH,2685.73,48.3,2,🟡 AGUARDAR,-0.38,📉 QUEDA,-1,RSI 48 neutro | SMA9>SMA21 | Acima SMA50 | MACD+ | Macro -1,,
2026-09-25 14:46:09,SOL,119.69,65.0,1,🟡 AGUARDAR,-3.71,📉 QUEDA,-1,RSI 65 sobrecomprado (atenuado) | SMA9>SMA21 | Acima SMA50 | MACD+ | Bônus tendência | Macro -1 | LSTM -3.7%,,
2026-09-25 14:46:09,BNB,773.7,39.4,-1,🟡 AGUARDAR,-0.08,📉 QUEDA,-1,RSI 39 baixo | SMA9<SMA21 | Acima SMA50 | MACD- | Macro -1,,
2026-09-25 14:46:09,ADA,0.25,57.5,2,🟢 COMPRAR (conf.),-0.33,📉 QUEDA,-1,RSI 57 alto (atenuado) | SMA9>SMA21 | Acima SMA50 | MACD+ | Bônus tendência | Macro -1,,
2026-09-25 14:46:09,PETR4,48.0,54.8,2,🟢 COMPRAR (conf.),2.03,📈 ALTA,-1,RSI 55 neutro | SMA9>SMA21 | Acima SMA50 | MACD- | Bônus tendência | Macro -1 | LSTM +2.0%,,
2026-09-25 14:46:09,VALE3,70.07,17.3,0,🟡 AGUARDAR,7.1,📈 ALTA,-1,RSI 17 sobrevendido | SMA9<SMA21 | Abaixo SMA50 | MACD- | Macro -1 | LSTM +7.1%,,
2026-09-25 14:46:09,ITUB4,42.07,51.3,0,🟡 AGUARDAR,1.49,📈 ALTA,-1,RSI 51 neutro | SMA9>SMA21 | Acima SMA50 | MACD- | Macro -1,,
2026-09-25 14:46:09,BBAS3,21.29,37.6,3,🟢 COMPRAR,5.41,📈 ALTA,-1,RSI 38 baixo | SMA9>SMA21 | Acima SMA50 | MACD- | Bônus tendência | Macro -1 | LSTM +5.4%,,
2026-09-25 14:46:09,WEGE3,50.47,42.0,2,🟢 COMPRAR (conf.),0.33,📈 ALTA,-1,RSI 42 baixo | SMA9>SMA21 | Acima SMA50 | MACD- | Bônus tendência | Macro -1,,
2026-09-25 14:48:03,BTC,83760.72,31.8,-2,🟡 AGUARDAR,-0.01,📉 QUEDA,-1,RSI 32 sobrevendido | SMA9<SMA21 | Abaixo SMA50 | MACD- | Macro -1,,
2026-09-25 14:48:03,ETH,2688.9,49.9,2,🟡 AGUARDAR,-0.5,📉 QUEDA,-1,RSI 50 neutro | SMA9>SMA21 | Acima SMA50 | MACD+ | Macro -1,,
2026-09-25 14:48:03,SOL,119.9,66.1,1,🟡 AGUARDAR,-3.88,📉 QUEDA,-1,RSI 66 sobrecomprado (atenuado) | SMA9>SMA21 | Acima SMA50 | MACD+ | Bônus tendência | Macro -1 | LSTM -3.9%,,
2026-09-25 14:48:03,BNB,774.46,41.4,-1,🟡 AGUARDAR,-0.17,📉 QUEDA,-1,RSI 41 baixo | SMA9<SMA21 | Acima SMA50 | MACD- | Macro -1,,
2026-09-25 14:48:03,ADA,0.25,58.1,2,🟢 COMPRAR (conf.),-0.42,📉 QUEDA,-1,RSI 58 alto (atenuado) | SMA9>SMA21 | Acima SMA50 | MACD+ | Bônus tendência | Macro -1,,
2026-09-25 14:48:03,PETR4,47.99,54.7,2,🟢 COMPRAR (conf.),2.05,📈 ALTA,-1,RSI 55 neutro | SMA9>SMA21 | Acima SMA50 | MACD- | Bônus tendência | Macro -1 | LSTM +2.0%,,
2026-09-25 14:48:03,VALE3,70.06,17.3,0,🟡 AGUARDAR,7.12,📈 ALTA,-1,RSI 17 sobrevendido | SMA9<SMA21 | Abaixo SMA50 | MACD- | Macro -1 | LSTM +7.1%,,
2026-09-25 14:48:03,ITUB4,42.08,51.4,0,🟡 AGUARDAR,1.47,📈 ALTA,-1,RSI 51 neutro | SMA9>SMA21 | Acima SMA50 | MACD- | Macro -1,,
2026-09-25 14:48:03,BBAS3,21.36,38.1,3,🟢 COMPRAR,5.07,📈 ALTA,-1,RSI 38 baixo | SMA9>SMA21 | Acima SMA50 | MACD- | Bônus tendência | Macro -1 | LSTM +5.1%,,
2026-09-25 14:48:03,WEGE3,50.45,41.9,2,🟢 COMPRAR (conf.),0.37,📈 ALTA,-1,RSI 42 baixo | SMA9>SMA21 | Acima SMA50 | MACD- | Bônus tendência | Macro -1,,
2026-09-25 15:07:18,BTC,83771.45,39.7,-3,🔴 VENDER,-0.07,📉 QUEDA,-1,RSI 40 baixo | SMA9<SMA21 | Abaixo SMA50 | MACD- | Macro -1,,
2026-09-25 15:07:18,ETH,2692.44,59.6,1,🟡 AGUARDAR,-0.59,📉 QUEDA,-1,RSI 60 alto | SMA9>SMA21 | Acima SMA50 | MACD+ | Macro -1,,
2026-09-25 15:07:18,SOL,120.38,72.3,1,🟡 AGUARDAR,-3.96,📉 QUEDA,-1,RSI 72 sobrecomprado (atenuado) | SMA9>SMA21 | Acima SMA50 | MACD+ | Bônus tendência | Macro -1 | LSTM -4.0%,,
2026-09-25 15:07:18,BNB,774.9,52.6,0,🟡 AGUARDAR,-0.2,📉 QUEDA,-1,RSI 53 neutro | SMA9>SMA21 | Acima SMA50 | MACD- | Macro -1,,
2026-09-25 15:07:18,ADA,0.26,76.0,1,🟡 AGUARDAR,-0.87,📉 QUEDA,-1,RSI 76 sobrecomprado (atenuado) | SMA9>SMA21 | Acima SMA50 | MACD+ | Bônus tendência | Macro -1,,
2026-09-25 15:07:18,PETR4,48.13,55.5,0,🟡 AGUARDAR,1.75,📈 ALTA,-1,RSI 56 alto (atenuado) | SMA9>SMA21 | Acima SMA50 | MACD- | Bônus tendência | Macro -1,,
2026-09-25 15:07:18,VALE3,70.27,17.6,0,🟡 AGUARDAR,6.8,📈 ALTA,-1,RSI 18 sobrevendido | SMA9<SMA21 | Abaixo SMA50 | MACD- | Macro -1 | LSTM +6.8%,,
2026-09-25 15:07:18,ITUB4,41.99,50.6,0,🟡 AGUARDAR,1.69,📈 ALTA,-1,RSI 51 neutro | SMA9>SMA21 | Acima SMA50 | MACD- | Macro -1,,
2026-09-25 15:07:18,BBAS3,21.43,38.7,3,🟢 COMPRAR,4.72,📈 ALTA,-1,RSI 39 baixo | SMA9>SMA21 | Acima SMA50 | MACD- | Bônus tendência | Macro -1 | LSTM +4.7%,,
2026-09-25 15:07:18,WEGE3,50.64,42.9,2,🟢 COMPRAR (conf.),-0.0,📉 QUEDA,-1,RSI 43 baixo | SMA9>SMA21 | Acima SMA50 | MACD- | Bônus tendência | Macro -1,,
2026-09-25 15:11:04,BTC,83849.97,41.2,-3,🔴 VENDER,-0.15,📉 QUEDA,-1,RSI 41 baixo | SMA9<SMA21 | Abaixo SMA50 | MACD- | Macro -1,,
2026-09-25 15:11:04,ETH,2693.09,60.5,1,🟡 AGUARDAR,-0.61,📉 QUEDA,-1,RSI 60 alto | SMA9>SMA21 | Acima SMA50 | MACD+ | Macro -1,,
2026-09-25 15:11:04,SOL,120.59,73.1,1,🟡 AGUARDAR,-4.11,📉 QUEDA,-1,RSI 73 sobrecomprado (atenuado) | SMA9>SMA21 | Acima SMA50 | MACD+ | Bônus tendência | Macro -1 | LSTM -4.1%,,
2026-09-25 15:11:04,BNB,775.23,53.4,0,🟡 AGUARDAR,-0.23,📉 QUEDA,-1,RSI 53 neutro | SMA9>SMA21 | Acima SMA50 | MACD- | Macro -1,,
2026-09-25 15:11:04,ADA,0.26,77.4,1,🟡 AGUARDAR,-1.05,📉 QUEDA,-1,RSI 77 sobrecomprado (atenuado) | SMA9>SMA21 | Acima SMA50 | MACD+ | Bônus tendência | Macro -1,,
2026-09-25 15:11:04,PETR4,48.18,55.8,0,🟡 AGUARDAR,1.65,📈 ALTA,-1,RSI 56 alto (atenuado) | SMA9>SMA21 | Acima SMA50 | MACD- | Bônus tendência | Macro -1,,
2026-09-25 15:11:04,VALE3,70.4,17.8,0,🟡 AGUARDAR,6.6,📈 ALTA,-1,RSI 18 sobrevendido | SMA9<SMA21 | Abaixo SMA50 | MACD- | Macro -1 | LSTM +6.6%,,
2026-09-25 15:11:04,ITUB4,42.09,51.4,0,🟡 AGUARDAR,1.45,📈 ALTA,-1,RSI 51 neutro | SMA9>SMA21 | Acima SMA50 | MACD- | Macro -1,,
2026-09-25 15:11:04,BBAS3,21.48,39.1,3,🟢 COMPRAR,4.48,📈 ALTA,-1,RSI 39 baixo | SMA9>SMA21 | Acima SMA50 | MACD- | Bônus tendência | Macro -1 | LSTM +4.5%,,
2026-09-25 15:11:04,WEGE3,50.71,43.3,2,🟢 COMPRAR (conf.),-0.14,📉 QUEDA,-1,RSI 43 baixo | SMA9>SMA21 | Acima SMA50 | MACD- | Bônus tendência | Macro -1,,
2026-09-25 15:28:24,BTC,83746.47,39.1,-3,🔴 VENDER,-0.03,📉 QUEDA,-1,RSI 39 baixo | SMA9<SMA21 | Abaixo SMA50 | MACD- | Macro -1,,
2026-09-25 15:28:24,ETH,2688.46,57.2,1,🟡 AGUARDAR,-0.45,📉 QUEDA,-1,RSI 57 alto | SMA9>SMA21 | Acima SMA50 | MACD+ | Macro -1,,
2026-09-25 15:28:24,SOL,120.26,72.0,1,🟡 AGUARDAR,-3.86,📉 QUEDA,-1,RSI 72 sobrecomprado (atenuado) | SMA9>SMA21 | Acima SMA50 | MACD+ | Bônus tendência | Macro -1 | LSTM -3.9%,,
2026-09-25 15:28:24,BNB,774.2,50.7,0,🟡 AGUARDAR,-0.11,📉 QUEDA,-1,RSI 51 neutro | SMA9>SMA21 | Acima SMA50 | MACD- | Macro -1,,
2026-09-25 15:28:24,ADA,0.25,71.6,2,🟢 COMPRAR (conf.),-0.49,📉 QUEDA,-1,RSI 72 sobrecomprado (atenuado) | SMA9>SMA21 | Acima SMA50 | MACD+ | Bônus tendência | Macro -1,,
2026-09-25 15:28:24,PETR4,48.49,57.8,0,🟡 AGUARDAR,1.0,📈 ALTA,-1,RSI 58 alto (atenuado) | SMA9>SMA21 | Acima SMA50 | MACD- | Bônus tendência | Macro -1,,
2026-09-25 15:28:24,VALE3,70.47,17.9,0,🟡 AGUARDAR,6.5,📈 ALTA,-1,RSI 18 sobrevendido | SMA9<SMA21 | Abaixo SMA50 | MACD- | Macro -1 | LSTM +6.5%,,
2026-09-25 15:28:24,ITUB4,42.09,51.4,0,🟡 AGUARDAR,1.45,📈 ALTA,-1,RSI 51 neutro | SMA9>SMA21 | Acima SMA50 | MACD- | Macro -1,,
2026-09-25 15:28:24,BBAS3,21.58,40.1,3,🟢 COMPRAR,3.99,📈 ALTA,-1,RSI 40 baixo | SMA9>SMA21 | Acima SMA50 | MACD- | Bônus tendência | Macro -1 | LSTM +4.0%,,
2026-09-25 15:28:24,WEGE3,50.63,42.9,2,🟢 COMPRAR (conf.),0.02,📈 ALTA,-1,RSI 43 baixo | SMA9>SMA21 | Acima SMA50 | MACD- | Bônus tendência | Macro -1,,
2026-09-25 15:43:41,BTC,83550.68,36.0,-2,🟡 AGUARDAR,0.18,📈 ALTA,-1,RSI 36 baixo | SMA9<SMA21 | Abaixo SMA50 | MACD- | Banda inf | Macro -1,,
2026-09-25 15:43:41,ETH,2676.66,50.4,-2,🟡 AGUARDAR,-0.05,📉 QUEDA,-1,RSI 50 neutro | SMA9>SMA21 | Abaixo SMA50 | MACD- | Macro -1,,
2026-09-25 15:43:41,SOL,119.62,66.3,1,🟡 AGUARDAR,-3.37,📉 QUEDA,-1,RSI 66 sobrecomprado (atenuado) | SMA9>SMA21 | Acima SMA50 | MACD+ | Bônus tendência | Macro -1 | LSTM -3.4%,,
2026-09-25 15:43:41,BNB,772.96,47.9,0,🟡 AGUARDAR,0.02,📈 ALTA,-1,RSI 48 neutro | SMA9>SMA21 | Acima SMA50 | MACD- | Macro -1,,
2026-09-25 15:43:41,ADA,0.25,66.3,2,🟢 COMPRAR (conf.),-0.04,📉 QUEDA,-1,RSI 66 sobrecomprado (atenuado) | SMA9>SMA21 | Acima SMA50 | MACD+ | Bônus tendência | Macro -1,,
2026-09-25 15:43:41,PETR4,48.51,57.9,0,🟡 AGUARDAR,0.96,📈 ALTA,-1,RSI 58 alto (atenuado) | SMA9>SMA21 | Acima SMA50 | MACD- | Bônus tendência | Macro -1,,
2026-09-25 15:43:41,VALE3,70.58,18.0,0,🟡 AGUARDAR,6.33,📈 ALTA,-1,RSI 18 sobrevendido | SMA9<SMA21 | Abaixo SMA50 | MACD- | Macro -1 | LSTM +6.3%,,
2026-09-25 15:43:41,ITUB4,42.14,51.8,0,🟡 AGUARDAR,1.33,📈 ALTA,-1,RSI 52 neutro | SMA9>SMA21 | Acima SMA50 | MACD- | Macro -1,,
2026-09-25 15:43:41,BBAS3,21.64,40.8,3,🟢 COMPRAR,3.71,📈 ALTA,-1,RSI 41 baixo | SMA9>SMA21 | Acima SMA50 | MACD- | Bônus tendência | Macro -1 | LSTM +3.7%,,
2026-09-25 15:43:41,WEGE3,50.7,43.3,2,🟢 COMPRAR (conf.),-0.12,📉 QUEDA,-1,RSI 43 baixo | SMA9>SMA21 | Acima SMA50 | MACD- | Bônus tendência | Macro -1,,
2026-09-25 15:54:24,BTC,83529.03,36.3,-2,🟡 AGUARDAR,0.2,📈 ALTA,-1,RSI 36 baixo | SMA9<SMA21 | Abaixo SMA50 | MACD- | Banda inf | Macro -1,,
2026-09-25 15:54:24,ETH,2673.3,48.7,-2,🟡 AGUARDAR,0.07,📈 ALTA,-1,RSI 49 neutro | SMA9>SMA21 | Abaixo SMA50 | MACD- | Macro -1,,
2026-09-25 15:54:24,SOL,119.43,64.6,1,🟡 AGUARDAR,-3.24,📉 QUEDA,-1,RSI 65 alto (atenuado) | SMA9>SMA21 | Acima SMA50 | MACD+ | Bônus tendência | Macro -1 | LSTM -3.2%,,
2026-09-25 15:54:24,BNB,772.14,46.2,-4,🔴 VENDER,0.12,📈 ALTA,-1,RSI 46 neutro | SMA9<SMA21 | Abaixo SMA50 | MACD- | Macro -1,,
2026-09-25 15:54:24,ADA,0.25,62.9,2,🟢 COMPRAR (conf.),0.25,📈 ALTA,-1,RSI 63 alto (atenuado) | SMA9>SMA21 | Acima SMA50 | MACD+ | Bônus tendência | Macro -1,,
2026-09-25 15:54:24,PETR4,48.49,57.8,0,🟡 AGUARDAR,1.0,📈 ALTA,-1,RSI 58 alto (atenuado) | SMA9>SMA21 | Acima SMA50 | MACD- | Bônus tendência | Macro -1,,
2026-09-25 15:54:24,VALE3,70.54,18.0,0,🟡 AGUARDAR,6.39,📈 ALTA,-1,RSI 18 sobrevendido | SMA9<SMA21 | Abaixo SMA50 | MACD- | Macro -1 | LSTM +6.4%,,
2026-09-25 15:54:24,ITUB4,42.16,52.0,0,🟡 AGUARDAR,1.27,📈 ALTA,-1,RSI 52 neutro | SMA9>SMA21 | Acima SMA50 | MACD- | Macro -1,,
2026-09-25 15:54:24,BBAS3,21.64,40.8,3,🟢 COMPRAR,3.71,📈 ALTA,-1,RSI 41 baixo | SMA9>SMA21 | Acima SMA50 | MACD- | Bônus tendência | Macro -1 | LSTM +3.7%,,
2026-09-25 15:54:24,WEGE3,50.59,42.7,2,🟢 COMPRAR (conf.),0.1,📈 ALTA,-1,RSI 43 baixo | SMA9>SMA21 | Acima SMA50 | MACD- | Bônus tendência | Macro -1,,
2026-09-25 16:11:04,BTC,83941.49,43.9,-3,🔴 VENDER,-0.33,📉 QUEDA,-1,RSI 44 baixo | SMA9<SMA21 | Abaixo SMA50 | MACD- | Macro -1,,
2026-09-25 16:11:04,ETH,2692.32,57.5,-1,🟡 AGUARDAR,-0.61,📉 QUEDA,-1,RSI 57 alto | SMA9>SMA21 | Acima SMA50 | MACD- | Macro -1,,
2026-09-25 16:11:04,SOL,120.68,72.6,1,🟡 AGUARDAR,-3.94,📉 QUEDA,-1,RSI 73 sobrecomprado (atenuado) | SMA9>SMA21 | Acima SMA50 | MACD+ | Bônus tendência | Macro -1 | LSTM -3.9%,,
2026-09-25 16:11:04,BNB,775.77,57.1,0,🟡 AGUARDAR,-0.31,📉 QUEDA,-1,RSI 57 alto (atenuado) | SMA9>SMA21 | Acima SMA50 | MACD- | Bônus tendência | Macro -1,,
2026-09-25 16:11:04,ADA,0.25,70.9,2,🟢 COMPRAR (conf.),-0.48,📉 QUEDA,-1,RSI 71 sobrecomprado (atenuado) | SMA9>SMA21 | Acima SMA50 | MACD+ | Bônus tendência | Macro -1,,
2026-09-25 16:11:04,PETR4,48.33,56.8,0,🟡 AGUARDAR,1.33,📈 ALTA,-1,RSI 57 alto (atenuado) | SMA9>SMA21 | Acima SMA50 | MACD- | Bônus tendência | Macro -1,,
2026-09-25 16:11:04,VALE3,70.63,18.1,0,🟡 AGUARDAR,6.25,📈 ALTA,-1,RSI 18 sobrevendido | SMA9<SMA21 | Abaixo SMA50 | MACD- | Macro -1 | LSTM +6.2%,,
2026-09-25 16:11:04,ITUB4,42.17,52.1,0,🟡 AGUARDAR,1.25,📈 ALTA,-1,RSI 52 neutro | SMA9>SMA21 | Acima SMA50 | MACD- | Macro -1,,
2026-09-25 16:11:04,BBAS3,21.56,39.8,3,🟢 COMPRAR,4.09,📈 ALTA,-1,RSI 40 baixo | SMA9>SMA21 | Acima SMA50 | MACD- | Bônus tendência | Macro -1 | LSTM +4.1%,,
2026-09-25 16:11:04,WEGE3,50.56,42.5,2,🟢 COMPRAR (conf.),0.15,📈 ALTA,-1,RSI 43 baixo | SMA9>SMA21 | Acima SMA50 | MACD- | Bônus tendência | Macro -1,,
2026-09-25 16:29:28,BTC,83979.15,44.7,-3,🔴 VENDER,-0.37,📉 QUEDA,-1,RSI 45 baixo | SMA9<SMA21 | Abaixo SMA50 | MACD- | Macro -1,,
2026-09-25 16:29:28,ETH,2692.31,57.6,-1,🟡 AGUARDAR,-0.61,📉 QUEDA,-1,RSI 58 alto | SMA9>SMA21 | Acima SMA50 | MACD- | Macro -1,,
2026-09-25 16:29:28,SOL,121.27,74.5,1,🟡 AGUARDAR,-4.72,📉 QUEDA,-1,RSI 74 sobrecomprado (atenuado) | SMA9>SMA21 | Acima SMA50 | MACD+ | Bônus tendência | Macro -1 | LSTM -4.7%,,
2026-09-25 16:29:28,BNB,774.17,53.6,1,🟡 AGUARDAR,-0.13,📉 QUEDA,-1,RSI 54 neutro | SMA9>SMA21 | Acima SMA50 | MACD- | Bônus tendência | Macro -1,,
2026-09-25 16:29:28,ADA,0.26,74.5,2,🟢 COMPRAR (conf.),-1.17,📉 QUEDA,-1,RSI 74 sobrecomprado (atenuado) | SMA9>SMA21 | Acima SMA50 | MACD+ | Bônus tendência | Macro -1,,
2026-09-25 16:29:28,PETR4,48.12,55.5,0,🟡 AGUARDAR,1.77,📈 ALTA,-1,RSI 55 alto (atenuado) | SMA9>SMA21 | Acima SMA50 | MACD- | Bônus tendência | Macro -1,,
2026-09-25 16:29:28,VALE3,71.04,20.6,0,🟡 AGUARDAR,5.64,📈 ALTA,-1,RSI 21 sobrevendido | SMA9<SMA21 | Abaixo SMA50 | MACD- | Macro -1 | LSTM +5.6%,,
2026-09-25 16:29:28,ITUB4,42.31,53.2,0,🟡 AGUARDAR,0.91,📈 ALTA,-1,RSI 53 neutro | SMA9>SMA21 | Acima SMA50 | MACD- | Macro -1,,
2026-09-25 16:29:28,BBAS3,21.73,41.9,3,🟢 COMPRAR,3.28,📈 ALTA,-1,RSI 42 baixo | SMA9>SMA21 | Acima SMA50 | MACD- | Bônus tendência | Macro -1 | LSTM +3.3%,,
2026-09-25 16:29:28,WEGE3,50.79,43.9,2,🟢 COMPRAR (conf.),-0.3,📉 QUEDA,-1,RSI 44 baixo | SMA9>SMA21 | Acima SMA50 | MACD- | Bônus tendência | Macro -1,,
2026-09-25 16:47:04,BTC,83867.53,41.8,-3,🔴 VENDER,-0.25,📉 QUEDA,-1,RSI 42 baixo | SMA9<SMA21 | Abaixo SMA50 | MACD- | Macro -1,,
2026-09-25 16:47:04,ETH,2687.4,55.2,-1,🟡 AGUARDAR,-0.45,📉 QUEDA,-1,RSI 55 alto | SMA9>SMA21 | Acima SMA50 | MACD- | Macro -1,,
2026-09-25 16:47:04,SOL,121.55,75.3,0,🟡 AGUARDAR,-5.08,📉 QUEDA,-1,RSI 75 sobrecomprado (atenuado) | SMA9>SMA21 | Acima SMA50 | MACD+ | Bônus tendência | Macro -1 | LSTM -5.1%,,
2026-09-25 16:47:04,BNB,774.31,53.9,1,🟡 AGUARDAR,-0.15,📉 QUEDA,-1,RSI 54 neutro | SMA9>SMA21 | Acima SMA50 | MACD- | Bônus tendência | Macro -1,,
2026-09-25 16:47:04,ADA,0.26,73.2,2,🟢 COMPRAR (conf.),-0.86,📉 QUEDA,-1,RSI 73 sobrecomprado (atenuado) | SMA9>SMA21 | Acima SMA50 | MACD+ | Bônus tendência | Macro -1,,
2026-09-25 16:47:04,PETR4,48.11,55.4,0,🟡 AGUARDAR,1.79,📈 ALTA,-1,RSI 55 alto (atenuado) | SMA9>SMA21 | Acima SMA50 | MACD- | Bônus tendência | Macro -1,,
2026-09-25 16:47:04,VALE3,71.15,21.2,0,🟡 AGUARDAR,5.48,📈 ALTA,-1,RSI 21 sobrevendido | SMA9<SMA21 | Abaixo SMA50 | MACD- | Macro -1 | LSTM +5.5%,,
2026-09-25 16:47:04,ITUB4,42.33,53.3,0,🟡 AGUARDAR,0.87,📈 ALTA,-1,RSI 53 neutro | SMA9>SMA21 | Acima SMA50 | MACD- | Macro -1,,
2026-09-25 16:47:04,BBAS3,21.69,41.4,3,🟢 COMPRAR,3.47,📈 ALTA,-1,RSI 41 baixo | SMA9>SMA21 | Acima SMA50 | MACD- | Bônus tendência | Macro -1 | LSTM +3.5%,,
2026-09-25 16:47:04,WEGE3,50.83,44.2,2,🟢 COMPRAR (conf.),-0.38,📉 QUEDA,-1,RSI 44 baixo | SMA9>SMA21 | Acima SMA50 | MACD- | Bônus tendência | Macro -1,,
2026-09-25 17:09:22,BTC,83920.22,44.0,-3,🔴 VENDER,-0.39,📉 QUEDA,-1,RSI 44 baixo | SMA9<SMA21 | Abaixo SMA50 | MACD- | Macro -1,,
2026-09-25 17:09:22,ETH,2689.96,55.3,0,🟡 AGUARDAR,-0.6,📉 QUEDA,-1,RSI 55 alto (atenuado) | SMA9>SMA21 | Acima SMA50 | MACD- | Bônus tendência | Macro -1,,
2026-09-25 17:09:22,SOL,121.46,79.4,0,🟡 AGUARDAR,-4.71,📉 QUEDA,-1,RSI 79 sobrecomprado (atenuado) | SMA9>SMA21 | Acima SMA50 | MACD+ | Bônus tendência | Macro -1 | LSTM -4.7%,,
2026-09-25 17:09:22,BNB,773.84,51.7,1,🟡 AGUARDAR,-0.15,📉 QUEDA,-1,RSI 52 neutro | SMA9>SMA21 | Acima SMA50 | MACD- | Bônus tendência | Macro -1,,
2026-09-25 17:09:22,ADA,0.26,72.4,2,🟢 COMPRAR (conf.),-0.77,📉 QUEDA,-1,RSI 72 sobrecomprado (atenuado) | SMA9>SMA21 | Acima SMA50 | MACD+ | Bônus tendência | Macro -1,,
2026-09-25 17:09:22,PETR4,48.23,56.1,0,🟡 AGUARDAR,1.54,📈 ALTA,-1,RSI 56 alto (atenuado) | SMA9>SMA21 | Acima SMA50 | MACD- | Bônus tendência | Macro -1,,
2026-09-25 17:09:22,VALE3,70.7,18.4,0,🟡 AGUARDAR,6.15,📈 ALTA,-1,RSI 18 sobrevendido | SMA9<SMA21 | Abaixo SMA50 | MACD- | Macro -1 | LSTM +6.2%,,
2026-09-25 17:09:22,ITUB4,42.18,52.2,0,🟡 AGUARDAR,1.22,📈 ALTA,-1,RSI 52 neutro | SMA9>SMA21 | Acima SMA50 | MACD- | Macro -1,,
2026-09-25 17:09:22,BBAS3,21.65,41.0,3,🟢 COMPRAR,3.66,📈 ALTA,-1,RSI 41 baixo | SMA9>SMA21 | Acima SMA50 | MACD- | Bônus tendência | Macro -1 | LSTM +3.7%,,
2026-09-25 17:09:22,WEGE3,50.7,43.3,2,🟢 COMPRAR (conf.),-0.12,📉 QUEDA,-1,RSI 43 baixo | SMA9>SMA21 | Acima SMA50 | MACD- | Bônus tendência | Macro -1,,
2026-09-25 17:26:47,BTC,83825.45,41.7,-3,🔴 VENDER,-0.28,📉 QUEDA,-1,RSI 42 baixo | SMA9<SMA21 | Abaixo SMA50 | MACD- | Macro -1,,
2026-09-25 17:26:47,ETH,2686.36,53.6,1,🟡 AGUARDAR,-0.47,📉 QUEDA,-1,RSI 54 neutro | SMA9>SMA21 | Acima SMA50 | MACD- | Bônus tendência | Macro -1,,
2026-09-25 17:26:47,SOL,120.76,77.0,0,🟡 AGUARDAR,-3.77,📉 QUEDA,-1,RSI 77 sobrecomprado (atenuado) | SMA9>SMA21 | Acima SMA50 | MACD+ | Bônus tendência | Macro -1 | LSTM -3.8%,,
2026-09-25 17:26:47,BNB,772.77,49.2,-4,🔴 VENDER,-0.01,📉 QUEDA,-1,RSI 49 neutro | SMA9<SMA21 | Abaixo SMA50 | MACD- | Macro -1,,
2026-09-25 17:26:47,ADA,0.25,68.9,2,🟢 COMPRAR (conf.),-0.25,📉 QUEDA,-1,RSI 69 sobrecomprado (atenuado) | SMA9>SMA21 | Acima SMA50 | MACD+ | Bônus tendência | Macro -1,,
2026-09-25 17:26:47,PETR4,48.1,55.4,0,🟡 AGUARDAR,1.82,📈 ALTA,-1,RSI 55 alto (atenuado) | SMA9>SMA21 | Acima SMA50 | MACD- | Bônus tendência | Macro -1,,
2026-09-25 17:26:47,VALE3,70.85,19.4,0,🟡 AGUARDAR,5.92,📈 ALTA,-1,RSI 19 sobrevendido | SMA9<SMA21 | Abaixo SMA50 | MACD- | Macro -1 | LSTM +5.9%,,
2026-09-25 17:26:47,ITUB4,42.19,52.2,0,🟡 AGUARDAR,1.2,📈 ALTA,-1,RSI 52 neutro | SMA9>SMA21 | Acima SMA50 | MACD- | Macro -1,,
2026-09-25 17:26:47,BBAS3,21.61,40.5,3,🟢 COMPRAR,3.85,📈 ALTA,-1,RSI 40 baixo | SMA9>SMA21 | Acima SMA50 | MACD- | Bônus tendência | Macro -1 | LSTM +3.9%,,
2026-09-25 17:26:47,WEGE3,50.79,43.9,2,🟢 COMPRAR (conf.),-0.3,📉 QUEDA,-1,RSI 44 baixo | SMA9>SMA21 | Acima SMA50 | MACD- | Bônus tendência | Macro -1,,
2026-09-25 17:41:33,BTC,83732.44,39.1,-3,🔴 VENDER,-0.18,📉 QUEDA,-1,RSI 39 baixo | SMA9<SMA21 | Abaixo SMA50 | MACD- | Macro -1,,
2026-09-25 17:41:33,ETH,2685.24,53.0,1,🟡 AGUARDAR,-0.43,📉 QUEDA,-1,RSI 53 neutro | SMA9>SMA21 | Acima SMA50 | MACD- | Bônus tendência | Macro -1,,
2026-09-25 17:41:33,SOL,120.86,77.4,0,🟡 AGUARDAR,-3.85,📉 QUEDA,-1,RSI 77 sobrecomprado (atenuado) | SMA9>SMA21 | Acima SMA50 | MACD+ | Bônus tendência | Macro -1 | LSTM -3.9%,,
2026-09-25 17:41:33,BNB,772.47,48.5,-4,🔴 VENDER,0.03,📈 ALTA,-1,RSI 49 neutro | SMA9<SMA21 | Abaixo SMA50 | MACD- | Macro -1,,
2026-09-25 17:41:33,ADA,0.25,69.8,0,🟡 AGUARDAR,-0.22,📉 QUEDA,-1,RSI 70 sobrecomprado (atenuado) | SMA9>SMA21 | Acima SMA50 | MACD- | Bônus tendência | Macro -1,,
2026-09-25 17:41:33,PETR4,48.09,55.3,0,🟡 AGUARDAR,1.84,📈 ALTA,-1,RSI 55 alto (atenuado) | SMA9>SMA21 | Acima SMA50 | MACD- | Bônus tendência | Macro -1,,
2026-09-25 17:41:33,VALE3,70.74,18.7,0,🟡 AGUARDAR,6.09,📈 ALTA,-1,RSI 19 sobrevendido | SMA9<SMA21 | Abaixo SMA50 | MACD- | Macro -1 | LSTM +6.1%,,
2026-09-25 17:41:33,ITUB4,42.2,52.3,0,🟡 AGUARDAR,1.18,📈 ALTA,-1,RSI 52 neutro | SMA9>SMA21 | Acima SMA50 | MACD- | Macro -1,,
2026-09-25 17:41:33,BBAS3,21.6,40.3,3,🟢 COMPRAR,3.9,📈 ALTA,-1,RSI 40 baixo | SMA9>SMA21 | Acima SMA50 | MACD- | Bônus tendência | Macro -1 | LSTM +3.9%,,
2026-09-25 17:41:33,WEGE3,50.73,43.5,2,🟢 COMPRAR (conf.),-0.18,📉 QUEDA,-1,RSI 43 baixo | SMA9>SMA21 | Acima SMA50 | MACD- | Bônus tendência | Macro -1,,
2026-09-25 17:54:23,BTC,83709.26,38.4,-3,🔴 VENDER,-0.15,📉 QUEDA,-1,RSI 38 baixo | SMA9<SMA21 | Abaixo SMA50 | MACD- | Macro -1,,
2026-09-25 17:54:23,ETH,2681.41,50.9,0,🟡 AGUARDAR,-0.3,📉 QUEDA,-1,RSI 51 neutro | SMA9>SMA21 | Acima SMA50 | MACD- | Macro -1,,
2026-09-25 17:54:23,SOL,120.7,76.2,0,🟡 AGUARDAR,-3.72,📉 QUEDA,-1,RSI 76 sobrecomprado (atenuado) | SMA9>SMA21 | Acima SMA50 | MACD+ | Bônus tendência | Macro -1 | LSTM -3.7%,,
2026-09-25 17:54:23,BNB,772.31,48.1,-4,🔴 VENDER,0.04,📈 ALTA,-1,RSI 48 neutro | SMA9<SMA21 | Abaixo SMA50 | MACD- | Macro -1,,
2026-09-25 17:54:23,ADA,0.25,67.9,0,🟡 AGUARDAR,0.04,📈 ALTA,-1,RSI 68 sobrecomprado (atenuado) | SMA9>SMA21 | Acima SMA50 | MACD- | Bônus tendência | Macro -1,,
2026-09-25 17:54:23,PETR4,48.13,55.5,0,🟡 AGUARDAR,1.75,📈 ALTA,-1,RSI 56 alto (atenuado) | SMA9>SMA21 | Acima SMA50 | MACD- | Bônus tendência | Macro -1,,
2026-09-25 17:54:23,VALE3,70.68,18.3,0,🟡 AGUARDAR,6.18,📈 ALTA,-1,RSI 18 sobrevendido | SMA9<SMA21 | Abaixo SMA50 | MACD- | Macro -1 | LSTM +6.2%,,
2026-09-25 17:54:23,ITUB4,42.2,52.3,0,🟡 AGUARDAR,1.18,📈 ALTA,-1,RSI 52 neutro | SMA9>SMA21 | Acima SMA50 | MACD- | Macro -1,,
2026-09-25 17:54:23,BBAS3,21.53,39.5,3,🟢 COMPRAR,4.24,📈 ALTA,-1,RSI 39 baixo | SMA9>SMA21 | Acima SMA50 | MACD- | Bônus tendência | Macro -1 | LSTM +4.2%,,
2026-09-25 17:54:23,WEGE3,50.73,43.5,2,🟢 COMPRAR (conf.),-0.18,📉 QUEDA,-1,RSI 43 baixo | SMA9>SMA21 | Acima SMA50 | MACD- | Bônus tendência | Macro -1,,
2026-09-25 18:11:38,BTC,83947.49,44.8,-3,🔴 VENDER,-0.5,📉 QUEDA,-1,RSI 45 baixo | SMA9<SMA21 | Abaixo SMA50 | MACD- | Macro -1,,
2026-09-25 18:11:38,ETH,2691.72,56.2,0,🟡 AGUARDAR,-0.72,📉 QUEDA,-1,RSI 56 alto (atenuado) | SMA9>SMA21 | Acima SMA50 | MACD- | Bônus tendência | Macro -1,,
2026-09-25 18:11:38,SOL,121.44,79.0,0,🟡 AGUARDAR,-4.43,📉 QUEDA,-1,RSI 79 sobrecomprado (atenuado) | SMA9>SMA21 | Acima SMA50 | MACD+ | Bônus tendência | Macro -1 | LSTM -4.4%,,
2026-09-25 18:11:38,BNB,774.56,49.6,-1,🟡 AGUARDAR,-0.27,📉 QUEDA,-1,RSI 50 neutro | SMA9<SMA21 | Acima SMA50 | MACD- | Bônus tendência | Macro -1,,
2026-09-25 18:11:38,ADA,0.26,73.7,2,🟢 COMPRAR (conf.),-0.49,📉 QUEDA,-1,RSI 74 sobrecomprado (atenuado) | SMA9>SMA21 | Acima SMA50 | MACD+ | Bônus tendência | Macro -1,,
2026-09-25 18:11:38,PETR4,47.99,54.7,2,🟢 COMPRAR (conf.),2.05,📈 ALTA,-1,RSI 55 neutro | SMA9>SMA21 | Acima SMA50 | MACD- | Bônus tendência | Macro -1 | LSTM +2.0%,,
2026-09-25 18:11:38,VALE3,70.6,18.1,0,🟡 AGUARDAR,6.3,📈 ALTA,-1,RSI 18 sobrevendido | SMA9<SMA21 | Abaixo SMA50 | MACD- | Macro -1 | LSTM +6.3%,,
2026-09-25 18:11:38,ITUB4,42.22,52.5,0,🟡 AGUARDAR,1.13,📈 ALTA,-1,RSI 52 neutro | SMA9>SMA21 | Acima SMA50 | MACD- | Macro -1,,
2026-09-25 18:11:38,BBAS3,21.61,40.5,3,🟢 COMPRAR,3.85,📈 ALTA,-1,RSI 40 baixo | SMA9>SMA21 | Acima SMA50 | MACD- | Bônus tendência | Macro -1 | LSTM +3.9%,,
2026-09-25 18:11:38,WEGE3,50.82,44.1,2,🟢 COMPRAR (conf.),-0.36,📉 QUEDA,-1,RSI 44 baixo | SMA9>SMA21 | Acima SMA50 | MACD- | Bônus tendência | Macro -1,,
2026-09-25 18:29:25,BTC,83932.43,44.6,-3,🔴 VENDER,-0.48,📉 QUEDA,-1,RSI 45 baixo | SMA9<SMA21 | Abaixo SMA50 | MACD- | Macro -1,,
2026-09-25 18:29:25,ETH,2692.74,56.5,0,🟡 AGUARDAR,-0.75,📉 QUEDA,-1,RSI 57 alto (atenuado) | SMA9>SMA21 | Acima SMA50 | MACD- | Bônus tendência | Macro -1,,
2026-09-25 18:29:25,SOL,121.79,79.4,0,🟡 AGUARDAR,-4.98,📉 QUEDA,-1,RSI 79 sobrecomprado (atenuado) | SMA9>SMA21 | Acima SMA50 | MACD+ | Bônus tendência | Macro -1 | LSTM -5.0%,,
2026-09-25 18:29:25,BNB,775.16,51.0,1,🟡 AGUARDAR,-0.34,📉 QUEDA,-1,RSI 51 neutro | SMA9>SMA21 | Acima SMA50 | MACD- | Bônus tendência | Macro -1,,
2026-09-25 18:29:25,ADA,0.25,72.6,0,🟡 AGUARDAR,-0.36,📉 QUEDA,-1,RSI 73 sobrecomprado (atenuado) | SMA9>SMA21 | Acima SMA50 | MACD- | Bônus tendência | Macro -1,,
2026-09-25 18:29:25,PETR4,48.11,55.4,0,🟡 AGUARDAR,1.79,📈 ALTA,-1,RSI 55 alto (atenuado) | SMA9>SMA21 | Acima SMA50 | MACD- | Bônus tendência | Macro -1,,
2026-09-25 18:29:25,VALE3,70.75,18.7,0,🟡 AGUARDAR,6.07,📈 ALTA,-1,RSI 19 sobrevendido | SMA9<SMA21 | Abaixo SMA50 | MACD- | Macro -1 | LSTM +6.1%,,
2026-09-25 18:29:25,ITUB4,42.26,52.8,0,🟡 AGUARDAR,1.03,📈 ALTA,-1,RSI 53 neutro | SMA9>SMA21 | Acima SMA50 | MACD- | Macro -1,,
2026-09-25 18:29:25,BBAS3,21.64,40.8,3,🟢 COMPRAR,3.71,📈 ALTA,-1,RSI 41 baixo | SMA9>SMA21 | Acima SMA50 | MACD- | Bônus tendência | Macro -1 | LSTM +3.7%,,
2026-09-25 18:29:25,WEGE3,50.95,45.0,1,🟡 AGUARDAR,-0.61,📉 QUEDA,-1,RSI 45 neutro | SMA9>SMA21 | Acima SMA50 | MACD- | Bônus tendência | Macro -1,,
2026-09-25 18:46:10,BTC,83968.39,45.4,-4,🔴 VENDER,-0.52,📉 QUEDA,-1,RSI 45 neutro | SMA9<SMA21 | Abaixo SMA50 | MACD- | Macro -1,,
2026-09-25 18:46:10,ETH,2693.97,57.1,0,🟡 AGUARDAR,-0.79,📉 QUEDA,-1,RSI 57 alto (atenuado) | SMA9>SMA21 | Acima SMA50 | MACD- | Bônus tendência | Macro -1,,
2026-09-25 18:46:10,SOL,122.12,80.6,0,🟡 AGUARDAR,-5.39,📉 QUEDA,-1,RSI 81 sobrecomprado (atenuado) | SMA9>SMA21 | Acima SMA50 | MACD+ | Bônus tendência | Macro -1 | LSTM -5.4%,,
2026-09-25 18:46:10,BNB,775.68,52.1,1,🟡 AGUARDAR,-0.41,📉 QUEDA,-1,RSI 52 neutro | SMA9>SMA21 | Acima SMA50 | MACD- | Bônus tendência | Macro -1,,
2026-09-25 18:46:10,ADA,0.26,73.4,0,🟡 AGUARDAR,-0.41,📉 QUEDA,-1,RSI 73 sobrecomprado (atenuado) | SMA9>SMA21 | Acima SMA50 | MACD- | Bônus tendência | Macro -1,,
2026-09-25 18:46:10,PETR4,48.05,55.1,0,🟡 AGUARDAR,1.92,📈 ALTA,-1,RSI 55 alto (atenuado) | SMA9>SMA21 | Acima SMA50 | MACD- | Bônus tendência | Macro -1,,
2026-09-25 18:46:10,VALE3,70.78,18.9,0,🟡 AGUARDAR,6.03,📈 ALTA,-1,RSI 19 sobrevendido | SMA9<SMA21 | Abaixo SMA50 | MACD- | Macro -1 | LSTM +6.0%,,
2026-09-25 18:46:10,ITUB4,42.23,52.6,0,🟡 AGUARDAR,1.1,📈 ALTA,-1,RSI 53 neutro | SMA9>SMA21 | Acima SMA50 | MACD- | Macro -1,,
2026-09-25 18:46:10,BBAS3,21.6,40.3,3,🟢 COMPRAR,3.9,📈 ALTA,-1,RSI 40 baixo | SMA9>SMA21 | Acima SMA50 | MACD- | Bônus tendência | Macro -1 | LSTM +3.9%,,
2026-09-25 18:46:10,WEGE3,50.98,45.2,1,🟡 AGUARDAR,-0.67,📉 QUEDA,-1,RSI 45 neutro | SMA9>SMA21 | Acima SMA50 | MACD- | Bônus tendência | Macro -1,,
2026-09-25 19:08:56,BTC,83966.0,48.7,-4,🔴 VENDER,-0.58,📉 QUEDA,-1,RSI 49 neutro | SMA9<SMA21 | Abaixo SMA50 | MACD- | Macro -1,,
2026-09-25 19:08:56,ETH,2693.44,60.1,0,🟡 AGUARDAR,-0.81,📉 QUEDA,-1,RSI 60 alto (atenuado) | SMA9>SMA21 | Acima SMA50 | MACD- | Bônus tendência | Macro -1,,
2026-09-25 19:08:56,SOL,122.11,81.8,0,🟡 AGUARDAR,-5.09,📉 QUEDA,-1,RSI 82 sobrecomprado (atenuado) | SMA9>SMA21 | Acima SMA50 | MACD+ | Bônus tendência | Macro -1 | LSTM -5.1%,,
2026-09-25 19:08:56,BNB,775.08,54.8,-1,🟡 AGUARDAR,-0.36,📉 QUEDA,-1,RSI 55 neutro | SMA9<SMA21 | Acima SMA50 | MACD- | Bônus tendência | Macro -1,,
2026-09-25 19:08:56,ADA,0.26,74.9,0,🟡 AGUARDAR,-0.42,📉 QUEDA,-1,RSI 75 sobrecomprado (atenuado) | SMA9>SMA21 | Acima SMA50 | MACD- | Bônus tendência | Macro -1,,
2026-09-25 19:08:56,PETR4,48.03,54.9,1,🟡 AGUARDAR,1.96,📈 ALTA,-1,RSI 55 neutro | SMA9>SMA21 | Acima SMA50 | MACD- | Bônus tendência | Macro -1,,
2026-09-25 19:08:56,VALE3,70.76,18.8,0,🟡 AGUARDAR,6.06,📈 ALTA,-1,RSI 19 sobrevendido | SMA9<SMA21 | Abaixo SMA50 | MACD- | Macro -1 | LSTM +6.1%,,
2026-09-25 19:08:56,ITUB4,42.2,52.3,0,🟡 AGUARDAR,1.18,📈 ALTA,-1,RSI 52 neutro | SMA9>SMA21 | Acima SMA50 | MACD- | Macro -1,,
2026-09-25 19:08:56,BBAS3,21.67,41.2,3,🟢 COMPRAR,3.56,📈 ALTA,-1,RSI 41 baixo | SMA9>SMA21 | Acima SMA50 | MACD- | Bônus tendência | Macro -1 | LSTM +3.6%,,
2026-09-25 19:08:56,WEGE3,50.97,45.1,1,🟡 AGUARDAR,-0.65,📉 QUEDA,-1,RSI 45 neutro | SMA9>SMA21 | Acima SMA50 | MACD- | Bônus tendência | Macro -1,,
2026-09-25 19:24:55,BTC,84014.73,49.8,-4,🔴 VENDER,-0.63,📉 QUEDA,-1,RSI 50 neutro | SMA9<SMA21 | Abaixo SMA50 | MACD- | Macro -1,,
2026-09-25 19:24:55,ETH,2693.51,60.2,0,🟡 AGUARDAR,-0.82,📉 QUEDA,-1,RSI 60 alto (atenuado) | SMA9>SMA21 | Acima SMA50 | MACD- | Bônus tendência | Macro -1,,
2026-09-25 19:24:55,SOL,122.01,81.6,0,🟡 AGUARDAR,-4.95,📉 QUEDA,-1,RSI 82 sobrecomprado (atenuado) | SMA9>SMA21 | Acima SMA50 | MACD+ | Bônus tendência | Macro -1 | LSTM -5.0%,,
2026-09-25 19:24:55,BNB,775.19,55.1,-2,🟡 AGUARDAR,-0.37,📉 QUEDA,-1,RSI 55 alto (atenuado) | SMA9<SMA21 | Acima SMA50 | MACD- | Bônus tendência | Macro -1,,
2026-09-25 19:24:55,ADA,0.25,71.7,0,🟡 AGUARDAR,-0.21,📉 QUEDA,-1,RSI 72 sobrecomprado (atenuado) | SMA9>SMA21 | Acima SMA50 | MACD- | Bônus tendência | Macro -1,,
2026-09-25 19:24:55,PETR4,48.05,55.1,0,🟡 AGUARDAR,1.92,📈 ALTA,-1,RSI 55 alto (atenuado) | SMA9>SMA21 | Acima SMA50 | MACD- | Bônus tendência | Macro -1,,
2026-09-25 19:24:55,VALE3,70.76,18.8,0,🟡 AGUARDAR,6.06,📈 ALTA,-1,RSI 19 sobrevendido | SMA9<SMA21 | Abaixo SMA50 | MACD- | Macro -1 | LSTM +6.1%,,
2026-09-25 19:24:55,ITUB4,42.14,51.8,0,🟡 AGUARDAR,1.33,📈 ALTA,-1,RSI 52 neutro | SMA9>SMA21 | Acima SMA50 | MACD- | Macro -1,,
2026-09-25 19:24:55,BBAS3,21.66,41.1,3,🟢 COMPRAR,3.61,📈 ALTA,-1,RSI 41 baixo | SMA9>SMA21 | Acima SMA50 | MACD- | Bônus tendência | Macro -1 | LSTM +3.6%,,
2026-09-25 19:24:55,WEGE3,51.04,45.6,1,🟡 AGUARDAR,-0.79,📉 QUEDA,-1,RSI 46 neutro | SMA9>SMA21 | Acima SMA50 | MACD- | Bônus tendência | Macro -1,,
2026-09-25 19:38:40,BTC,84030.65,50.2,-4,🔴 VENDER,-0.65,📉 QUEDA,-1,RSI 50 neutro | SMA9<SMA21 | Abaixo SMA50 | MACD- | Macro -1,,
2026-09-25 19:38:40,ETH,2693.34,60.2,0,🟡 AGUARDAR,-0.81,📉 QUEDA,-1,RSI 60 alto (atenuado) | SMA9>SMA21 | Acima SMA50 | MACD- | Bônus tendência | Macro -1,,
2026-09-25 19:38:40,SOL,121.96,81.8,0,🟡 AGUARDAR,-4.88,📉 QUEDA,-1,RSI 82 sobrecomprado (atenuado) | SMA9>SMA21 | Acima SMA50 | MACD+ | Bônus tendência | Macro -1 | LSTM -4.9%,,
2026-09-25 19:38:40,BNB,775.26,55.2,-2,🟡 AGUARDAR,-0.37,📉 QUEDA,-1,RSI 55 alto (atenuado) | SMA9<SMA21 | Acima SMA50 | MACD- | Bônus tendência | Macro -1,,
2026-09-25 19:38:40,ADA,0.26,74.3,0,🟡 AGUARDAR,-0.4,📉 QUEDA,-1,RSI 74 sobrecomprado (atenuado) | SMA9>SMA21 | Acima SMA50 | MACD- | Bônus tendência | Macro -1,,
2026-09-25 19:38:40,PETR4,48.08,55.2,0,🟡 AGUARDAR,1.86,📈 ALTA,-1,RSI 55 alto (atenuado) | SMA9>SMA21 | Acima SMA50 | MACD- | Bônus tendência | Macro -1,,
2026-09-25 19:38:40,VALE3,70.74,18.7,0,🟡 AGUARDAR,6.09,📈 ALTA,-1,RSI 19 sobrevendido | SMA9<SMA21 | Abaixo SMA50 | MACD- | Macro -1 | LSTM +6.1%,,
2026-09-25 19:38:40,ITUB4,42.07,51.3,0,🟡 AGUARDAR,1.49,📈 ALTA,-1,RSI 51 neutro | SMA9>SMA21 | Acima SMA50 | MACD- | Macro -1,,
2026-09-25 19:38:40,BBAS3,21.68,41.3,3,🟢 COMPRAR,3.52,📈 ALTA,-1,RSI 41 baixo | SMA9>SMA21 | Acima SMA50 | MACD- | Bônus tendência | Macro -1 | LSTM +3.5%,,
2026-09-25 19:38:40,WEGE3,51.08,45.9,1,🟡 AGUARDAR,-0.87,📉 QUEDA,-1,RSI 46 neutro | SMA9>SMA21 | Acima SMA50 | MACD- | Bônus tendência | Macro -1,,
2026-09-25 19:52:45,BTC,84017.61,49.9,-3,🔴 VENDER,-0.64,📉 QUEDA,0,RSI 50 neutro | SMA9<SMA21 | Abaixo SMA50 | MACD-,,
2026-09-25 19:52:45,ETH,2694.46,60.7,1,🟡 AGUARDAR,-0.85,📉 QUEDA,0,RSI 61 alto (atenuado) | SMA9>SMA21 | Acima SMA50 | MACD- | Bônus tendência,,
2026-09-25 19:52:45,SOL,121.79,80.3,1,🟡 AGUARDAR,-4.73,📉 QUEDA,0,RSI 80 sobrecomprado (atenuado) | SMA9>SMA21 | Acima SMA50 | MACD+ | Bônus tendência | LSTM -4.7%,,
2026-09-25 19:52:45,BNB,775.58,56.0,-1,🟡 AGUARDAR,-0.41,📉 QUEDA,0,RSI 56 alto (atenuado) | SMA9<SMA21 | Acima SMA50 | MACD- | Bônus tendência,,
2026-09-25 19:52:45,ADA,0.26,74.7,1,🟡 AGUARDAR,-0.39,📉 QUEDA,0,RSI 75 sobrecomprado (atenuado) | SMA9>SMA21 | Acima SMA50 | MACD- | Bônus tendência,,
2026-09-25 19:52:45,PETR4,48.03,54.9,2,🟢 COMPRAR (conf.),1.96,📈 ALTA,0,RSI 55 neutro | SMA9>SMA21 | Acima SMA50 | MACD- | Bônus tendência,,
2026-09-25 19:52:45,VALE3,70.75,18.7,1,🟡 AGUARDAR,6.07,📈 ALTA,0,RSI 19 sobrevendido | SMA9<SMA21 | Abaixo SMA50 | MACD- | LSTM +6.1%,,
2026-09-25 19:52:45,ITUB4,42.14,51.8,1,🟡 AGUARDAR,1.33,📈 ALTA,0,RSI 52 neutro | SMA9>SMA21 | Acima SMA50 | MACD-,,
2026-09-25 19:52:45,BBAS3,21.67,41.2,4,🟢 COMPRAR,3.56,📈 ALTA,0,RSI 41 baixo | SMA9>SMA21 | Acima SMA50 | MACD- | Bônus tendência | LSTM +3.6%,,
2026-09-25 19:52:45,WEGE3,51.22,46.8,2,🟢 COMPRAR (conf.),-1.14,📉 QUEDA,0,RSI 47 neutro | SMA9>SMA21 | Acima SMA50 | MACD- | Bônus tendência,,
2026-09-25 20:09:46,BTC,83950.0,48.4,-3,🔴 VENDER,-0.6,📉 QUEDA,0,RSI 48 neutro | SMA9<SMA21 | Abaixo SMA50 | MACD-,,
2026-09-25 20:09:46,ETH,2691.1,59.8,-1,🟡 AGUARDAR,-0.76,📉 QUEDA,0,RSI 60 alto (atenuado) | SMA9<SMA21 | Acima SMA50 | MACD- | Bônus tendência,,
2026-09-25 20:09:46,SOL,121.69,78.7,1,🟡 AGUARDAR,-4.4,📉 QUEDA,0,RSI 79 sobrecomprado (atenuado) | SMA9>SMA21 | Acima SMA50 | MACD+ | Bônus tendência | LSTM -4.4%,,
2026-09-25 20:09:46,BNB,774.79,53.0,0,🟡 AGUARDAR,-0.33,📉 QUEDA,0,RSI 53 neutro | SMA9<SMA21 | Acima SMA50 | MACD- | Bônus tendência,,
2026-09-25 20:09:46,ADA,0.26,71.1,1,🟡 AGUARDAR,-0.47,📉 QUEDA,0,RSI 71 sobrecomprado (atenuado) | SMA9>SMA21 | Acima SMA50 | MACD- | Bônus tendência,,
2026-09-25 20:09:46,PETR4,48.01,54.8,3,🟢 COMPRAR,2.01,📈 ALTA,0,RSI 55 neutro | SMA9>SMA21 | Acima SMA50 | MACD- | Bônus tendência | LSTM +2.0%,,
2026-09-25 20:09:46,VALE3,70.7,18.4,1,🟡 AGUARDAR,6.15,📈 ALTA,0,RSI 18 sobrevendido | SMA9<SMA21 | Abaixo SMA50 | MACD- | LSTM +6.2%,,
2026-09-25 20:09:46,ITUB4,42.07,51.3,1,🟡 AGUARDAR,1.49,📈 ALTA,0,RSI 51 neutro | SMA9>SMA21 | Acima SMA50 | MACD-,,
2026-09-25 20:09:46,BBAS3,21.64,40.8,4,🟢 COMPRAR,3.71,📈 ALTA,0,RSI 41 baixo | SMA9>SMA21 | Acima SMA50 | MACD- | Bônus tendência | LSTM +3.7%,,
2026-09-25 20:09:46,WEGE3,51.12,46.2,2,🟢 COMPRAR (conf.),-0.94,📉 QUEDA,0,RSI 46 neutro | SMA9>SMA21 | Acima SMA50 | MACD- | Bônus tendência,,
2026-09-25 21:10:44,BTC,83716.53,33.3,-3,🔴 VENDER,-0.38,📉 QUEDA,0,RSI 33 sobrevendido (atenuado) | SMA9<SMA21 | Abaixo SMA50 | MACD- | Penalidade tendência,,
2026-09-25 21:10:44,ETH,2679.58,43.8,-2,🟡 AGUARDAR,-0.43,📉 QUEDA,0,RSI 44 baixo | SMA9<SMA21 | Abaixo SMA50 | MACD-,,
2026-09-25 21:10:44,SOL,121.28,73.2,2,🟢 COMPRAR (conf.),-3.87,📉 QUEDA,0,RSI 73 sobrecomprado (atenuado) | SMA9>SMA21 | Acima SMA50 | MACD+ | Bônus tendência | LSTM -3.9%,,
2026-09-25 21:10:44,BNB,771.89,41.6,-2,🟡 AGUARDAR,-0.02,📉 QUEDA,0,RSI 42 baixo | SMA9<SMA21 | Abaixo SMA50 | MACD-,,
2026-09-25 21:10:44,ADA,0.25,58.0,1,🟡 AGUARDAR,-0.05,📉 QUEDA,0,RSI 58 alto (atenuado) | SMA9>SMA21 | Acima SMA50 | MACD- | Bônus tendência,,
2026-09-25 21:10:44,PETR4,47.99,54.7,3,🟢 COMPRAR,2.05,📈 ALTA,0,RSI 55 neutro | SMA9>SMA21 | Acima SMA50 | MACD- | Bônus tendência | LSTM +2.0%,,
2026-09-25 21:10:44,VALE3,70.77,18.9,1,🟡 AGUARDAR,6.04,📈 ALTA,0,RSI 19 sobrevendido | SMA9<SMA21 | Abaixo SMA50 | MACD- | LSTM +6.0%,,
2026-09-25 21:10:44,ITUB4,42.13,51.8,1,🟡 AGUARDAR,1.34,📈 ALTA,0,RSI 52 neutro | SMA9>SMA21 | Acima SMA50 | MACD-,,
2026-09-25 21:10:44,BBAS3,21.59,40.2,4,🟢 COMPRAR,3.95,📈 ALTA,0,RSI 40 baixo | SMA9>SMA21 | Acima SMA50 | MACD- | Bônus tendência | LSTM +4.0%,,
2026-09-25 21:10:44,WEGE3,51.07,45.8,2,🟢 COMPRAR (conf.),-0.85,📉 QUEDA,0,RSI 46 neutro | SMA9>SMA21 | Acima SMA50 | MACD- | Bônus tendência,,
2026-09-25 22:10:11,BTC,83911.35,33.4,-3,🔴 VENDER,-0.64,📉 QUEDA,0,RSI 33 sobrevendido (atenuado) | SMA9<SMA21 | Abaixo SMA50 | MACD- | Penalidade tendência,,
2026-09-25 22:10:11,ETH,2684.95,37.3,1,🟡 AGUARDAR,-0.68,📉 QUEDA,0,RSI 37 baixo | SMA9<SMA21 | Acima SMA50 | MACD- | Bônus tendência,,
2026-09-25 22:10:11,SOL,121.39,68.3,2,🟢 COMPRAR (conf.),-3.81,📉 QUEDA,0,RSI 68 sobrecomprado (atenuado) | SMA9>SMA21 | Acima SMA50 | MACD+ | Bônus tendência | LSTM -3.8%,,
2026-09-25 22:10:11,BNB,774.03,43.0,-2,🟡 AGUARDAR,-0.32,📉 QUEDA,0,RSI 43 baixo | SMA9<SMA21 | Abaixo SMA50 | MACD-,,
2026-09-25 22:10:11,ADA,0.25,54.2,2,🟢 COMPRAR (conf.),-0.25,📉 QUEDA,0,RSI 54 neutro | SMA9>SMA21 | Acima SMA50 | MACD- | Bônus tendência,,
2026-09-25 22:10:11,PETR4,47.99,54.7,3,🟢 COMPRAR,2.05,📈 ALTA,0,RSI 55 neutro | SMA9>SMA21 | Acima SMA50 | MACD- | Bônus tendência | LSTM +2.0%,,
2026-09-25 22:10:11,VALE3,70.77,18.9,1,🟡 AGUARDAR,6.04,📈 ALTA,0,RSI 19 sobrevendido | SMA9<SMA21 | Abaixo SMA50 | MACD- | LSTM +6.0%,,
2026-09-25 22:10:11,ITUB4,42.13,51.8,1,🟡 AGUARDAR,1.35,📈 ALTA,0,RSI 52 neutro | SMA9>SMA21 | Acima SMA50 | MACD-,,
2026-09-25 22:10:11,BBAS3,21.59,40.2,4,🟢 COMPRAR,3.95,📈 ALTA,0,RSI 40 baixo | SMA9>SMA21 | Acima SMA50 | MACD- | Bônus tendência | LSTM +4.0%,,
2026-09-25 22:10:11,WEGE3,51.07,45.8,2,🟢 COMPRAR (conf.),-0.85,📉 QUEDA,0,RSI 46 neutro | SMA9>SMA21 | Acima SMA50 | MACD- | Bônus tendência,,
2026-09-25 23:09:27,BTC,84090.25,34.5,-1,🟡 AGUARDAR,-0.85,📉 QUEDA,0,RSI 35 sobrevendido (atenuado) | SMA9<SMA21 | Abaixo SMA50 | MACD+ | Penalidade tendência,,
2026-09-25 23:09:27,ETH,2692.87,35.7,1,🟡 AGUARDAR,-0.98,📉 QUEDA,0,RSI 36 baixo | SMA9<SMA21 | Acima SMA50 | MACD- | Bônus tendência,,
2026-09-25 23:09:27,SOL,122.21,68.5,2,🟢 COMPRAR (conf.),-4.45,📉 QUEDA,0,RSI 68 sobrecomprado (atenuado) | SMA9>SMA21 | Acima SMA50 | MACD+ | Bônus tendência | LSTM -4.5%,,
2026-09-25 23:09:27,BNB,776.25,48.8,2,🟢 COMPRAR (conf.),-0.55,📉 QUEDA,0,RSI 49 neutro | SMA9<SMA21 | Acima SMA50 | MACD+ | Bônus tendência,,
2026-09-25 23:09:27,ADA,0.26,65.2,3,🟢 COMPRAR,-1.42,📉 QUEDA,0,RSI 65 sobrecomprado (atenuado) | SMA9>SMA21 | Acima SMA50 | MACD+ | Bônus tendência,,
2026-09-25 23:09:27,PETR4,47.99,54.7,3,🟢 COMPRAR,2.05,📈 ALTA,0,RSI 55 neutro | SMA9>SMA21 | Acima SMA50 | MACD- | Bônus tendência | LSTM +2.0%,,
2026-09-25 23:09:27,VALE3,70.77,18.9,1,🟡 AGUARDAR,6.04,📈 ALTA,0,RSI 19 sobrevendido | SMA9<SMA21 | Abaixo SMA50 | MACD- | LSTM +6.0%,,
2026-09-25 23:09:27,ITUB4,42.13,51.8,1,🟡 AGUARDAR,1.35,📈 ALTA,0,RSI 52 neutro | SMA9>SMA21 | Acima SMA50 | MACD-,,
2026-09-25 23:09:27,BBAS3,21.59,40.2,4,🟢 COMPRAR,3.95,📈 ALTA,0,RSI 40 baixo | SMA9>SMA21 | Acima SMA50 | MACD- | Bônus tendência | LSTM +4.0%,,
2026-09-25 23:09:27,WEGE3,51.07,45.8,2,🟢 COMPRAR (conf.),-0.85,📉 QUEDA,0,RSI 46 neutro | SMA9>SMA21 | Acima SMA50 | MACD- | Bônus tendência,,
2026-09-26 00:20:37,BTC,84022.79,32.3,-1,🟡 AGUARDAR,-0.79,📉 QUEDA,0,RSI 32 sobrevendido (atenuado) | SMA9<SMA21 | Abaixo SMA50 | MACD+ | Penalidade tendência,,
2026-09-26 00:20:37,ETH,2689.08,32.4,2,🟢 COMPRAR (conf.),-0.86,📉 QUEDA,0,RSI 32 sobrevendido | SMA9<SMA21 | Acima SMA50 | MACD- | Bônus tendência,,
2026-09-26 00:20:37,SOL,122.04,68.0,2,🟢 COMPRAR (conf.),-4.23,📉 QUEDA,0,RSI 68 sobrecomprado (atenuado) | SMA9>SMA21 | Acima SMA50 | MACD+ | Bônus tendência | LSTM -4.2%,,
2026-09-26 00:20:37,BNB,777.2,50.9,2,🟢 COMPRAR (conf.),-0.7,📉 QUEDA,0,RSI 51 neutro | SMA9<SMA21 | Acima SMA50 | MACD+ | Bônus tendência,,
2026-09-26 00:20:37,ADA,0.26,65.8,3,🟢 COMPRAR,-1.59,📉 QUEDA,0,RSI 66 sobrecomprado (atenuado) | SMA9>SMA21 | Acima SMA50 | MACD+ | Bônus tendência,,
2026-09-26 00:20:37,PETR4,47.99,54.7,3,🟢 COMPRAR,2.05,📈 ALTA,0,RSI 55 neutro | SMA9>SMA21 | Acima SMA50 | MACD- | Bônus tendência | LSTM +2.0%,,
2026-09-26 00:20:37,VALE3,70.77,18.9,1,🟡 AGUARDAR,6.04,📈 ALTA,0,RSI 19 sobrevendido | SMA9<SMA21 | Abaixo SMA50 | MACD- | LSTM +6.0%,,
2026-09-26 00:20:37,ITUB4,42.13,51.8,1,🟡 AGUARDAR,1.34,📈 ALTA,0,RSI 52 neutro | SMA9>SMA21 | Acima SMA50 | MACD-,,
2026-09-26 00:20:37,BBAS3,21.59,40.2,4,🟢 COMPRAR,3.95,📈 ALTA,0,RSI 40 baixo | SMA9>SMA21 | Acima SMA50 | MACD- | Bônus tendência | LSTM +4.0%,,
2026-09-26 00:20:37,WEGE3,51.07,45.8,2,🟢 COMPRAR (conf.),-0.85,📉 QUEDA,0,RSI 46 neutro | SMA9>SMA21 | Acima SMA50 | MACD- | Bônus tendência,,
2026-09-26 01:12:58,BTC,83914.76,32.3,-3,🔴 VENDER,-0.68,📉 QUEDA,0,RSI 32 sobrevendido (atenuado) | SMA9<SMA21 | Abaixo SMA50 | MACD- | Penalidade tendência,,
2026-09-26 01:12:58,ETH,2688.55,29.5,2,🟢 COMPRAR (conf.),-0.88,📉 QUEDA,0,RSI 29 sobrevendido | SMA9<SMA21 | Acima SMA50 | MACD- | Bônus tendência,,
2026-09-26 01:12:58,SOL,121.63,55.9,0,🟡 AGUARDAR,-3.72,📉 QUEDA,0,RSI 56 alto (atenuado) | SMA9>SMA21 | Acima SMA50 | MACD- | Bônus tendência | LSTM -3.7%,,
2026-09-26 01:12:58,BNB,775.61,40.0,3,🟢 COMPRAR,-0.49,📉 QUEDA,0,RSI 40 baixo | SMA9<SMA21 | Acima SMA50 | MACD+ | Bônus tendência,,
2026-09-26 01:12:58,ADA,0.26,59.7,3,🟢 COMPRAR,-1.63,📉 QUEDA,0,RSI 60 alto (atenuado) | SMA9>SMA21 | Acima SMA50 | MACD+ | Bônus tendência,,
2026-09-26 01:12:58,PETR4,47.99,54.7,3,🟢 COMPRAR,2.05,📈 ALTA,0,RSI 55 neutro | SMA9>SMA21 | Acima SMA50 | MACD- | Bônus tendência | LSTM +2.0%,,
2026-09-26 01:12:58,VALE3,70.77,18.9,1,🟡 AGUARDAR,6.04,📈 ALTA,0,RSI 19 sobrevendido | SMA9<SMA21 | Abaixo SMA50 | MACD- | LSTM +6.0%,,
2026-09-26 01:12:58,ITUB4,42.13,51.8,1,🟡 AGUARDAR,1.34,📈 ALTA,0,RSI 52 neutro | SMA9>SMA21 | Acima SMA50 | MACD-,,
2026-09-26 01:12:58,BBAS3,21.59,40.2,4,🟢 COMPRAR,3.95,📈 ALTA,0,RSI 40 baixo | SMA9>SMA21 | Acima SMA50 | MACD- | Bônus tendência | LSTM +4.0%,,
2026-09-26 01:12:58,WEGE3,51.07,45.8,2,🟢 COMPRAR (conf.),-0.85,📉 QUEDA,0,RSI 46 neutro | SMA9>SMA21 | Acima SMA50 | MACD- | Bônus tendência,,
2026-09-26 01:21:20,BTC,83955.13,29.3,-3,🔴 VENDER,-0.71,📉 QUEDA,0,RSI 29 sobrevendido (atenuado) | SMA9<SMA21 | Abaixo SMA50 | MACD- | Penalidade tendência,0.0,
2026-09-26 01:21:20,ETH,2691.07,34.1,2,🟢 COMPRAR (conf.),-0.94,📉 QUEDA,0,RSI 34 sobrevendido | SMA9<SMA21 | Acima SMA50 | MACD- | Bônus tendência,0.0,
2026-09-26 01:21:20,SOL,121.98,68.1,2,🟢 COMPRAR (conf.),-4.16,📉 QUEDA,0,RSI 68 sobrecomprado (atenuado) | SMA9>SMA21 | Acima SMA50 | MACD+ | Bônus tendência | LSTM -4.2%,0.0,
2026-09-26 01:21:20,BNB,775.72,47.6,2,🟢 COMPRAR (conf.),-0.5,📉 QUEDA,0,RSI 48 neutro | SMA9<SMA21 | Acima SMA50 | MACD+ | Bônus tendência,0.0,
2026-09-26 01:21:20,ADA,0.26,69.7,2,🟢 COMPRAR (conf.),-2.23,📉 QUEDA,0,RSI 70 sobrecomprado (atenuado) | SMA9>SMA21 | Acima SMA50 | MACD+ | Bônus tendência | LSTM -2.2%,0.0,
2026-09-26 01:21:20,PETR4,47.99,54.7,3,🟢 COMPRAR,2.05,📈 ALTA,0,RSI 55 neutro | SMA9>SMA21 | Acima SMA50 | MACD- | Bônus tendência | LSTM +2.0%,0.0,
2026-09-26 01:21:20,VALE3,70.77,18.9,1,🟡 AGUARDAR,6.04,📈 ALTA,0,RSI 19 sobrevendido | SMA9<SMA21 | Abaixo SMA50 | MACD- | LSTM +6.0%,0.0,
2026-09-26 01:21:20,ITUB4,42.13,51.8,1,🟡 AGUARDAR,1.35,📈 ALTA,0,RSI 52 neutro | SMA9>SMA21 | Acima SMA50 | MACD-,0.0,
2026-09-26 01:21:20,BBAS3,21.59,40.2,4,🟢 COMPRAR,3.95,📈 ALTA,0,RSI 40 baixo | SMA9>SMA21 | Acima SMA50 | MACD- | Bônus tendência | LSTM +4.0%,0.0,
2026-09-26 01:21:20,WEGE3,51.07,45.8,2,🟢 COMPRAR (conf.),-0.85,📉 QUEDA,0,RSI 46 neutro | SMA9>SMA21 | Acima SMA50 | MACD- | Bônus tendência,0.0,
2026-09-26 01:26:26,BTC,83944.58,32.7,-3,🔴 VENDER,-0.72,📉 QUEDA,0,RSI 33 sobrevendido (atenuado) | SMA9<SMA21 | Abaixo SMA50 | MACD- | Penalidade tendência,0.0,
2026-09-26 01:26:26,ETH,2688.65,28.7,2,🟢 COMPRAR (conf.),-0.89,📉 QUEDA,0,RSI 29 sobrevendido | SMA9<SMA21 | Acima SMA50 | MACD- | Bônus tendência,0.0,
2026-09-26 01:26:26,SOL,121.74,56.9,0,🟡 AGUARDAR,-3.81,📉 QUEDA,0,RSI 57 alto (atenuado) | SMA9>SMA21 | Acima SMA50 | MACD- | Bônus tendência | LSTM -3.8%,0.0,
2026-09-26 01:26:26,BNB,775.7,40.0,3,🟢 COMPRAR,-0.51,📉 QUEDA,0,RSI 40 baixo | SMA9<SMA21 | Acima SMA50 | MACD+ | Bônus tendência,0.0,
2026-09-26 01:26:26,ADA,0.26,63.6,2,🟢 COMPRAR (conf.),-2.1,📉 QUEDA,0,RSI 64 alto (atenuado) | SMA9>SMA21 | Acima SMA50 | MACD+ | Bônus tendência | LSTM -2.1%,0.0,
2026-09-26 01:26:26,PETR4,47.99,54.7,3,🟢 COMPRAR,2.05,📈 ALTA,0,RSI 55 neutro | SMA9>SMA21 | Acima SMA50 | MACD- | Bônus tendência | LSTM +2.0%,0.0,
2026-09-26 01:26:26,VALE3,70.77,18.9,1,🟡 AGUARDAR,6.04,📈 ALTA,0,RSI 19 sobrevendido | SMA9<SMA21 | Abaixo SMA50 | MACD- | LSTM +6.0%,0.0,
2026-09-26 01:26:26,ITUB4,42.13,51.8,1,🟡 AGUARDAR,1.34,📈 ALTA,0,RSI 52 neutro | SMA9>SMA21 | Acima SMA50 | MACD-,0.0,
2026-09-26 01:26:26,BBAS3,21.59,40.2,4,🟢 COMPRAR,3.95,📈 ALTA,0,RSI 40 baixo | SMA9>SMA21 | Acima SMA50 | MACD- | Bônus tendência | LSTM +4.0%,0.0,
2026-09-26 01:26:26,WEGE3,51.07,45.8,2,🟢 COMPRAR (conf.),-0.85,📉 QUEDA,0,RSI 46 neutro | SMA9>SMA21 | Acima SMA50 | MACD- | Bônus tendência,0.0,
2026-09-26 03:14:19,BTC,83908.41,50.6,-2,🟡 AGUARDAR,-0.66,📉 QUEDA,0,RSI 51 neutro | SMA9<SMA21 | Abaixo SMA50 | MACD+ | Penalidade tendência,0.0,
2026-09-26 03:14:19,ETH,2685.74,42.0,1,🟡 AGUARDAR,-0.79,📉 QUEDA,0,RSI 42 baixo | SMA9<SMA21 | Acima SMA50 | MACD- | Bônus tendência,0.0,
2026-09-26 03:14:19,SOL,120.69,58.6,0,🟡 AGUARDAR,-2.9,📉 QUEDA,0,RSI 59 alto (atenuado) | SMA9>SMA21 | Acima SMA50 | MACD- | Bônus tendência | LSTM -2.9%,0.0,
2026-09-26 03:14:19,BNB,774.47,52.0,-1,🟡 AGUARDAR,-0.3,📉 QUEDA,0,RSI 52 neutro | SMA9<SMA21 | Abaixo SMA50 | MACD+,0.0,
2026-09-26 03:14:19,ADA,0.26,55.0,1,🟡 AGUARDAR,-1.37,📉 QUEDA,0,RSI 55 alto (atenuado) | SMA9>SMA21 | Acima SMA50 | MACD- | Bônus tendência,0.0,
2026-09-26 03:14:19,PETR4,49.26,60.0,1,🟡 AGUARDAR,-0.42,📉 QUEDA,0,RSI 60 alto (atenuado) | SMA9>SMA21 | Acima SMA50 | MACD- | Bônus tendência,0.0,
2026-09-26 03:14:19,VALE3,70.66,19.3,1,🟡 AGUARDAR,6.83,📈 ALTA,0,RSI 19 sobrevendido | SMA9<SMA21 | Abaixo SMA50 | MACD- | LSTM +6.8%,0.0,
2026-09-26 03:14:19,ITUB4,41.87,49.6,4,🟢 COMPRAR,2.33,📈 ALTA,0,RSI 50 neutro | SMA9>SMA21 | Acima SMA50 | MACD+ | LSTM +2.3%,0.0,
2026-09-26 03:14:19,BBAS3,21.54,40.5,4,🟢 COMPRAR,5.27,📈 ALTA,0,RSI 40 baixo | SMA9>SMA21 | Acima SMA50 | MACD- | Bônus tendência | LSTM +5.3%,0.0,
2026-09-26 03:14:19,WEGE3,50.74,41.8,3,🟢 COMPRAR,-0.2,📉 QUEDA,0,RSI 42 baixo | SMA9>SMA21 | Acima SMA50 | MACD- | Bônus tendência,0.0,
2026-09-26 09:15:03,BTC,83999.15,54.1,0,🟡 AGUARDAR,-0.67,📉 QUEDA,0,RSI 54 neutro | SMA9>SMA21 | Abaixo SMA50 | MACD+ | Penalidade tendência,0.0,
2026-09-26 09:15:03,ETH,2682.27,48.3,-3,🔴 VENDER,-0.68,📉 QUEDA,0,RSI 48 neutro | SMA9<SMA21 | Abaixo SMA50 | MACD-,0.0,
2026-09-26 09:15:03,SOL,120.13,38.4,0,🟡 AGUARDAR,-3.07,📉 QUEDA,0,RSI 38 baixo | SMA9<SMA21 | Acima SMA50 | MACD- | Bônus tendência | LSTM -3.1%,0.0,
2026-09-26 09:15:03,BNB,771.46,43.8,-2,🟡 AGUARDAR,-0.02,📉 QUEDA,0,RSI 44 baixo | SMA9<SMA21 | Abaixo SMA50 | MACD-,0.0,
2026-09-26 09:15:03,ADA,0.25,48.1,0,🟡 AGUARDAR,-0.51,📉 QUEDA,0,RSI 48 neutro | SMA9<SMA21 | Acima SMA50 | MACD- | Bônus tendência,0.0,
2026-09-26 09:15:03,PETR4,48.07,55.2,1,🟡 AGUARDAR,1.88,📈 ALTA,0,RSI 55 alto (atenuado) | SMA9>SMA21 | Acima SMA50 | MACD- | Bônus tendência,0.0,
2026-09-26 09:15:03,VALE3,70.77,18.9,1,🟡 AGUARDAR,6.04,📈 ALTA,0,RSI 19 sobrevendido | SMA9<SMA21 | Abaixo SMA50 | MACD- | LSTM +6.0%,0.0,
2026-09-26 09:15:03,ITUB4,42.13,51.8,1,🟡 AGUARDAR,1.34,📈 ALTA,0,RSI 52 neutro | SMA9>SMA21 | Acima SMA50 | MACD-,0.0,
2026-09-26 09:15:03,BBAS3,21.59,40.2,4,🟢 COMPRAR,3.95,📈 ALTA,0,RSI 40 baixo | SMA9>SMA21 | Acima SMA50 | MACD- | Bônus tendência | LSTM +4.0%,0.0,
2026-09-26 09:15:03,WEGE3,51.07,45.8,2,🟢 COMPRAR (conf.),-0.85,📉 QUEDA,0,RSI 46 neutro | SMA9>SMA21 | Acima SMA50 | MACD- | Bônus tendência,0.0,
2026-09-26 10:14:50,BTC,84093.91,59.9,0,🟡 AGUARDAR,-0.76,📉 QUEDA,0,RSI 60 alto | SMA9>SMA21 | Abaixo SMA50 | MACD+,0.0,
2026-09-26 10:14:50,ETH,2686.54,55.3,-1,🟡 AGUARDAR,-0.84,📉 QUEDA,0,RSI 55 alto (atenuado) | SMA9<SMA21 | Acima SMA50 | MACD- | Bônus tendência,0.0,
2026-09-26 10:14:50,SOL,120.3,44.1,0,🟡 AGUARDAR,-3.34,📉 QUEDA,0,RSI 44 baixo | SMA9<SMA21 | Acima SMA50 | MACD- | Bônus tendência | LSTM -3.3%,0.0,
2026-09-26 10:14:50,BNB,772.61,49.7,-3,🔴 VENDER,-0.21,📉 QUEDA,0,RSI 50 neutro | SMA9<SMA21 | Abaixo SMA50 | MACD-,0.0,
2026-09-26 10:14:50,ADA,0.26,56.5,-1,🟡 AGUARDAR,-1.83,📉 QUEDA,0,RSI 56 alto (atenuado) | SMA9<SMA21 | Acima SMA50 | MACD- | Bônus tendência,0.0,
2026-09-26 10:14:50,PETR4,48.07,55.2,1,🟡 AGUARDAR,1.88,📈 ALTA,0,RSI 55 alto (atenuado) | SMA9>SMA21 | Acima SMA50 | MACD- | Bônus tendência,0.0,
2026-09-26 10:14:50,VALE3,70.77,18.9,1,🟡 AGUARDAR,6.04,📈 ALTA,0,RSI 19 sobrevendido | SMA9<SMA21 | Abaixo SMA50 | MACD- | LSTM +6.0%,0.0,
2026-09-26 10:14:50,ITUB4,42.13,51.8,1,🟡 AGUARDAR,1.35,📈 ALTA,0,RSI 52 neutro | SMA9>SMA21 | Acima SMA50 | MACD-,0.0,
2026-09-26 10:14:50,BBAS3,21.59,40.2,4,🟢 COMPRAR,3.95,📈 ALTA,0,RSI 40 baixo | SMA9>SMA21 | Acima SMA50 | MACD- | Bônus tendência | LSTM +4.0%,0.0,
2026-09-26 10:14:50,WEGE3,51.07,45.8,2,🟢 COMPRAR (conf.),-0.85,📉 QUEDA,0,RSI 46 neutro | SMA9>SMA21 | Acima SMA50 | MACD- | Bônus tendência,0.0,
2026-09-26 11:07:24,BTC,84135.03,52.4,3,🟢 COMPRAR,-0.78,📉 QUEDA,0,RSI 52 neutro | SMA9>SMA21 | Acima SMA50 | MACD+,0.0,
2026-09-26 11:07:24,ETH,2685.42,42.8,-2,🟡 AGUARDAR,-0.81,📉 QUEDA,0,RSI 43 baixo | SMA9<SMA21 | Abaixo SMA50 | MACD-,0.0,
2026-09-26 11:07:24,SOL,120.39,32.8,1,🟡 AGUARDAR,-3.53,📉 QUEDA,0,RSI 33 sobrevendido | SMA9<SMA21 | Acima SMA50 | MACD- | Bônus tendência | LSTM -3.5%,0.0,
2026-09-26 11:07:24,BNB,774.25,42.0,0,🟡 AGUARDAR,-0.42,📉 QUEDA,0,RSI 42 baixo | SMA9<SMA21 | Abaixo SMA50 | MACD+,0.0,
2026-09-26 11:07:24,ADA,0.26,48.5,0,🟡 AGUARDAR,-1.95,📉 QUEDA,0,RSI 49 neutro | SMA9<SMA21 | Acima SMA50 | MACD- | Bônus tendência,0.0,
2026-09-26 11:07:24,PETR4,48.07,55.2,1,🟡 AGUARDAR,1.88,📈 ALTA,0,RSI 55 alto (atenuado) | SMA9>SMA21 | Acima SMA50 | MACD- | Bônus tendência,0.0,
2026-09-26 11:07:24,VALE3,70.77,18.9,1,🟡 AGUARDAR,6.04,📈 ALTA,0,RSI 19 sobrevendido | SMA9<SMA21 | Abaixo SMA50 | MACD- | LSTM +6.0%,0.0,
2026-09-26 11:07:24,ITUB4,42.13,51.8,1,🟡 AGUARDAR,1.34,📈 ALTA,0,RSI 52 neutro | SMA9>SMA21 | Acima SMA50 | MACD-,0.0,
2026-09-26 11:07:24,BBAS3,21.59,40.2,4,🟢 COMPRAR,3.95,📈 ALTA,0,RSI 40 baixo | SMA9>SMA21 | Acima SMA50 | MACD- | Bônus tendência | LSTM +4.0%,0.0,
2026-09-26 11:07:24,WEGE3,51.07,45.8,2,🟢 COMPRAR (conf.),-0.85,📉 QUEDA,0,RSI 46 neutro | SMA9>SMA21 | Acima SMA50 | MACD- | Bônus tendência,0.0,
2026-09-26 11:38:30,BTC,84185.98,54.3,3,🟢 COMPRAR,-0.84,📉 QUEDA,0,RSI 54 neutro | SMA9>SMA21 | Acima SMA50 | MACD+,0.0,
2026-09-26 11:38:30,ETH,2689.47,47.7,0,🟡 AGUARDAR,-0.95,📉 QUEDA,0,RSI 48 neutro | SMA9<SMA21 | Acima SMA50 | MACD- | Bônus tendência,0.0,
2026-09-26 11:38:30,SOL,121.24,41.6,0,🟡 AGUARDAR,-4.19,📉 QUEDA,0,RSI 42 baixo | SMA9<SMA21 | Acima SMA50 | MACD- | Bônus tendência | LSTM -4.2%,0.0,
2026-09-26 11:38:30,BNB,775.95,48.8,1,🟡 AGUARDAR,-0.62,📉 QUEDA,0,RSI 49 neutro | SMA9<SMA21 | Acima SMA50 | MACD+,0.0,
2026-09-26 11:38:30,ADA,0.26,50.0,-1,🟡 AGUARDAR,-2.2,📉 QUEDA,0,RSI 50 neutro | SMA9<SMA21 | Acima SMA50 | MACD- | Bônus tendência | LSTM -2.2%,0.0,
2026-09-26 11:38:30,PETR4,48.07,55.2,1,🟡 AGUARDAR,1.88,📈 ALTA,0,RSI 55 alto (atenuado) | SMA9>SMA21 | Acima SMA50 | MACD- | Bônus tendência,0.0,
2026-09-26 11:38:30,VALE3,70.77,18.9,1,🟡 AGUARDAR,6.04,📈 ALTA,0,RSI 19 sobrevendido | SMA9<SMA21 | Abaixo SMA50 | MACD- | LSTM +6.0%,0.0,
2026-09-26 11:38:30,ITUB4,42.13,51.8,1,🟡 AGUARDAR,1.34,📈 ALTA,0,RSI 52 neutro | SMA9>SMA21 | Acima SMA50 | MACD-,0.0,
2026-09-26 11:38:30,BBAS3,21.59,40.2,4,🟢 COMPRAR,3.95,📈 ALTA,0,RSI 40 baixo | SMA9>SMA21 | Acima SMA50 | MACD- | Bônus tendência | LSTM +4.0%,0.0,
2026-09-26 11:38:30,WEGE3,51.07,45.8,2,🟢 COMPRAR (conf.),-0.85,📉 QUEDA,0,RSI 46 neutro | SMA9>SMA21 | Acima SMA50 | MACD- | Bônus tendência,0.0,
2026-09-26 12:09:03,BTC,84134.0,51.5,1,🟡 AGUARDAR,-0.75,📉 QUEDA,0,RSI 52 neutro | SMA9>SMA21 | Abaixo SMA50 | MACD+,0.0,
2026-09-26 12:09:03,ETH,2688.65,46.8,0,🟡 AGUARDAR,-0.92,📉 QUEDA,0,RSI 47 neutro | SMA9<SMA21 | Acima SMA50 | MACD- | Bônus tendência,0.0,
2026-09-26 12:09:03,SOL,121.21,41.7,0,🟡 AGUARDAR,-4.22,📉 QUEDA,0,RSI 42 baixo | SMA9<SMA21 | Acima SMA50 | MACD- | Bônus tendência | LSTM -4.2%,0.0,
2026-09-26 12:09:03,BNB,775.21,43.8,0,🟡 AGUARDAR,-0.51,📉 QUEDA,0,RSI 44 baixo | SMA9<SMA21 | Abaixo SMA50 | MACD+,0.0,
2026-09-26 12:09:03,ADA,0.26,47.1,-1,🟡 AGUARDAR,-2.24,📉 QUEDA,0,RSI 47 neutro | SMA9<SMA21 | Acima SMA50 | MACD- | Bônus tendência | LSTM -2.2%,0.0,
2026-09-26 12:09:03,PETR4,48.07,55.2,1,🟡 AGUARDAR,1.88,📈 ALTA,0,RSI 55 alto (atenuado) | SMA9>SMA21 | Acima SMA50 | MACD- | Bônus tendência,0.0,
2026-09-26 12:09:03,VALE3,70.77,18.9,1,🟡 AGUARDAR,6.04,📈 ALTA,0,RSI 19 sobrevendido | SMA9<SMA21 | Abaixo SMA50 | MACD- | LSTM +6.0%,0.0,
2026-09-26 12:09:03,ITUB4,42.13,51.8,1,🟡 AGUARDAR,1.35,📈 ALTA,0,RSI 52 neutro | SMA9>SMA21 | Acima SMA50 | MACD-,0.0,
2026-09-26 12:09:03,BBAS3,21.59,40.2,4,🟢 COMPRAR,3.95,📈 ALTA,0,RSI 40 baixo | SMA9>SMA21 | Acima SMA50 | MACD- | Bônus tendência | LSTM +4.0%,0.0,
2026-09-26 12:09:03,WEGE3,51.07,45.8,2,🟢 COMPRAR (conf.),-0.85,📉 QUEDA,0,RSI 46 neutro | SMA9>SMA21 | Acima SMA50 | MACD- | Bônus tendência,0.0,
2026-09-26 12:42:04,BTC,84034.59,48.0,1,🟡 AGUARDAR,-0.64,📉 QUEDA,0,RSI 48 neutro | SMA9>SMA21 | Abaixo SMA50 | MACD+,0.0,
2026-09-26 12:42:04,ETH,2685.93,44.0,-2,🟡 AGUARDAR,-0.82,📉 QUEDA,0,RSI 44 baixo | SMA9<SMA21 | Abaixo SMA50 | MACD-,0.0,
2026-09-26 12:42:04,SOL,120.92,39.7,0,🟡 AGUARDAR,-4.0,📉 QUEDA,0,RSI 40 baixo | SMA9<SMA21 | Acima SMA50 | MACD- | Bônus tendência | LSTM -4.0%,0.0,
2026-09-26 12:42:04,BNB,774.03,40.0,0,🟡 AGUARDAR,-0.37,📉 QUEDA,0,RSI 40 baixo | SMA9<SMA21 | Abaixo SMA50 | MACD+,0.0,
2026-09-26 12:42:04,ADA,0.25,41.1,1,🟡 AGUARDAR,-1.15,📉 QUEDA,0,RSI 41 baixo | SMA9<SMA21 | Acima SMA50 | MACD- | Bônus tendência,0.0,
2026-09-26 12:42:04,PETR4,48.07,55.2,1,🟡 AGUARDAR,1.88,📈 ALTA,0,RSI 55 alto (atenuado) | SMA9>SMA21 | Acima SMA50 | MACD- | Bônus tendência,0.0,
2026-09-26 12:42:04,VALE3,70.77,18.9,1,🟡 AGUARDAR,6.04,📈 ALTA,0,RSI 19 sobrevendido | SMA9<SMA21 | Abaixo SMA50 | MACD- | LSTM +6.0%,0.0,
2026-09-26 12:42:04,ITUB4,42.13,51.8,1,🟡 AGUARDAR,1.34,📈 ALTA,0,RSI 52 neutro | SMA9>SMA21 | Acima SMA50 | MACD-,0.0,
2026-09-26 12:42:04,BBAS3,21.59,40.2,4,🟢 COMPRAR,3.95,📈 ALTA,0,RSI 40 baixo | SMA9>SMA21 | Acima SMA50 | MACD- | Bônus tendência | LSTM +4.0%,0.0,
2026-09-26 12:42:04,WEGE3,51.07,45.8,2,🟢 COMPRAR (conf.),-0.85,📉 QUEDA,0,RSI 46 neutro | SMA9>SMA21 | Acima SMA50 | MACD- | Bônus tendência,0.0,
2026-09-26 13:09:37,BTC,84069.29,56.6,0,🟡 AGUARDAR,-0.67,📉 QUEDA,0,RSI 57 alto | SMA9>SMA21 | Abaixo SMA50 | MACD+,0.0,
2026-09-26 13:09:37,ETH,2689.52,53.6,2,🟢 COMPRAR (conf.),-0.94,📉 QUEDA,0,RSI 54 neutro | SMA9<SMA21 | Acima SMA50 | MACD+ | Bônus tendência,0.0,
2026-09-26 13:09:37,SOL,121.09,46.0,-1,🟡 AGUARDAR,-4.18,📉 QUEDA,0,RSI 46 neutro | SMA9<SMA21 | Acima SMA50 | MACD- | Bônus tendência | LSTM -4.2%,0.0,
2026-09-26 13:09:37,BNB,774.2,44.5,0,🟡 AGUARDAR,-0.38,📉 QUEDA,0,RSI 45 baixo | SMA9<SMA21 | Abaixo SMA50 | MACD+,0.0,
2026-09-26 13:09:37,ADA,0.26,47.5,0,🟡 AGUARDAR,-1.74,📉 QUEDA,0,RSI 48 neutro | SMA9<SMA21 | Acima SMA50 | MACD- | Bônus tendência,0.0,
2026-09-26 13:09:37,PETR4,48.07,55.2,1,🟡 AGUARDAR,1.88,📈 ALTA,0,RSI 55 alto (atenuado) | SMA9>SMA21 | Acima SMA50 | MACD- | Bônus tendência,0.0,
2026-09-26 13:09:37,VALE3,70.77,18.9,1,🟡 AGUARDAR,6.04,📈 ALTA,0,RSI 19 sobrevendido | SMA9<SMA21 | Abaixo SMA50 | MACD- | LSTM +6.0%,0.0,
2026-09-26 13:09:37,ITUB4,42.13,51.8,1,🟡 AGUARDAR,1.34,📈 ALTA,0,RSI 52 neutro | SMA9>SMA21 | Acima SMA50 | MACD-,0.0,
2026-09-26 13:09:37,BBAS3,21.59,40.2,4,🟢 COMPRAR,3.95,📈 ALTA,0,RSI 40 baixo | SMA9>SMA21 | Acima SMA50 | MACD- | Bônus tendência | LSTM +4.0%,0.0,
2026-09-26 13:09:37,WEGE3,51.07,45.8,2,🟢 COMPRAR (conf.),-0.85,📉 QUEDA,0,RSI 46 neutro | SMA9>SMA21 | Acima SMA50 | MACD- | Bônus tendência,0.0,
2026-09-26 13:25:16,BTC,83930.41,50.9,1,🟡 AGUARDAR,-0.51,📉 QUEDA,0,RSI 51 neutro | SMA9>SMA21 | Abaixo SMA50 | MACD+,0.0,
2026-09-26 13:25:16,ETH,2684.66,47.4,-3,🔴 VENDER,-0.78,📉 QUEDA,0,RSI 47 neutro | SMA9<SMA21 | Abaixo SMA50 | MACD-,0.0,
2026-09-26 13:25:16,SOL,120.59,41.7,0,🟡 AGUARDAR,-3.79,📉 QUEDA,0,RSI 42 baixo | SMA9<SMA21 | Acima SMA50 | MACD- | Bônus tendência | LSTM -3.8%,0.0,
2026-09-26 13:25:16,BNB,772.44,38.9,-2,🟡 AGUARDAR,-0.17,📉 QUEDA,0,RSI 39 baixo | SMA9<SMA21 | Abaixo SMA50 | MACD-,0.0,
2026-09-26 13:25:16,ADA,0.25,43.6,1,🟡 AGUARDAR,-1.14,📉 QUEDA,0,RSI 44 baixo | SMA9<SMA21 | Acima SMA50 | MACD- | Bônus tendência,0.0,
2026-09-26 13:25:16,PETR4,48.07,55.2,1,🟡 AGUARDAR,1.88,📈 ALTA,0,RSI 55 alto (atenuado) | SMA9>SMA21 | Acima SMA50 | MACD- | Bônus tendência,0.0,
2026-09-26 13:25:16,VALE3,70.77,18.9,1,🟡 AGUARDAR,6.04,📈 ALTA,0,RSI 19 sobrevendido | SMA9<SMA21 | Abaixo SMA50 | MACD- | LSTM +6.0%,0.0,
2026-09-26 13:25:16,ITUB4,42.13,51.8,1,🟡 AGUARDAR,1.35,📈 ALTA,0,RSI 52 neutro | SMA9>SMA21 | Acima SMA50 | MACD-,0.0,
2026-09-26 13:25:16,BBAS3,21.59,40.2,4,🟢 COMPRAR,3.95,📈 ALTA,0,RSI 40 baixo | SMA9>SMA21 | Acima SMA50 | MACD- | Bônus tendência | LSTM +4.0%,0.0,
2026-09-26 13:25:16,WEGE3,51.07,45.8,2,🟢 COMPRAR (conf.),-0.85,📉 QUEDA,0,RSI 46 neutro | SMA9>SMA21 | Acima SMA50 | MACD- | Bônus tendência,0.0,
2026-09-26 13:39:09,BTC,83922.66,50.7,1,🟡 AGUARDAR,-0.5,📉 QUEDA,0,RSI 51 neutro | SMA9>SMA21 | Abaixo SMA50 | MACD+,0.0,
2026-09-26 13:39:09,ETH,2683.77,46.4,-3,🔴 VENDER,-0.75,📉 QUEDA,0,RSI 46 neutro | SMA9<SMA21 | Abaixo SMA50 | MACD-,0.0,
2026-09-26 13:39:09,SOL,120.67,42.4,0,🟡 AGUARDAR,-3.86,📉 QUEDA,0,RSI 42 baixo | SMA9<SMA21 | Acima SMA50 | MACD- | Bônus tendência | LSTM -3.9%,0.0,
2026-09-26 13:39:09,BNB,772.03,37.8,-2,🟡 AGUARDAR,-0.13,📉 QUEDA,0,RSI 38 baixo | SMA9<SMA21 | Abaixo SMA50 | MACD-,0.0,
2026-09-26 13:39:09,ADA,0.26,45.5,0,🟡 AGUARDAR,-1.47,📉 QUEDA,0,RSI 45 neutro | SMA9<SMA21 | Acima SMA50 | MACD- | Bônus tendência,0.0,
2026-09-26 13:39:09,PETR4,48.07,55.2,1,🟡 AGUARDAR,1.88,📈 ALTA,0,RSI 55 alto (atenuado) | SMA9>SMA21 | Acima SMA50 | MACD- | Bônus tendência,0.0,
2026-09-26 13:39:09,VALE3,70.77,18.9,1,🟡 AGUARDAR,6.04,📈 ALTA,0,RSI 19 sobrevendido | SMA9<SMA21 | Abaixo SMA50 | MACD- | LSTM +6.0%,0.0,
2026-09-26 13:39:09,ITUB4,42.13,51.8,1,🟡 AGUARDAR,1.35,📈 ALTA,0,RSI 52 neutro | SMA9>SMA21 | Acima SMA50 | MACD-,0.0,
2026-09-26 13:39:09,BBAS3,21.59,40.2,4,🟢 COMPRAR,3.95,📈 ALTA,0,RSI 40 baixo | SMA9>SMA21 | Acima SMA50 | MACD- | Bônus tendência | LSTM +4.0%,0.0,
2026-09-26 13:39:09,WEGE3,51.07,45.8,2,🟢 COMPRAR (conf.),-0.85,📉 QUEDA,0,RSI 46 neutro | SMA9>SMA21 | Acima SMA50 | MACD- | Bônus tendência,0.0,
2026-09-26 13:51:28,BTC,83933.1,51.0,1,🟡 AGUARDAR,-0.51,📉 QUEDA,0,RSI 51 neutro | SMA9>SMA21 | Abaixo SMA50 | MACD+,0.0,
2026-09-26 13:51:28,ETH,2684.88,47.8,-3,🔴 VENDER,-0.78,📉 QUEDA,0,RSI 48 neutro | SMA9<SMA21 | Abaixo SMA50 | MACD-,0.0,
2026-09-26 13:51:28,SOL,120.78,43.3,0,🟡 AGUARDAR,-3.95,📉 QUEDA,0,RSI 43 baixo | SMA9<SMA21 | Acima SMA50 | MACD- | Bônus tendência | LSTM -4.0%,0.0,
2026-09-26 13:51:28,BNB,772.59,39.3,-2,🟡 AGUARDAR,-0.19,📉 QUEDA,0,RSI 39 baixo | SMA9<SMA21 | Abaixo SMA50 | MACD-,0.0,
2026-09-26 13:51:28,ADA,0.26,46.0,0,🟡 AGUARDAR,-1.52,📉 QUEDA,0,RSI 46 neutro | SMA9<SMA21 | Acima SMA50 | MACD- | Bônus tendência,0.0,
2026-09-26 13:51:28,PETR4,48.07,55.2,1,🟡 AGUARDAR,1.88,📈 ALTA,0,RSI 55 alto (atenuado) | SMA9>SMA21 | Acima SMA50 | MACD- | Bônus tendência,0.0,
2026-09-26 13:51:28,VALE3,70.77,18.9,1,🟡 AGUARDAR,6.04,📈 ALTA,0,RSI 19 sobrevendido | SMA9<SMA21 | Abaixo SMA50 | MACD- | LSTM +6.0%,0.0,
2026-09-26 13:51:28,ITUB4,42.13,51.8,1,🟡 AGUARDAR,1.34,📈 ALTA,0,RSI 52 neutro | SMA9>SMA21 | Acima SMA50 | MACD-,0.0,
2026-09-26 13:51:28,BBAS3,21.59,40.2,4,🟢 COMPRAR,3.95,📈 ALTA,0,RSI 40 baixo | SMA9>SMA21 | Acima SMA50 | MACD- | Bônus tendência | LSTM +4.0%,0.0,
2026-09-26 13:51:28,WEGE3,51.07,45.8,2,🟢 COMPRAR (conf.),-0.85,📉 QUEDA,0,RSI 46 neutro | SMA9>SMA21 | Acima SMA50 | MACD- | Bônus tendência,0.0,
2026-09-26 14:10:13,BTC,83924.13,43.8,2,🟡 AGUARDAR,-0.51,📉 QUEDA,0,RSI 44 baixo | SMA9>SMA21 | Abaixo SMA50 | MACD+,0.0,
2026-09-26 14:10:13,ETH,2685.94,40.8,-2,🟡 AGUARDAR,-0.82,📉 QUEDA,0,RSI 41 baixo | SMA9<SMA21 | Abaixo SMA50 | MACD-,0.0,
2026-09-26 14:10:13,SOL,120.74,37.2,0,🟡 AGUARDAR,-3.96,📉 QUEDA,0,RSI 37 baixo | SMA9<SMA21 | Acima SMA50 | MACD- | Bônus tendência | LSTM -4.0%,0.0,
2026-09-26 14:10:13,BNB,772.36,37.8,-2,🟡 AGUARDAR,-0.18,📉 QUEDA,0,RSI 38 baixo | SMA9<SMA21 | Abaixo SMA50 | MACD-,0.0,
2026-09-26 14:10:13,ADA,0.26,32.8,2,🟢 COMPRAR (conf.),-1.61,📉 QUEDA,0,RSI 33 sobrevendido | SMA9<SMA21 | Acima SMA50 | MACD- | Bônus tendência,0.0,
2026-09-26 14:10:13,PETR4,48.07,55.2,1,🟡 AGUARDAR,1.88,📈 ALTA,0,RSI 55 alto (atenuado) | SMA9>SMA21 | Acima SMA50 | MACD- | Bônus tendência,0.0,
2026-09-26 14:10:13,VALE3,70.77,18.9,1,🟡 AGUARDAR,6.04,📈 ALTA,0,RSI 19 sobrevendido | SMA9<SMA21 | Abaixo SMA50 | MACD- | LSTM +6.0%,0.0,
2026-09-26 14:10:13,ITUB4,42.13,51.8,1,🟡 AGUARDAR,1.34,📈 ALTA,0,RSI 52 neutro | SMA9>SMA21 | Acima SMA50 | MACD-,0.0,
2026-09-26 14:10:13,BBAS3,21.59,40.2,4,🟢 COMPRAR,3.95,📈 ALTA,0,RSI 40 baixo | SMA9>SMA21 | Acima SMA50 | MACD- | Bônus tendência | LSTM +4.0%,0.0,
2026-09-26 14:10:13,WEGE3,51.07,45.8,2,🟢 COMPRAR (conf.),-0.85,📉 QUEDA,0,RSI 46 neutro | SMA9>SMA21 | Acima SMA50 | MACD- | Bônus tendência,0.0,
2026-09-26 14:26:36,BTC,83955.55,45.1,1,🟡 AGUARDAR,-0.54,📉 QUEDA,0,RSI 45 neutro | SMA9>SMA21 | Abaixo SMA50 | MACD+,0.0,
2026-09-26 14:26:36,ETH,2687.39,43.1,-2,🟡 AGUARDAR,-0.87,📉 QUEDA,0,RSI 43 baixo | SMA9<SMA21 | Abaixo SMA50 | MACD-,0.0,
2026-09-26 14:26:36,SOL,120.97,39.8,0,🟡 AGUARDAR,-4.14,📉 QUEDA,0,RSI 40 baixo | SMA9<SMA21 | Acima SMA50 | MACD- | Bônus tendência | LSTM -4.1%,0.0,
2026-09-26 14:26:36,BNB,772.94,40.2,-2,🟡 AGUARDAR,-0.25,📉 QUEDA,0,RSI 40 baixo | SMA9<SMA21 | Abaixo SMA50 | MACD-,0.0,
2026-09-26 14:26:36,ADA,0.26,32.1,2,🟢 COMPRAR (conf.),-1.59,📉 QUEDA,0,RSI 32 sobrevendido | SMA9<SMA21 | Acima SMA50 | MACD- | Bônus tendência,0.0,
2026-09-26 14:26:36,PETR4,48.07,55.2,1,🟡 AGUARDAR,1.88,📈 ALTA,0,RSI 55 alto (atenuado) | SMA9>SMA21 | Acima SMA50 | MACD- | Bônus tendência,0.0,
2026-09-26 14:26:36,VALE3,70.77,18.9,1,🟡 AGUARDAR,6.04,📈 ALTA,0,RSI 19 sobrevendido | SMA9<SMA21 | Abaixo SMA50 | MACD- | LSTM +6.0%,0.0,
2026-09-26 14:26:36,ITUB4,42.13,51.8,1,🟡 AGUARDAR,1.34,📈 ALTA,0,RSI 52 neutro | SMA9>SMA21 | Acima SMA50 | MACD-,0.0,
2026-09-26 14:26:36,BBAS3,21.59,40.2,4,🟢 COMPRAR,3.95,📈 ALTA,0,RSI 40 baixo | SMA9>SMA21 | Acima SMA50 | MACD- | Bônus tendência | LSTM +4.0%,0.0,
2026-09-26 14:26:36,WEGE3,51.07,45.8,2,🟢 COMPRAR (conf.),-0.85,📉 QUEDA,0,RSI 46 neutro | SMA9>SMA21 | Acima SMA50 | MACD- | Bônus tendência,0.0,
2026-09-26 14:40:31,BTC,83992.55,46.8,1,🟡 AGUARDAR,-0.58,📉 QUEDA,0,RSI 47 neutro | SMA9>SMA21 | Abaixo SMA50 | MACD+,0.0,
2026-09-26 14:40:31,ETH,2687.59,43.4,-2,🟡 AGUARDAR,-0.88,📉 QUEDA,0,RSI 43 baixo | SMA9<SMA21 | Abaixo SMA50 | MACD-,0.0,
2026-09-26 14:40:31,SOL,120.9,39.0,0,🟡 AGUARDAR,-4.09,📉 QUEDA,0,RSI 39 baixo | SMA9<SMA21 | Acima SMA50 | MACD- | Bônus tendência | LSTM -4.1%,0.0,
2026-09-26 14:40:31,BNB,773.24,41.4,-2,🟡 AGUARDAR,-0.29,📉 QUEDA,0,RSI 41 baixo | SMA9<SMA21 | Abaixo SMA50 | MACD-,0.0,
2026-09-26 14:40:31,ADA,0.26,34.1,2,🟢 COMPRAR (conf.),-1.81,📉 QUEDA,0,RSI 34 sobrevendido | SMA9<SMA21 | Acima SMA50 | MACD- | Bônus tendência,0.0,
2026-09-26 14:40:31,PETR4,48.07,55.2,1,🟡 AGUARDAR,1.88,📈 ALTA,0,RSI 55 alto (atenuado) | SMA9>SMA21 | Acima SMA50 | MACD- | Bônus tendência,0.0,
2026-09-26 14:40:31,VALE3,70.77,18.9,1,🟡 AGUARDAR,6.04,📈 ALTA,0,RSI 19 sobrevendido | SMA9<SMA21 | Abaixo SMA50 | MACD- | LSTM +6.0%,0.0,
2026-09-26 14:40:31,ITUB4,42.13,51.8,1,🟡 AGUARDAR,1.34,📈 ALTA,0,RSI 52 neutro | SMA9>SMA21 | Acima SMA50 | MACD-,0.0,
2026-09-26 14:40:31,BBAS3,21.59,40.2,4,🟢 COMPRAR,3.95,📈 ALTA,0,RSI 40 baixo | SMA9>SMA21 | Acima SMA50 | MACD- | Bônus tendência | LSTM +4.0%,0.0,
2026-09-26 14:40:31,WEGE3,51.07,45.8,2,🟢 COMPRAR (conf.),-0.85,📉 QUEDA,0,RSI 46 neutro | SMA9>SMA21 | Acima SMA50 | MACD- | Bônus tendência,0.0,
2026-09-26 14:52:39,BTC,84035.0,48.5,1,🟡 AGUARDAR,-0.63,📉 QUEDA,0,RSI 49 neutro | SMA9>SMA21 | Abaixo SMA50 | MACD+,0.0,
2026-09-26 14:52:39,ETH,2689.1,45.7,0,🟡 AGUARDAR,-0.93,📉 QUEDA,0,RSI 46 neutro | SMA9<SMA21 | Acima SMA50 | MACD- | Bônus tendência,0.0,
2026-09-26 14:52:39,SOL,121.0,40.2,0,🟡 AGUARDAR,-4.16,📉 QUEDA,0,RSI 40 baixo | SMA9<SMA21 | Acima SMA50 | MACD- | Bônus tendência | LSTM -4.2%,0.0,
2026-09-26 14:52:39,BNB,773.73,43.2,0,🟡 AGUARDAR,-0.35,📉 QUEDA,0,RSI 43 baixo | SMA9<SMA21 | Abaixo SMA50 | MACD+,0.0,
2026-09-26 14:52:39,ADA,0.26,36.5,0,🟡 AGUARDAR,-2.04,📉 QUEDA,0,RSI 36 baixo | SMA9<SMA21 | Acima SMA50 | MACD- | Bônus tendência | LSTM -2.0%,0.0,
2026-09-26 14:52:39,PETR4,48.07,55.2,1,🟡 AGUARDAR,1.88,📈 ALTA,0,RSI 55 alto (atenuado) | SMA9>SMA21 | Acima SMA50 | MACD- | Bônus tendência,0.0,
2026-09-26 14:52:39,VALE3,70.77,18.9,1,🟡 AGUARDAR,6.04,📈 ALTA,0,RSI 19 sobrevendido | SMA9<SMA21 | Abaixo SMA50 | MACD- | LSTM +6.0%,0.0,
2026-09-26 14:52:39,ITUB4,42.13,51.8,1,🟡 AGUARDAR,1.34,📈 ALTA,0,RSI 52 neutro | SMA9>SMA21 | Acima SMA50 | MACD-,0.0,
2026-09-26 14:52:39,BBAS3,21.59,40.2,4,🟢 COMPRAR,3.95,📈 ALTA,0,RSI 40 baixo | SMA9>SMA21 | Acima SMA50 | MACD- | Bônus tendência | LSTM +4.0%,0.0,
2026-09-26 14:52:39,WEGE3,51.07,45.8,2,🟢 COMPRAR (conf.),-0.85,📉 QUEDA,0,RSI 46 neutro | SMA9>SMA21 | Acima SMA50 | MACD- | Bônus tendência,0.0,
2026-09-26 15:10:17,BTC,84012.05,50.5,1,🟡 AGUARDAR,-0.61,📉 QUEDA,0,RSI 51 neutro | SMA9>SMA21 | Abaixo SMA50 | MACD+,0.0,
2026-09-26 15:10:17,ETH,2688.7,47.2,1,🟡 AGUARDAR,-0.91,📉 QUEDA,0,RSI 47 neutro | SMA9<SMA21 | Acima SMA50 | MACD+,0.0,
2026-09-26 15:10:17,SOL,120.93,43.2,0,🟡 AGUARDAR,-4.15,📉 QUEDA,0,RSI 43 baixo | SMA9<SMA21 | Acima SMA50 | MACD- | Bônus tendência | LSTM -4.2%,0.0,
2026-09-26 15:10:17,BNB,774.12,47.2,-1,🟡 AGUARDAR,-0.38,📉 QUEDA,0,RSI 47 neutro | SMA9<SMA21 | Abaixo SMA50 | MACD+,0.0,
2026-09-26 15:10:17,ADA,0.26,42.9,1,🟡 AGUARDAR,-1.93,📉 QUEDA,0,RSI 43 baixo | SMA9<SMA21 | Acima SMA50 | MACD- | Bônus tendência,0.0,
2026-09-26 15:10:17,PETR4,48.07,55.2,1,🟡 AGUARDAR,1.88,📈 ALTA,0,RSI 55 alto (atenuado) | SMA9>SMA21 | Acima SMA50 | MACD- | Bônus tendência,0.0,
2026-09-26 15:10:17,VALE3,70.77,18.9,1,🟡 AGUARDAR,6.04,📈 ALTA,0,RSI 19 sobrevendido | SMA9<SMA21 | Abaixo SMA50 | MACD- | LSTM +6.0%,0.0,
2026-09-26 15:10:17,ITUB4,42.13,51.8,1,🟡 AGUARDAR,1.34,📈 ALTA,0,RSI 52 neutro | SMA9>SMA21 | Acima SMA50 | MACD-,0.0,
2026-09-26 15:10:17,BBAS3,21.59,40.2,4,🟢 COMPRAR,3.95,📈 ALTA,0,RSI 40 baixo | SMA9>SMA21 | Acima SMA50 | MACD- | Bônus tendência | LSTM +4.0%,0.0,
2026-09-26 15:10:17,WEGE3,51.07,45.8,2,🟢 COMPRAR (conf.),-0.85,📉 QUEDA,0,RSI 46 neutro | SMA9>SMA21 | Acima SMA50 | MACD- | Bônus tendência,0.0,
2026-09-26 15:26:33,BTC,84041.74,51.7,1,🟡 AGUARDAR,-0.64,📉 QUEDA,0,RSI 52 neutro | SMA9>SMA21 | Abaixo SMA50 | MACD+,0.0,
2026-09-26 15:26:33,ETH,2690.25,49.4,3,🟢 COMPRAR,-0.97,📉 QUEDA,0,RSI 49 neutro | SMA9>SMA21 | Acima SMA50 | MACD+,0.0,
2026-09-26 15:26:33,SOL,121.33,47.5,-1,🟡 AGUARDAR,-4.46,📉 QUEDA,0,RSI 47 neutro | SMA9<SMA21 | Acima SMA50 | MACD- | Bônus tendência | LSTM -4.5%,0.0,
2026-09-26 15:26:33,BNB,774.02,46.9,-1,🟡 AGUARDAR,-0.37,📉 QUEDA,0,RSI 47 neutro | SMA9<SMA21 | Abaixo SMA50 | MACD+,0.0,
2026-09-26 15:26:33,ADA,0.26,51.2,3,🟢 COMPRAR,-2.86,📉 QUEDA,0,RSI 51 neutro | SMA9>SMA21 | Acima SMA50 | MACD+ | Bônus tendência | LSTM -2.9%,0.0,
2026-09-26 15:26:33,PETR4,48.07,55.2,1,🟡 AGUARDAR,1.88,📈 ALTA,0,RSI 55 alto (atenuado) | SMA9>SMA21 | Acima SMA50 | MACD- | Bônus tendência,0.0,
2026-09-26 15:26:33,VALE3,70.77,18.9,1,🟡 AGUARDAR,6.04,📈 ALTA,0,RSI 19 sobrevendido | SMA9<SMA21 | Abaixo SMA50 | MACD- | LSTM +6.0%,0.0,
2026-09-26 15:26:33,ITUB4,42.13,51.8,1,🟡 AGUARDAR,1.34,📈 ALTA,0,RSI 52 neutro | SMA9>SMA21 | Acima SMA50 | MACD-,0.0,
2026-09-26 15:26:33,BBAS3,21.59,40.2,4,🟢 COMPRAR,3.95,📈 ALTA,0,RSI 40 baixo | SMA9>SMA21 | Acima SMA50 | MACD- | Bônus tendência | LSTM +4.0%,0.0,
2026-09-26 15:26:33,WEGE3,51.07,45.8,2,🟢 COMPRAR (conf.),-0.85,📉 QUEDA,0,RSI 46 neutro | SMA9>SMA21 | Acima SMA50 | MACD- | Bônus tendência,0.0,
2026-09-26 15:41:21,BTC,84094.77,53.7,1,🟡 AGUARDAR,-0.7,📉 QUEDA,0,RSI 54 neutro | SMA9>SMA21 | Abaixo SMA50 | MACD+,0.0,
2026-09-26 15:41:21,ETH,2691.82,51.5,3,🟢 COMPRAR,-1.02,📉 QUEDA,0,RSI 51 neutro | SMA9>SMA21 | Acima SMA50 | MACD+,0.0,
2026-09-26 15:41:21,SOL,121.67,50.7,-1,🟡 AGUARDAR,-4.71,📉 QUEDA,0,RSI 51 neutro | SMA9<SMA21 | Acima SMA50 | MACD- | Bônus tendência | LSTM -4.7%,0.0,
2026-09-26 15:41:21,BNB,774.19,47.4,-1,🟡 AGUARDAR,-0.39,📉 QUEDA,0,RSI 47 neutro | SMA9<SMA21 | Abaixo SMA50 | MACD+,0.0,
2026-09-26 15:41:21,ADA,0.26,52.0,3,🟢 COMPRAR,-2.96,📉 QUEDA,0,RSI 52 neutro | SMA9>SMA21 | Acima SMA50 | MACD+ | Bônus tendência | LSTM -3.0%,0.0,
2026-09-26 15:41:21,PETR4,48.07,55.2,1,🟡 AGUARDAR,1.88,📈 ALTA,0,RSI 55 alto (atenuado) | SMA9>SMA21 | Acima SMA50 | MACD- | Bônus tendência,0.0,
2026-09-26 15:41:21,VALE3,70.77,18.9,1,🟡 AGUARDAR,6.04,📈 ALTA,0,RSI 19 sobrevendido | SMA9<SMA21 | Abaixo SMA50 | MACD- | LSTM +6.0%,0.0,
2026-09-26 15:41:21,ITUB4,42.13,51.8,1,🟡 AGUARDAR,1.34,📈 ALTA,0,RSI 52 neutro | SMA9>SMA21 | Acima SMA50 | MACD-,0.0,
2026-09-26 15:41:21,BBAS3,21.59,40.2,4,🟢 COMPRAR,3.95,📈 ALTA,0,RSI 40 baixo | SMA9>SMA21 | Acima SMA50 | MACD- | Bônus tendência | LSTM +4.0%,0.0,
2026-09-26 15:41:21,WEGE3,51.07,45.8,2,🟢 COMPRAR (conf.),-0.85,📉 QUEDA,0,RSI 46 neutro | SMA9>SMA21 | Acima SMA50 | MACD- | Bônus tendência,0.0,
2026-09-26 15:53:22,BTC,84135.76,55.2,0,🟡 AGUARDAR,-0.74,📉 QUEDA,0,RSI 55 alto | SMA9>SMA21 | Abaixo SMA50 | MACD+,0.0,
2026-09-26 15:53:22,ETH,2692.14,51.9,3,🟢 COMPRAR,-1.03,📉 QUEDA,0,RSI 52 neutro | SMA9>SMA21 | Acima SMA50 | MACD+,0.0,
2026-09-26 15:53:22,SOL,121.8,51.9,-1,🟡 AGUARDAR,-4.81,📉 QUEDA,0,RSI 52 neutro | SMA9<SMA21 | Acima SMA50 | MACD- | Bônus tendência | LSTM -4.8%,0.0,
2026-09-26 15:53:22,BNB,774.46,48.3,-1,🟡 AGUARDAR,-0.43,📉 QUEDA,0,RSI 48 neutro | SMA9<SMA21 | Abaixo SMA50 | MACD+,0.0,
2026-09-26 15:53:22,ADA,0.26,52.7,3,🟢 COMPRAR,-3.04,📉 QUEDA,0,RSI 53 neutro | SMA9>SMA21 | Acima SMA50 | MACD+ | Bônus tendência | LSTM -3.0%,0.0,
2026-09-26 15:53:22,PETR4,48.07,55.2,1,🟡 AGUARDAR,1.88,📈 ALTA,0,RSI 55 alto (atenuado) | SMA9>SMA21 | Acima SMA50 | MACD- | Bônus tendência,0.0,
2026-09-26 15:53:22,VALE3,70.77,18.9,1,🟡 AGUARDAR,6.04,📈 ALTA,0,RSI 19 sobrevendido | SMA9<SMA21 | Abaixo SMA50 | MACD- | LSTM +6.0%,0.0,
2026-09-26 15:53:22,ITUB4,42.13,51.8,1,🟡 AGUARDAR,1.34,📈 ALTA,0,RSI 52 neutro | SMA9>SMA21 | Acima SMA50 | MACD-,0.0,
2026-09-26 15:53:22,BBAS3,21.59,40.2,4,🟢 COMPRAR,3.95,📈 ALTA,0,RSI 40 baixo | SMA9>SMA21 | Acima SMA50 | MACD- | Bônus tendência | LSTM +4.0%,0.0,
2026-09-26 15:53:22,WEGE3,51.07,45.8,2,🟢 COMPRAR (conf.),-0.85,📉 QUEDA,0,RSI 46 neutro | SMA9>SMA21 | Acima SMA50 | MACD- | Bônus tendência,0.0,
2026-09-26 16:10:34,BTC,84134.69,58.0,0,🟡 AGUARDAR,-0.73,📉 QUEDA,0,RSI 58 alto | SMA9>SMA21 | Abaixo SMA50 | MACD+,0.0,
2026-09-26 16:10:34,ETH,2691.58,55.8,2,🟡 AGUARDAR,-1.0,📉 QUEDA,0,RSI 56 alto | SMA9>SMA21 | Acima SMA50 | MACD+,0.0,
2026-09-26 16:10:34,SOL,121.73,61.3,-2,🟡 AGUARDAR,-4.71,📉 QUEDA,0,RSI 61 alto (atenuado) | SMA9<SMA21 | Acima SMA50 | MACD- | Bônus tendência | LSTM -4.7%,0.0,
2026-09-26 16:10:34,BNB,774.43,50.5,-2,🟡 AGUARDAR,-0.4,📉 QUEDA,0,RSI 50 neutro | SMA9<SMA21 | Abaixo SMA50 | MACD+ | Penalidade tendência,0.0,
2026-09-26 16:10:34,ADA,0.26,58.2,2,🟢 COMPRAR (conf.),-2.53,📉 QUEDA,0,RSI 58 alto (atenuado) | SMA9>SMA21 | Acima SMA50 | MACD+ | Bônus tendência | LSTM -2.5%,0.0,
2026-09-26 16:10:34,PETR4,48.07,55.2,1,🟡 AGUARDAR,1.88,📈 ALTA,0,RSI 55 alto (atenuado) | SMA9>SMA21 | Acima SMA50 | MACD- | Bônus tendência,0.0,
2026-09-26 16:10:34,VALE3,70.77,18.9,1,🟡 AGUARDAR,6.04,📈 ALTA,0,RSI 19 sobrevendido | SMA9<SMA21 | Abaixo SMA50 | MACD- | LSTM +6.0%,0.0,
2026-09-26 16:10:34,ITUB4,42.13,51.8,1,🟡 AGUARDAR,1.35,📈 ALTA,0,RSI 52 neutro | SMA9>SMA21 | Acima SMA50 | MACD-,0.0,
2026-09-26 16:10:34,BBAS3,21.59,40.2,4,🟢 COMPRAR,3.95,📈 ALTA,0,RSI 40 baixo | SMA9>SMA21 | Acima SMA50 | MACD- | Bônus tendência | LSTM +4.0%,0.0,
2026-09-26 16:10:34,WEGE3,51.07,45.8,2,🟢 COMPRAR (conf.),-0.85,📉 QUEDA,0,RSI 46 neutro | SMA9>SMA21 | Acima SMA50 | MACD- | Bônus tendência,0.0,
2026-09-26 16:27:27,BTC,84094.81,56.2,0,🟡 AGUARDAR,-0.69,📉 QUEDA,0,RSI 56 alto | SMA9>SMA21 | Abaixo SMA50 | MACD+,0.0,
2026-09-26 16:27:27,ETH,2689.81,53.2,1,🟡 AGUARDAR,-0.93,📉 QUEDA,0,RSI 53 neutro | SMA9<SMA21 | Acima SMA50 | MACD+,0.0,
2026-09-26 16:27:27,SOL,121.49,58.5,-2,🟡 AGUARDAR,-4.54,📉 QUEDA,0,RSI 58 alto (atenuado) | SMA9<SMA21 | Acima SMA50 | MACD- | Bônus tendência | LSTM -4.5%,0.0,
2026-09-26 16:27:27,BNB,773.53,47.6,-2,🟡 AGUARDAR,-0.29,📉 QUEDA,0,RSI 48 neutro | SMA9<SMA21 | Abaixo SMA50 | MACD+ | Penalidade tendência,0.0,
2026-09-26 16:27:27,ADA,0.26,56.4,2,🟢 COMPRAR (conf.),-2.29,📉 QUEDA,0,RSI 56 alto (atenuado) | SMA9>SMA21 | Acima SMA50 | MACD+ | Bônus tendência | LSTM -2.3%,0.0,
2026-09-26 16:27:27,PETR4,48.07,55.2,1,🟡 AGUARDAR,1.88,📈 ALTA,0,RSI 55 alto (atenuado) | SMA9>SMA21 | Acima SMA50 | MACD- | Bônus tendência,0.0,
2026-09-26 16:27:27,VALE3,70.77,18.9,1,🟡 AGUARDAR,6.04,📈 ALTA,0,RSI 19 sobrevendido | SMA9<SMA21 | Abaixo SMA50 | MACD- | LSTM +6.0%,0.0,
2026-09-26 16:27:27,ITUB4,42.13,51.8,1,🟡 AGUARDAR,1.34,📈 ALTA,0,RSI 52 neutro | SMA9>SMA21 | Acima SMA50 | MACD-,0.0,
2026-09-26 16:27:27,BBAS3,21.59,40.2,4,🟢 COMPRAR,3.95,📈 ALTA,0,RSI 40 baixo | SMA9>SMA21 | Acima SMA50 | MACD- | Bônus tendência | LSTM +4.0%,0.0,
2026-09-26 16:27:27,WEGE3,51.07,45.8,2,🟢 COMPRAR (conf.),-0.85,📉 QUEDA,0,RSI 46 neutro | SMA9>SMA21 | Acima SMA50 | MACD- | Bônus tendência,0.0,
2026-09-26 16:41:42,BTC,84130.24,57.8,0,🟡 AGUARDAR,-0.72,📉 QUEDA,0,RSI 58 alto | SMA9>SMA21 | Abaixo SMA50 | MACD+,0.0,
2026-09-26 16:41:42,ETH,2692.13,56.6,2,🟡 AGUARDAR,-1.01,📉 QUEDA,0,RSI 57 alto | SMA9>SMA21 | Acima SMA50 | MACD+,0.0,
2026-09-26 16:41:42,SOL,121.57,59.4,-2,🟡 AGUARDAR,-4.59,📉 QUEDA,0,RSI 59 alto (atenuado) | SMA9<SMA21 | Acima SMA50 | MACD- | Bônus tendência | LSTM -4.6%,0.0,
2026-09-26 16:41:42,BNB,773.84,48.6,-2,🟡 AGUARDAR,-0.33,📉 QUEDA,0,RSI 49 neutro | SMA9<SMA21 | Abaixo SMA50 | MACD+ | Penalidade tendência,0.0,
2026-09-26 16:41:42,ADA,0.26,56.3,2,🟢 COMPRAR (conf.),-2.32,📉 QUEDA,0,RSI 56 alto (atenuado) | SMA9>SMA21 | Acima SMA50 | MACD+ | Bônus tendência | LSTM -2.3%,0.0,
2026-09-26 16:41:42,PETR4,48.07,55.2,1,🟡 AGUARDAR,1.88,📈 ALTA,0,RSI 55 alto (atenuado) | SMA9>SMA21 | Acima SMA50 | MACD- | Bônus tendência,0.0,
2026-09-26 16:41:42,VALE3,70.77,18.9,1,🟡 AGUARDAR,6.04,📈 ALTA,0,RSI 19 sobrevendido | SMA9<SMA21 | Abaixo SMA50 | MACD- | LSTM +6.0%,0.0,
2026-09-26 16:41:42,ITUB4,42.13,51.8,1,🟡 AGUARDAR,1.35,📈 ALTA,0,RSI 52 neutro | SMA9>SMA21 | Acima SMA50 | MACD-,0.0,
2026-09-26 16:41:42,BBAS3,21.59,40.2,4,🟢 COMPRAR,3.95,📈 ALTA,0,RSI 40 baixo | SMA9>SMA21 | Acima SMA50 | MACD- | Bônus tendência | LSTM +4.0%,0.0,
2026-09-26 16:41:42,WEGE3,51.07,45.8,2,🟢 COMPRAR (conf.),-0.85,📉 QUEDA,0,RSI 46 neutro | SMA9>SMA21 | Acima SMA50 | MACD- | Bônus tendência,0.0,
2026-09-26 16:53:07,BTC,84118.08,57.2,0,🟡 AGUARDAR,-0.71,📉 QUEDA,0,RSI 57 alto | SMA9>SMA21 | Abaixo SMA50 | MACD+,0.0,
2026-09-26 16:53:07,ETH,2690.39,54.0,1,🟡 AGUARDAR,-0.95,📉 QUEDA,0,RSI 54 neutro | SMA9<SMA21 | Acima SMA50 | MACD+,0.0,
2026-09-26 16:53:07,SOL,121.51,58.7,-2,🟡 AGUARDAR,-4.54,📉 QUEDA,0,RSI 59 alto (atenuado) | SMA9<SMA21 | Acima SMA50 | MACD- | Bônus tendência | LSTM -4.5%,0.0,
2026-09-26 16:53:07,BNB,773.8,48.4,-2,🟡 AGUARDAR,-0.33,📉 QUEDA,0,RSI 48 neutro | SMA9<SMA21 | Abaixo SMA50 | MACD+ | Penalidade tendência,0.0,
2026-09-26 16:53:07,ADA,0.26,55.3,0,🟡 AGUARDAR,-2.24,📉 QUEDA,0,RSI 55 alto (atenuado) | SMA9>SMA21 | Acima SMA50 | MACD- | Bônus tendência | LSTM -2.2%,0.0,
2026-09-26 16:53:07,PETR4,48.07,55.2,1,🟡 AGUARDAR,1.88,📈 ALTA,0,RSI 55 alto (atenuado) | SMA9>SMA21 | Acima SMA50 | MACD- | Bônus tendência,0.0,
2026-09-26 16:53:07,VALE3,70.77,18.9,1,🟡 AGUARDAR,6.04,📈 ALTA,0,RSI 19 sobrevendido | SMA9<SMA21 | Abaixo SMA50 | MACD- | LSTM +6.0%,0.0,
2026-09-26 16:53:07,ITUB4,42.13,51.8,1,🟡 AGUARDAR,1.35,📈 ALTA,0,RSI 52 neutro | SMA9>SMA21 | Acima SMA50 | MACD-,0.0,
2026-09-26 16:53:07,BBAS3,21.59,40.2,4,🟢 COMPRAR,3.95,📈 ALTA,0,RSI 40 baixo | SMA9>SMA21 | Acima SMA50 | MACD- | Bônus tendência | LSTM +4.0%,0.0,
2026-09-26 16:53:07,WEGE3,51.07,45.8,2,🟢 COMPRAR (conf.),-0.85,📉 QUEDA,0,RSI 46 neutro | SMA9>SMA21 | Acima SMA50 | MACD- | Bônus tendência,0.0,
2026-09-26 17:09:42,BTC,84078.4,54.0,1,🟡 AGUARDAR,-0.66,📉 QUEDA,0,RSI 54 neutro | SMA9>SMA21 | Abaixo SMA50 | MACD+,0.0,
2026-09-26 17:09:42,ETH,2688.36,49.0,1,🟡 AGUARDAR,-0.86,📉 QUEDA,0,RSI 49 neutro | SMA9>SMA21 | Abaixo SMA50 | MACD+,0.0,
2026-09-26 17:09:42,SOL,121.14,54.4,1,🟡 AGUARDAR,-4.24,📉 QUEDA,0,RSI 54 neutro | SMA9>SMA21 | Acima SMA50 | MACD- | Bônus tendência | LSTM -4.2%,0.0,
2026-09-26 17:09:42,BNB,773.63,48.6,-2,🟡 AGUARDAR,-0.29,📉 QUEDA,0,RSI 49 neutro | SMA9<SMA21 | Abaixo SMA50 | MACD+ | Penalidade tendência,0.0,
2026-09-26 17:09:42,ADA,0.26,51.4,2,🟢 COMPRAR (conf.),-1.57,📉 QUEDA,0,RSI 51 neutro | SMA9>SMA21 | Acima SMA50 | MACD- | Bônus tendência,0.0,
2026-09-26 17:09:42,PETR4,48.07,55.2,1,🟡 AGUARDAR,1.88,📈 ALTA,0,RSI 55 alto (atenuado) | SMA9>SMA21 | Acima SMA50 | MACD- | Bônus tendência,0.0,
2026-09-26 17:09:42,VALE3,70.77,18.9,1,🟡 AGUARDAR,6.04,📈 ALTA,0,RSI 19 sobrevendido | SMA9<SMA21 | Abaixo SMA50 | MACD- | LSTM +6.0%,0.0,
2026-09-26 17:09:42,ITUB4,42.13,51.8,1,🟡 AGUARDAR,1.34,📈 ALTA,0,RSI 52 neutro | SMA9>SMA21 | Acima SMA50 | MACD-,0.0,
2026-09-26 17:09:42,BBAS3,21.59,40.2,4,🟢 COMPRAR,3.95,📈 ALTA,0,RSI 40 baixo | SMA9>SMA21 | Acima SMA50 | MACD- | Bônus tendência | LSTM +4.0%,0.0,
2026-09-26 17:09:42,WEGE3,51.07,45.8,2,🟢 COMPRAR (conf.),-0.85,📉 QUEDA,0,RSI 46 neutro | SMA9>SMA21 | Acima SMA50 | MACD- | Bônus tendência,0.0,
2026-09-26 17:26:07,BTC,84058.6,53.2,1,🟡 AGUARDAR,-0.64,📉 QUEDA,0,RSI 53 neutro | SMA9>SMA21 | Abaixo SMA50 | MACD+,0.0,
2026-09-26 17:26:07,ETH,2687.81,48.3,1,🟡 AGUARDAR,-0.84,📉 QUEDA,0,RSI 48 neutro | SMA9>SMA21 | Abaixo SMA50 | MACD+,0.0,
2026-09-26 17:26:07,SOL,121.25,55.4,0,🟡 AGUARDAR,-4.33,📉 QUEDA,0,RSI 55 alto (atenuado) | SMA9>SMA21 | Acima SMA50 | MACD- | Bônus tendência | LSTM -4.3%,0.0,
2026-09-26 17:26:07,BNB,773.49,48.3,-2,🟡 AGUARDAR,-0.28,📉 QUEDA,0,RSI 48 neutro | SMA9<SMA21 | Abaixo SMA50 | MACD+ | Penalidade tendência,0.0,
2026-09-26 17:26:07,ADA,0.26,50.4,2,🟢 COMPRAR (conf.),-1.46,📉 QUEDA,0,RSI 50 neutro | SMA9>SMA21 | Acima SMA50 | MACD- | Bônus tendência,0.0,
2026-09-26 17:26:07,PETR4,48.07,55.2,1,🟡 AGUARDAR,1.88,📈 ALTA,0,RSI 55 alto (atenuado) | SMA9>SMA21 | Acima SMA50 | MACD- | Bônus tendência,0.0,
2026-09-26 17:26:07,VALE3,70.77,18.9,1,🟡 AGUARDAR,6.04,📈 ALTA,0,RSI 19 sobrevendido | SMA9<SMA21 | Abaixo SMA50 | MACD- | LSTM +6.0%,0.0,
2026-09-26 17:26:07,ITUB4,42.13,51.8,1,🟡 AGUARDAR,1.34,📈 ALTA,0,RSI 52 neutro | SMA9>SMA21 | Acima SMA50 | MACD-,0.0,
2026-09-26 17:26:07,BBAS3,21.59,40.2,4,🟢 COMPRAR,3.95,📈 ALTA,0,RSI 40 baixo | SMA9>SMA21 | Acima SMA50 | MACD- | Bônus tendência | LSTM +4.0%,0.0,
2026-09-26 17:26:07,WEGE3,51.07,45.8,2,🟢 COMPRAR (conf.),-0.85,📉 QUEDA,0,RSI 46 neutro | SMA9>SMA21 | Acima SMA50 | MACD- | Bônus tendência,0.0,
2026-09-26 17:39:55,BTC,84068.15,53.5,1,🟡 AGUARDAR,-0.65,📉 QUEDA,0,RSI 54 neutro | SMA9>SMA21 | Abaixo SMA50 | MACD+,0.0,
2026-09-26 17:39:55,ETH,2688.56,49.2,1,🟡 AGUARDAR,-0.87,📉 QUEDA,0,RSI 49 neutro | SMA9>SMA21 | Abaixo SMA50 | MACD+,0.0,
2026-09-26 17:39:55,SOL,121.26,55.6,0,🟡 AGUARDAR,-4.34,📉 QUEDA,0,RSI 56 alto (atenuado) | SMA9>SMA21 | Acima SMA50 | MACD- | Bônus tendência | LSTM -4.3%,0.0,
2026-09-26 17:39:55,BNB,772.62,45.8,-4,🔴 VENDER,-0.17,📉 QUEDA,0,RSI 46 neutro | SMA9<SMA21 | Abaixo SMA50 | MACD- | Penalidade tendência,0.0,
2026-09-26 17:39:55,ADA,0.26,50.2,2,🟢 COMPRAR (conf.),-1.41,📉 QUEDA,0,RSI 50 neutro | SMA9>SMA21 | Acima SMA50 | MACD- | Bônus tendência,0.0,
2026-09-26 17:39:55,PETR4,48.07,55.2,1,🟡 AGUARDAR,1.88,📈 ALTA,0,RSI 55 alto (atenuado) | SMA9>SMA21 | Acima SMA50 | MACD- | Bônus tendência,0.0,
2026-09-26 17:39:55,VALE3,70.77,18.9,1,🟡 AGUARDAR,6.04,📈 ALTA,0,RSI 19 sobrevendido | SMA9<SMA21 | Abaixo SMA50 | MACD- | LSTM +6.0%,0.0,
2026-09-26 17:39:55,ITUB4,42.13,51.8,1,🟡 AGUARDAR,1.34,📈 ALTA,0,RSI 52 neutro | SMA9>SMA21 | Acima SMA50 | MACD-,0.0,
2026-09-26 17:39:55,BBAS3,21.59,40.2,4,🟢 COMPRAR,3.95,📈 ALTA,0,RSI 40 baixo | SMA9>SMA21 | Acima SMA50 | MACD- | Bônus tendência | LSTM +4.0%,0.0,
2026-09-26 17:39:55,WEGE3,51.07,45.8,2,🟢 COMPRAR (conf.),-0.85,📉 QUEDA,0,RSI 46 neutro | SMA9>SMA21 | Acima SMA50 | MACD- | Bônus tendência,0.0,
2026-09-26 17:52:18,BTC,84093.99,54.7,1,🟡 AGUARDAR,-0.68,📉 QUEDA,0,RSI 55 neutro | SMA9>SMA21 | Abaixo SMA50 | MACD+,0.0,
2026-09-26 17:52:18,ETH,2688.69,49.4,1,🟡 AGUARDAR,-0.88,📉 QUEDA,0,RSI 49 neutro | SMA9>SMA21 | Abaixo SMA50 | MACD+,0.0,
2026-09-26 17:52:18,SOL,121.4,57.1,0,🟡 AGUARDAR,-4.44,📉 QUEDA,0,RSI 57 alto (atenuado) | SMA9>SMA21 | Acima SMA50 | MACD- | Bônus tendência | LSTM -4.4%,0.0,
2026-09-26 17:52:18,BNB,772.25,44.6,-4,🔴 VENDER,-0.12,📉 QUEDA,0,RSI 45 baixo (atenuado) | SMA9<SMA21 | Abaixo SMA50 | MACD- | Penalidade tendência,0.0,
2026-09-26 17:52:18,ADA,0.26,49.1,2,🟢 COMPRAR (conf.),-1.26,📉 QUEDA,0,RSI 49 neutro | SMA9>SMA21 | Acima SMA50 | MACD- | Bônus tendência,0.0,
2026-09-26 17:52:18,PETR4,48.07,55.2,1,🟡 AGUARDAR,1.88,📈 ALTA,0,RSI 55 alto (atenuado) | SMA9>SMA21 | Acima SMA50 | MACD- | Bônus tendência,0.0,
2026-09-26 17:52:18,VALE3,70.77,18.9,1,🟡 AGUARDAR,6.04,📈 ALTA,0,RSI 19 sobrevendido | SMA9<SMA21 | Abaixo SMA50 | MACD- | LSTM +6.0%,0.0,
2026-09-26 17:52:18,ITUB4,42.13,51.8,1,🟡 AGUARDAR,1.34,📈 ALTA,0,RSI 52 neutro | SMA9>SMA21 | Acima SMA50 | MACD-,0.0,
2026-09-26 17:52:18,BBAS3,21.59,40.2,4,🟢 COMPRAR,3.95,📈 ALTA,0,RSI 40 baixo | SMA9>SMA21 | Acima SMA50 | MACD- | Bônus tendência | LSTM +4.0%,0.0,
2026-09-26 17:52:18,WEGE3,51.07,45.8,2,🟢 COMPRAR (conf.),-0.85,📉 QUEDA,0,RSI 46 neutro | SMA9>SMA21 | Acima SMA50 | MACD- | Bônus tendência,0.0,
2026-09-26 18:11:44,BTC,84095.03,57.0,-1,🟡 AGUARDAR,-0.67,📉 QUEDA,0,RSI 57 alto | SMA9>SMA21 | Abaixo SMA50 | MACD+ | Penalidade tendência,0.0,
2026-09-26 18:11:44,ETH,2687.84,52.4,1,🟡 AGUARDAR,-0.83,📉 QUEDA,0,RSI 52 neutro | SMA9>SMA21 | Abaixo SMA50 | MACD+,0.0,
2026-09-26 18:11:44,SOL,121.35,58.3,0,🟡 AGUARDAR,-4.35,📉 QUEDA,0,RSI 58 alto (atenuado) | SMA9>SMA21 | Acima SMA50 | MACD- | Bônus tendência | LSTM -4.3%,0.0,
2026-09-26 18:11:44,BNB,772.45,49.0,-4,🔴 VENDER,-0.16,📉 QUEDA,0,RSI 49 neutro | SMA9<SMA21 | Abaixo SMA50 | MACD- | Penalidade tendência,0.0,
2026-09-26 18:11:44,ADA,0.26,53.6,2,🟢 COMPRAR (conf.),-1.15,📉 QUEDA,0,RSI 54 neutro | SMA9>SMA21 | Acima SMA50 | MACD- | Bônus tendência,0.0,
2026-09-26 18:11:44,PETR4,48.07,55.2,1,🟡 AGUARDAR,1.88,📈 ALTA,0,RSI 55 alto (atenuado) | SMA9>SMA21 | Acima SMA50 | MACD- | Bônus tendência,0.0,
2026-09-26 18:11:44,VALE3,70.77,18.9,1,🟡 AGUARDAR,6.04,📈 ALTA,0,RSI 19 sobrevendido | SMA9<SMA21 | Abaixo SMA50 | MACD- | LSTM +6.0%,0.0,
2026-09-26 18:11:44,ITUB4,42.13,51.8,1,🟡 AGUARDAR,1.34,📈 ALTA,0,RSI 52 neutro | SMA9>SMA21 | Acima SMA50 | MACD-,0.0,
2026-09-26 18:11:44,BBAS3,21.59,40.2,4,🟢 COMPRAR,3.95,📈 ALTA,0,RSI 40 baixo | SMA9>SMA21 | Acima SMA50 | MACD- | Bônus tendência | LSTM +4.0%,0.0,
2026-09-26 18:11:44,WEGE3,51.07,45.8,2,🟢 COMPRAR (conf.),-0.85,📉 QUEDA,0,RSI 46 neutro | SMA9>SMA21 | Acima SMA50 | MACD- | Bônus tendência,0.0,
2026-09-26 18:30:03,BTC,84058.5,55.4,-1,🟡 AGUARDAR,-0.63,📉 QUEDA,0,RSI 55 alto | SMA9>SMA21 | Abaixo SMA50 | MACD+ | Penalidade tendência,0.0,
2026-09-26 18:30:03,ETH,2687.6,52.0,1,🟡 AGUARDAR,-0.82,📉 QUEDA,0,RSI 52 neutro | SMA9>SMA21 | Abaixo SMA50 | MACD+,0.0,
2026-09-26 18:30:03,SOL,121.31,57.9,0,🟡 AGUARDAR,-4.32,📉 QUEDA,0,RSI 58 alto (atenuado) | SMA9>SMA21 | Acima SMA50 | MACD- | Bônus tendência | LSTM -4.3%,0.0,
2026-09-26 18:30:03,BNB,772.08,47.8,-4,🔴 VENDER,-0.11,📉 QUEDA,0,RSI 48 neutro | SMA9<SMA21 | Abaixo SMA50 | MACD- | Penalidade tendência,0.0,
2026-09-26 18:30:03,ADA,0.26,52.7,2,🟢 COMPRAR (conf.),-1.03,📉 QUEDA,0,RSI 53 neutro | SMA9>SMA21 | Acima SMA50 | MACD- | Bônus tendência,0.0,
2026-09-26 18:30:03,PETR4,48.07,55.2,1,🟡 AGUARDAR,1.88,📈 ALTA,0,RSI 55 alto (atenuado) | SMA9>SMA21 | Acima SMA50 | MACD- | Bônus tendência,0.0,
2026-09-26 18:30:03,VALE3,70.77,18.9,1,🟡 AGUARDAR,6.04,📈 ALTA,0,RSI 19 sobrevendido | SMA9<SMA21 | Abaixo SMA50 | MACD- | LSTM +6.0%,0.0,
2026-09-26 18:30:03,ITUB4,42.13,51.8,1,🟡 AGUARDAR,1.34,📈 ALTA,0,RSI 52 neutro | SMA9>SMA21 | Acima SMA50 | MACD-,0.0,
2026-09-26 18:30:03,BBAS3,21.59,40.2,4,🟢 COMPRAR,3.95,📈 ALTA,0,RSI 40 baixo | SMA9>SMA21 | Acima SMA50 | MACD- | Bônus tendência | LSTM +4.0%,0.0,
2026-09-26 18:30:03,WEGE3,51.07,45.8,2,🟢 COMPRAR (conf.),-0.85,📉 QUEDA,0,RSI 46 neutro | SMA9>SMA21 | Acima SMA50 | MACD- | Bônus tendência,0.0,
2026-09-26 18:46:44,BTC,83990.37,52.6,0,🟡 AGUARDAR,-0.55,📉 QUEDA,0,RSI 53 neutro | SMA9>SMA21 | Abaixo SMA50 | MACD+ | Penalidade tendência,0.0,
2026-09-26 18:46:44,ETH,2683.42,46.6,-3,🔴 VENDER,-0.68,📉 QUEDA,0,RSI 47 neutro | SMA9<SMA21 | Abaixo SMA50 | MACD-,0.0,
2026-09-26 18:46:44,SOL,121.01,54.6,1,🟡 AGUARDAR,-4.09,📉 QUEDA,0,RSI 55 neutro | SMA9>SMA21 | Acima SMA50 | MACD- | Bônus tendência | LSTM -4.1%,0.0,
2026-09-26 18:46:44,BNB,770.77,44.1,-4,🔴 VENDER,0.04,📈 ALTA,0,RSI 44 baixo (atenuado) | SMA9<SMA21 | Abaixo SMA50 | MACD- | Penalidade tendência,0.0,
2026-09-26 18:46:44,ADA,0.25,49.2,0,🟡 AGUARDAR,-0.63,📉 QUEDA,0,RSI 49 neutro | SMA9<SMA21 | Acima SMA50 | MACD- | Bônus tendência,0.0,
2026-09-26 18:46:44,PETR4,48.07,55.2,1,🟡 AGUARDAR,1.88,📈 ALTA,0,RSI 55 alto (atenuado) | SMA9>SMA21 | Acima SMA50 | MACD- | Bônus tendência,0.0,
2026-09-26 18:46:44,VALE3,70.77,18.9,1,🟡 AGUARDAR,6.04,📈 ALTA,0,RSI 19 sobrevendido | SMA9<SMA21 | Abaixo SMA50 | MACD- | LSTM +6.0%,0.0,
2026-09-26 18:46:44,ITUB4,42.13,51.8,1,🟡 AGUARDAR,1.35,📈 ALTA,0,RSI 52 neutro | SMA9>SMA21 | Acima SMA50 | MACD-,0.0,
2026-09-26 18:46:44,BBAS3,21.59,40.2,4,🟢 COMPRAR,3.95,📈 ALTA,0,RSI 40 baixo | SMA9>SMA21 | Acima SMA50 | MACD- | Bônus tendência | LSTM +4.0%,0.0,
2026-09-26 18:46:44,WEGE3,51.07,45.8,2,🟢 COMPRAR (conf.),-0.85,📉 QUEDA,0,RSI 46 neutro | SMA9>SMA21 | Acima SMA50 | MACD- | Bônus tendência,0.0,
2026-09-26 19:09:00,BTC,84015.9,55.0,0,🟡 AGUARDAR,-0.58,📉 QUEDA,0,RSI 55 neutro | SMA9>SMA21 | Abaixo SMA50 | MACD+ | Penalidade tendência,0.0,
2026-09-26 19:09:00,ETH,2685.35,50.4,-3,🔴 VENDER,-0.76,📉 QUEDA,0,RSI 50 neutro | SMA9<SMA21 | Abaixo SMA50 | MACD-,0.0,
2026-09-26 19:09:00,SOL,121.27,60.0,0,🟡 AGUARDAR,-4.26,📉 QUEDA,0,RSI 60 alto (atenuado) | SMA9>SMA21 | Acima SMA50 | MACD- | Bônus tendência | LSTM -4.3%,0.0,
2026-09-26 19:09:00,BNB,771.42,47.8,-4,🔴 VENDER,-0.07,📉 QUEDA,0,RSI 48 neutro | SMA9<SMA21 | Abaixo SMA50 | MACD- | Penalidade tendência,0.0,
2026-09-26 19:09:00,ADA,0.26,53.2,0,🟡 AGUARDAR,-0.87,📉 QUEDA,0,RSI 53 neutro | SMA9<SMA21 | Acima SMA50 | MACD- | Bônus tendência,0.0,
2026-09-26 19:09:00,PETR4,48.07,55.2,1,🟡 AGUARDAR,1.88,📈 ALTA,0,RSI 55 alto (atenuado) | SMA9>SMA21 | Acima SMA50 | MACD- | Bônus tendência,0.0,
2026-09-26 19:09:00,VALE3,70.77,18.9,1,🟡 AGUARDAR,6.04,📈 ALTA,0,RSI 19 sobrevendido | SMA9<SMA21 | Abaixo SMA50 | MACD- | LSTM +6.0%,0.0,
2026-09-26 19:09:00,ITUB4,42.13,51.8,1,🟡 AGUARDAR,1.34,📈 ALTA,0,RSI 52 neutro | SMA9>SMA21 | Acima SMA50 | MACD-,0.0,
2026-09-26 19:09:00,BBAS3,21.59,40.2,4,🟢 COMPRAR,3.95,📈 ALTA,0,RSI 40 baixo | SMA9>SMA21 | Acima SMA50 | MACD- | Bônus tendência | LSTM +4.0%,0.0,
2026-09-26 19:09:00,WEGE3,51.07,45.8,2,🟢 COMPRAR (conf.),-0.85,📉 QUEDA,0,RSI 46 neutro | SMA9>SMA21 | Acima SMA50 | MACD- | Bônus tendência,0.0,
2026-09-26 19:24:24,BTC,84024.49,55.3,-1,🟡 AGUARDAR,-0.59,📉 QUEDA,0,RSI 55 alto | SMA9>SMA21 | Abaixo SMA50 | MACD+ | Penalidade tendência,0.0,
2026-09-26 19:24:24,ETH,2683.65,48.2,-3,🔴 VENDER,-0.7,📉 QUEDA,0,RSI 48 neutro | SMA9<SMA21 | Abaixo SMA50 | MACD-,0.0,
2026-09-26 19:24:24,SOL,121.19,59.4,0,🟡 AGUARDAR,-4.2,📉 QUEDA,0,RSI 59 alto (atenuado) | SMA9>SMA21 | Acima SMA50 | MACD- | Bônus tendência | LSTM -4.2%,0.0,
2026-09-26 19:24:24,BNB,770.76,45.8,-4,🔴 VENDER,0.01,📈 ALTA,0,RSI 46 neutro | SMA9<SMA21 | Abaixo SMA50 | MACD- | Penalidade tendência,0.0,
2026-09-26 19:24:24,ADA,0.25,51.7,0,🟡 AGUARDAR,-0.68,📉 QUEDA,0,RSI 52 neutro | SMA9<SMA21 | Acima SMA50 | MACD- | Bônus tendência,0.0,
2026-09-26 19:24:24,PETR4,48.07,55.2,1,🟡 AGUARDAR,1.88,📈 ALTA,0,RSI 55 alto (atenuado) | SMA9>SMA21 | Acima SMA50 | MACD- | Bônus tendência,0.0,
2026-09-26 19:24:24,VALE3,70.77,18.9,1,🟡 AGUARDAR,6.04,📈 ALTA,0,RSI 19 sobrevendido | SMA9<SMA21 | Abaixo SMA50 | MACD- | LSTM +6.0%,0.0,
2026-09-26 19:24:24,ITUB4,42.13,51.8,1,🟡 AGUARDAR,1.34,📈 ALTA,0,RSI 52 neutro | SMA9>SMA21 | Acima SMA50 | MACD-,0.0,
2026-09-26 19:24:24,BBAS3,21.59,40.2,4,🟢 COMPRAR,3.95,📈 ALTA,0,RSI 40 baixo | SMA9>SMA21 | Acima SMA50 | MACD- | Bônus tendência | LSTM +4.0%,0.0,
2026-09-26 19:24:24,WEGE3,51.07,45.8,2,🟢 COMPRAR (conf.),-0.85,📉 QUEDA,0,RSI 46 neutro | SMA9>SMA21 | Acima SMA50 | MACD- | Bônus tendência,0.0,
2026-09-26 19:37:41,BTC,83975.14,53.5,-2,🟡 AGUARDAR,-0.54,📉 QUEDA,0,RSI 53 neutro | SMA9>SMA21 | Abaixo SMA50 | MACD- | Penalidade tendência,0.0,
2026-09-26 19:37:41,ETH,2682.88,47.2,-3,🔴 VENDER,-0.67,📉 QUEDA,0,RSI 47 neutro | SMA9<SMA21 | Abaixo SMA50 | MACD-,0.0,
2026-09-26 19:37:41,SOL,121.04,58.0,0,🟡 AGUARDAR,-4.08,📉 QUEDA,0,RSI 58 alto (atenuado) | SMA9>SMA21 | Acima SMA50 | MACD- | Bônus tendência | LSTM -4.1%,0.0,
2026-09-26 19:37:41,BNB,771.02,46.5,-4,🔴 VENDER,-0.02,📉 QUEDA,0,RSI 47 neutro | SMA9<SMA21 | Abaixo SMA50 | MACD- | Penalidade tendência,0.0,
2026-09-26 19:37:41,ADA,0.25,51.3,0,🟡 AGUARDAR,-0.67,📉 QUEDA,0,RSI 51 neutro | SMA9<SMA21 | Acima SMA50 | MACD- | Bônus tendência,0.0,
2026-09-26 19:37:41,PETR4,48.07,55.2,1,🟡 AGUARDAR,1.88,📈 ALTA,0,RSI 55 alto (atenuado) | SMA9>SMA21 | Acima SMA50 | MACD- | Bônus tendência,0.0,
2026-09-26 19:37:41,VALE3,70.77,18.9,1,🟡 AGUARDAR,6.04,📈 ALTA,0,RSI 19 sobrevendido | SMA9<SMA21 | Abaixo SMA50 | MACD- | LSTM +6.0%,0.0,
2026-09-26 19:37:41,ITUB4,42.13,51.8,1,🟡 AGUARDAR,1.35,📈 ALTA,0,RSI 52 neutro | SMA9>SMA21 | Acima SMA50 | MACD-,0.0,
2026-09-26 19:37:41,BBAS3,21.59,40.2,4,🟢 COMPRAR,3.95,📈 ALTA,0,RSI 40 baixo | SMA9>SMA21 | Acima SMA50 | MACD- | Bônus tendência | LSTM +4.0%,0.0,
2026-09-26 19:37:41,WEGE3,51.07,45.8,2,🟢 COMPRAR (conf.),-0.85,📉 QUEDA,0,RSI 46 neutro | SMA9>SMA21 | Acima SMA50 | MACD- | Bônus tendência,0.0,
2026-09-26 19:51:11,BTC,83991.75,54.1,0,🟡 AGUARDAR,-0.56,📉 QUEDA,0,RSI 54 neutro | SMA9>SMA21 | Abaixo SMA50 | MACD+ | Penalidade tendência,0.0,
2026-09-26 19:51:11,ETH,2682.94,47.3,-3,🔴 VENDER,-0.68,📉 QUEDA,0,RSI 47 neutro | SMA9<SMA21 | Abaixo SMA50 | MACD-,0.0,
2026-09-26 19:51:11,SOL,121.06,58.3,0,🟡 AGUARDAR,-4.1,📉 QUEDA,0,RSI 58 alto (atenuado) | SMA9>SMA21 | Acima SMA50 | MACD- | Bônus tendência | LSTM -4.1%,0.0,
2026-09-26 19:51:11,BNB,771.08,46.7,-4,🔴 VENDER,-0.03,📉 QUEDA,0,RSI 47 neutro | SMA9<SMA21 | Abaixo SMA50 | MACD- | Penalidade tendência,0.0,
2026-09-26 19:51:11,ADA,0.25,51.8,0,🟡 AGUARDAR,-0.73,📉 QUEDA,0,RSI 52 neutro | SMA9<SMA21 | Acima SMA50 | MACD- | Bônus tendência,0.0,
2026-09-26 19:51:11,PETR4,48.07,55.2,1,🟡 AGUARDAR,1.88,📈 ALTA,0,RSI 55 alto (atenuado) | SMA9>SMA21 | Acima SMA50 | MACD- | Bônus tendência,0.0,
2026-09-26 19:51:11,VALE3,70.77,18.9,1,🟡 AGUARDAR,6.04,📈 ALTA,0,RSI 19 sobrevendido | SMA9<SMA21 | Abaixo SMA50 | MACD- | LSTM +6.0%,0.0,
2026-09-26 19:51:11,ITUB4,42.13,51.8,1,🟡 AGUARDAR,1.35,📈 ALTA,0,RSI 52 neutro | SMA9>SMA21 | Acima SMA50 | MACD-,0.0,
2026-09-26 19:51:11,BBAS3,21.59,40.2,4,🟢 COMPRAR,3.95,📈 ALTA,0,RSI 40 baixo | SMA9>SMA21 | Acima SMA50 | MACD- | Bônus tendência | LSTM +4.0%,0.0,
2026-09-26 19:51:11,WEGE3,51.07,45.8,2,🟢 COMPRAR (conf.),-0.85,📉 QUEDA,0,RSI 46 neutro | SMA9>SMA21 | Acima SMA50 | MACD- | Bônus tendência,0.0,
2026-09-26 20:09:34,BTC,83973.12,44.4,-4,🔴 VENDER,-0.54,📉 QUEDA,0,RSI 44 baixo (atenuado) | SMA9<SMA21 | Abaixo SMA50 | MACD- | Penalidade tendência,0.0,
2026-09-26 20:09:34,ETH,2680.76,36.2,-3,🔴 VENDER,-0.61,📉 QUEDA,0,RSI 36 baixo (atenuado) | SMA9<SMA21 | Abaixo SMA50 | MACD- | Banda inf | Penalidade tendência,0.0,
2026-09-26 20:09:34,SOL,120.75,50.0,1,🟡 AGUARDAR,-3.84,📉 QUEDA,0,RSI 50 neutro | SMA9>SMA21 | Acima SMA50 | MACD- | Bônus tendência | LSTM -3.8%,0.0,
2026-09-26 20:09:34,BNB,769.89,37.8,-4,🔴 VENDER,0.07,📈 ALTA,0,RSI 38 baixo (atenuado) | SMA9<SMA21 | Abaixo SMA50 | MACD- | Penalidade tendência,0.0,
2026-09-26 20:09:34,ADA,0.25,41.9,-2,🟡 AGUARDAR,-0.02,📉 QUEDA,0,RSI 42 baixo | SMA9<SMA21 | Abaixo SMA50 | MACD-,0.0,
2026-09-26 20:09:34,PETR4,48.07,55.2,1,🟡 AGUARDAR,1.88,📈 ALTA,0,RSI 55 alto (atenuado) | SMA9>SMA21 | Acima SMA50 | MACD- | Bônus tendência,0.0,
2026-09-26 20:09:34,VALE3,70.77,18.9,1,🟡 AGUARDAR,6.04,📈 ALTA,0,RSI 19 sobrevendido | SMA9<SMA21 | Abaixo SMA50 | MACD- | LSTM +6.0%,0.0,
2026-09-26 20:09:34,ITUB4,42.13,51.8,1,🟡 AGUARDAR,1.34,📈 ALTA,0,RSI 52 neutro | SMA9>SMA21 | Acima SMA50 | MACD-,0.0,
2026-09-26 20:09:34,BBAS3,21.59,40.2,4,🟢 COMPRAR,3.95,📈 ALTA,0,RSI 40 baixo | SMA9>SMA21 | Acima SMA50 | MACD- | Bônus tendência | LSTM +4.0%,0.0,
2026-09-26 20:09:34,WEGE3,51.07,45.8,2,🟢 COMPRAR (conf.),-0.85,📉 QUEDA,0,RSI 46 neutro | SMA9>SMA21 | Acima SMA50 | MACD- | Bônus tendência,0.0,
2026-09-26 21:10:26,BTC,84077.38,44.6,0,🟡 AGUARDAR,-0.67,📉 QUEDA,0,RSI 45 baixo (atenuado) | SMA9>SMA21 | Abaixo SMA50 | MACD+ | Penalidade tendência,0.0,
2026-09-26 21:10:26,ETH,2677.93,35.1,-4,🔴 VENDER,-0.57,📉 QUEDA,0,RSI 35 baixo (atenuado) | SMA9<SMA21 | Abaixo SMA50 | MACD- | Penalidade tendência,0.0,
2026-09-26 21:10:26,SOL,120.62,49.5,1,🟡 AGUARDAR,-3.76,📉 QUEDA,0,RSI 49 neutro | SMA9>SMA21 | Acima SMA50 | MACD- | Bônus tendência | LSTM -3.8%,0.0,
2026-09-26 21:10:26,BNB,770.19,40.3,-4,🔴 VENDER,-0.05,📉 QUEDA,0,RSI 40 baixo (atenuado) | SMA9<SMA21 | Abaixo SMA50 | MACD- | Penalidade tendência,0.0,
2026-09-26 21:10:26,ADA,0.25,40.9,-2,🟡 AGUARDAR,0.15,📈 ALTA,0,RSI 41 baixo | SMA9<SMA21 | Abaixo SMA50 | MACD-,0.0,
2026-09-26 21:10:26,PETR4,48.07,55.2,1,🟡 AGUARDAR,1.88,📈 ALTA,0,RSI 55 alto (atenuado) | SMA9>SMA21 | Acima SMA50 | MACD- | Bônus tendência,0.0,
2026-09-26 21:10:26,VALE3,70.77,18.9,1,🟡 AGUARDAR,6.04,📈 ALTA,0,RSI 19 sobrevendido | SMA9<SMA21 | Abaixo SMA50 | MACD- | LSTM +6.0%,0.0,
2026-09-26 21:10:26,ITUB4,42.13,51.8,1,🟡 AGUARDAR,1.35,📈 ALTA,0,RSI 52 neutro | SMA9>SMA21 | Acima SMA50 | MACD-,0.0,
2026-09-26 21:10:26,BBAS3,21.59,40.2,4,🟢 COMPRAR,3.95,📈 ALTA,0,RSI 40 baixo | SMA9>SMA21 | Acima SMA50 | MACD- | Bônus tendência | LSTM +4.0%,0.0,
2026-09-26 21:10:26,WEGE3,51.07,45.8,2,🟢 COMPRAR (conf.),-0.85,📉 QUEDA,0,RSI 46 neutro | SMA9>SMA21 | Acima SMA50 | MACD- | Bônus tendência,0.0,
2026-09-26 22:10:03,BTC,84321.59,64.0,2,🟡 AGUARDAR,-0.93,📉 QUEDA,0,RSI 64 alto | SMA9>SMA21 | Acima SMA50 | MACD+,0.0,
2026-09-26 22:10:03,ETH,2688.78,57.4,-2,🟡 AGUARDAR,-0.96,📉 QUEDA,0,RSI 57 alto | SMA9<SMA21 | Acima SMA50 | MACD-,0.0,
2026-09-26 22:10:03,SOL,121.68,64.4,0,🟡 AGUARDAR,-4.56,📉 QUEDA,0,RSI 64 alto (atenuado) | SMA9>SMA21 | Acima SMA50 | MACD- | Bônus tendência | LSTM -4.6%,0.0,
2026-09-26 22:10:03,BNB,772.88,54.8,-4,🔴 VENDER,-0.39,📉 QUEDA,0,RSI 55 neutro | SMA9<SMA21 | Abaixo SMA50 | MACD- | Penalidade tendência,0.0,
2026-09-26 22:10:03,ADA,0.25,47.9,-3,🔴 VENDER,-0.93,📉 QUEDA,0,RSI 48 neutro | SMA9<SMA21 | Abaixo SMA50 | MACD-,0.0,
2026-09-26 22:10:03,PETR4,48.07,55.2,1,🟡 AGUARDAR,1.88,📈 ALTA,0,RSI 55 alto (atenuado) | SMA9>SMA21 | Acima SMA50 | MACD- | Bônus tendência,0.0,
2026-09-26 22:10:03,VALE3,70.77,18.9,1,🟡 AGUARDAR,6.04,📈 ALTA,0,RSI 19 sobrevendido | SMA9<SMA21 | Abaixo SMA50 | MACD- | LSTM +6.0%,0.0,
2026-09-26 22:10:03,ITUB4,42.13,51.8,1,🟡 AGUARDAR,1.34,📈 ALTA,0,RSI 52 neutro | SMA9>SMA21 | Acima SMA50 | MACD-,0.0,
2026-09-26 22:10:03,BBAS3,21.59,40.2,4,🟢 COMPRAR,3.95,📈 ALTA,0,RSI 40 baixo | SMA9>SMA21 | Acima SMA50 | MACD- | Bônus tendência | LSTM +4.0%,0.0,
2026-09-26 22:10:03,WEGE3,51.07,45.8,2,🟢 COMPRAR (conf.),-0.85,📉 QUEDA,0,RSI 46 neutro | SMA9>SMA21 | Acima SMA50 | MACD- | Bônus tendência,0.0,
2026-09-26 23:09:58,BTC,84308.01,57.1,2,🟡 AGUARDAR,-0.9,📉 QUEDA,0,RSI 57 alto | SMA9>SMA21 | Acima SMA50 | MACD+,0.0,
2026-09-26 23:09:58,ETH,2692.16,56.1,0,🟡 AGUARDAR,-1.08,📉 QUEDA,0,RSI 56 alto | SMA9<SMA21 | Acima SMA50 | MACD+,0.0,
2026-09-26 23:09:58,SOL,121.48,58.1,0,🟡 AGUARDAR,-4.41,📉 QUEDA,0,RSI 58 alto (atenuado) | SMA9>SMA21 | Acima SMA50 | MACD- | Bônus tendência | LSTM -4.4%,0.0,
2026-09-26 23:09:58,BNB,773.37,48.3,-2,🟡 AGUARDAR,-0.45,📉 QUEDA,0,RSI 48 neutro | SMA9<SMA21 | Abaixo SMA50 | MACD+ | Penalidade tendência,0.0,
2026-09-26 23:09:58,ADA,0.25,39.4,-2,🟡 AGUARDAR,-1.24,📉 QUEDA,0,RSI 39 baixo | SMA9<SMA21 | Abaixo SMA50 | MACD-,0.0,
2026-09-26 23:09:58,PETR4,48.07,55.2,1,🟡 AGUARDAR,1.88,📈 ALTA,0,RSI 55 alto (atenuado) | SMA9>SMA21 | Acima SMA50 | MACD- | Bônus tendência,0.0,
2026-09-26 23:09:58,VALE3,70.77,18.9,1,🟡 AGUARDAR,6.04,📈 ALTA,0,RSI 19 sobrevendido | SMA9<SMA21 | Abaixo SMA50 | MACD- | LSTM +6.0%,0.0,
2026-09-26 23:09:58,ITUB4,42.13,51.8,1,🟡 AGUARDAR,1.34,📈 ALTA,0,RSI 52 neutro | SMA9>SMA21 | Acima SMA50 | MACD-,0.0,
2026-09-26 23:09:58,BBAS3,21.59,40.2,4,🟢 COMPRAR,3.95,📈 ALTA,0,RSI 40 baixo | SMA9>SMA21 | Acima SMA50 | MACD- | Bônus tendência | LSTM +4.0%,0.0,
2026-09-26 23:09:58,WEGE3,51.07,45.8,2,🟢 COMPRAR (conf.),-0.85,📉 QUEDA,0,RSI 46 neutro | SMA9>SMA21 | Acima SMA50 | MACD- | Bônus tendência,0.0,
2026-09-27 00:23:02,BTC,84257.67,54.3,3,🟢 COMPRAR,-0.8,📉 QUEDA,0,RSI 54 neutro | SMA9>SMA21 | Acima SMA50 | MACD+,0.0,
2026-09-27 00:23:02,ETH,2690.5,51.6,1,🟡 AGUARDAR,-0.99,📉 QUEDA,0,RSI 52 neutro | SMA9<SMA21 | Acima SMA50 | MACD+,0.0,
2026-09-27 00:23:02,SOL,120.86,46.2,1,🟡 AGUARDAR,-3.92,📉 QUEDA,0,RSI 46 neutro | SMA9>SMA21 | Acima SMA50 | MACD- | Bônus tendência | LSTM -3.9%,0.0,
2026-09-27 00:23:02,BNB,772.4,40.4,-2,🟡 AGUARDAR,-0.34,📉 QUEDA,0,RSI 40 baixo (atenuado) | SMA9<SMA21 | Abaixo SMA50 | MACD+ | Penalidade tendência,0.0,
2026-09-27 00:23:02,ADA,0.25,39.5,-2,🟡 AGUARDAR,-1.2,📉 QUEDA,0,RSI 40 baixo | SMA9<SMA21 | Abaixo SMA50 | MACD-,0.0,
2026-09-27 00:23:02,PETR4,48.07,55.2,1,🟡 AGUARDAR,1.88,📈 ALTA,0,RSI 55 alto (atenuado) | SMA9>SMA21 | Acima SMA50 | MACD- | Bônus tendência,0.0,
2026-09-27 00:23:02,VALE3,70.77,18.9,1,🟡 AGUARDAR,6.04,📈 ALTA,0,RSI 19 sobrevendido | SMA9<SMA21 | Abaixo SMA50 | MACD- | LSTM +6.0%,0.0,
2026-09-27 00:23:02,ITUB4,42.13,51.8,1,🟡 AGUARDAR,1.34,📈 ALTA,0,RSI 52 neutro | SMA9>SMA21 | Acima SMA50 | MACD-,0.0,
2026-09-27 00:23:02,BBAS3,21.59,40.2,4,🟢 COMPRAR,3.95,📈 ALTA,0,RSI 40 baixo | SMA9>SMA21 | Acima SMA50 | MACD- | Bônus tendência | LSTM +4.0%,0.0,
2026-09-27 00:23:02,WEGE3,51.07,45.8,2,🟢 COMPRAR (conf.),-0.85,📉 QUEDA,0,RSI 46 neutro | SMA9>SMA21 | Acima SMA50 | MACD- | Bônus tendência,0.0,
2026-09-27 01:14:55,BTC,84369.92,67.0,1,🟡 AGUARDAR,-0.91,📉 QUEDA,0,RSI 67 sobrecomprado | SMA9>SMA21 | Acima SMA50 | MACD+,0.0,
2026-09-27 01:14:55,ETH,2694.92,57.5,0,🟡 AGUARDAR,-1.13,📉 QUEDA,0,RSI 58 alto | SMA9<SMA21 | Acima SMA50 | MACD+,0.0,
2026-09-27 01:14:55,SOL,121.06,50.0,1,🟡 AGUARDAR,-4.07,📉 QUEDA,0,RSI 50 neutro | SMA9>SMA21 | Acima SMA50 | MACD- | Bônus tendência | LSTM -4.1%,0.0,
2026-09-27 01:14:55,BNB,773.19,47.2,-2,🟡 AGUARDAR,-0.41,📉 QUEDA,0,RSI 47 neutro | SMA9<SMA21 | Abaixo SMA50 | MACD+ | Penalidade tendência,0.0,
2026-09-27 01:14:55,ADA,0.25,41.2,-2,🟡 AGUARDAR,-1.38,📉 QUEDA,0,RSI 41 baixo | SMA9<SMA21 | Abaixo SMA50 | MACD-,0.0,
2026-09-27 01:14:55,PETR4,48.07,55.2,1,🟡 AGUARDAR,1.88,📈 ALTA,0,RSI 55 alto (atenuado) | SMA9>SMA21 | Acima SMA50 | MACD- | Bônus tendência,0.0,
2026-09-27 01:14:55,VALE3,70.77,18.9,1,🟡 AGUARDAR,6.04,📈 ALTA,0,RSI 19 sobrevendido | SMA9<SMA21 | Abaixo SMA50 | MACD- | LSTM +6.0%,0.0,
2026-09-27 01:14:55,ITUB4,42.13,51.8,1,🟡 AGUARDAR,1.35,📈 ALTA,0,RSI 52 neutro | SMA9>SMA21 | Acima SMA50 | MACD-,0.0,
2026-09-27 01:14:55,BBAS3,21.59,40.2,4,🟢 COMPRAR,3.95,📈 ALTA,0,RSI 40 baixo | SMA9>SMA21 | Acima SMA50 | MACD- | Bônus tendência | LSTM +4.0%,0.0,
2026-09-27 01:14:55,WEGE3,51.07,45.8,2,🟢 COMPRAR (conf.),-0.85,📉 QUEDA,0,RSI 46 neutro | SMA9>SMA21 | Acima SMA50 | MACD- | Bônus tendência,0.0,
2026-09-27 03:15:02,BTC,84467.32,70.7,3,🟢 COMPRAR,-0.91,📉 QUEDA,0,RSI 71 sobrecomprado (atenuado) | SMA9>SMA21 | Acima SMA50 | MACD+ | Bônus tendência,0.0,
2026-09-27 03:15:02,ETH,2699.54,60.0,2,🟡 AGUARDAR,-1.16,📉 QUEDA,0,RSI 60 alto | SMA9>SMA21 | Acima SMA50 | MACD+,0.0,
2026-09-27 03:15:02,SOL,121.12,51.7,1,🟡 AGUARDAR,-4.09,📉 QUEDA,0,RSI 52 neutro | SMA9>SMA21 | Acima SMA50 | MACD- | Bônus tendência | LSTM -4.1%,0.0,
2026-09-27 03:15:02,BNB,772.47,44.0,-2,🟡 AGUARDAR,-0.3,📉 QUEDA,0,RSI 44 baixo (atenuado) | SMA9<SMA21 | Abaixo SMA50 | MACD+ | Penalidade tendência,0.0,
2026-09-27 03:15:02,ADA,0.25,38.4,-2,🟡 AGUARDAR,-1.67,📉 QUEDA,0,RSI 38 baixo | SMA9<SMA21 | Abaixo SMA50 | MACD-,0.0,
2026-09-27 03:15:02,PETR4,48.07,55.2,1,🟡 AGUARDAR,1.88,📈 ALTA,0,RSI 55 alto (atenuado) | SMA9>SMA21 | Acima SMA50 | MACD- | Bônus tendência,0.0,
2026-09-27 03:15:02,VALE3,70.77,18.9,1,🟡 AGUARDAR,6.04,📈 ALTA,0,RSI 19 sobrevendido | SMA9<SMA21 | Abaixo SMA50 | MACD- | LSTM +6.0%,0.0,
2026-09-27 03:15:02,ITUB4,42.13,51.8,1,🟡 AGUARDAR,1.34,📈 ALTA,0,RSI 52 neutro | SMA9>SMA21 | Acima SMA50 | MACD-,0.0,
2026-09-27 03:15:02,BBAS3,21.59,40.2,4,🟢 COMPRAR,3.95,📈 ALTA,0,RSI 40 baixo | SMA9>SMA21 | Acima SMA50 | MACD- | Bônus tendência | LSTM +4.0%,0.0,
2026-09-27 03:15:02,WEGE3,51.07,45.8,2,🟢 COMPRAR (conf.),-0.85,📉 QUEDA,0,RSI 46 neutro | SMA9>SMA21 | Acima SMA50 | MACD- | Bônus tendência,0.0,
2026-09-27 09:15:15,BTC,84649.74,71.7,3,🟢 COMPRAR,-0.86,📉 QUEDA,0,RSI 72 sobrecomprado (atenuado) | SMA9>SMA21 | Acima SMA50 | MACD+ | Bônus tendência,0.0,
2026-09-27 09:15:15,ETH,2708.56,71.4,3,🟢 COMPRAR,-1.07,📉 QUEDA,0,RSI 71 sobrecomprado (atenuado) | SMA9>SMA21 | Acima SMA50 | MACD+ | Bônus tendência,0.0,
2026-09-27 09:15:15,SOL,123.78,71.3,2,🟢 COMPRAR (conf.),-6.99,📉 QUEDA,0,RSI 71 sobrecomprado (atenuado) | SMA9>SMA21 | Acima SMA50 | MACD+ | Bônus tendência | LSTM -7.0%,0.0,
2026-09-27 09:15:15,BNB,777.22,72.3,1,🟡 AGUARDAR,-0.57,📉 QUEDA,0,RSI 72 sobrecomprado | SMA9>SMA21 | Acima SMA50 | MACD+,0.0,
2026-09-27 09:15:15,ADA,0.26,63.3,-1,🟡 AGUARDAR,-2.05,📉 QUEDA,0,RSI 63 alto | SMA9<SMA21 | Acima SMA50 | MACD+ | LSTM -2.0%,0.0,
2026-09-27 09:15:15,PETR4,48.07,55.2,1,🟡 AGUARDAR,1.88,📈 ALTA,0,RSI 55 alto (atenuado) | SMA9>SMA21 | Acima SMA50 | MACD- | Bônus tendência,0.0,
2026-09-27 09:15:15,VALE3,70.77,18.9,1,🟡 AGUARDAR,6.04,📈 ALTA,0,RSI 19 sobrevendido | SMA9<SMA21 | Abaixo SMA50 | MACD- | LSTM +6.0%,0.0,
2026-09-27 09:15:15,ITUB4,42.13,51.8,1,🟡 AGUARDAR,1.34,📈 ALTA,0,RSI 52 neutro | SMA9>SMA21 | Acima SMA50 | MACD-,0.0,
2026-09-27 09:15:15,BBAS3,21.59,40.2,4,🟢 COMPRAR,3.95,📈 ALTA,0,RSI 40 baixo | SMA9>SMA21 | Acima SMA50 | MACD- | Bônus tendência | LSTM +4.0%,0.0,
2026-09-27 09:15:15,WEGE3,51.07,45.8,2,🟢 COMPRAR (conf.),-0.85,📉 QUEDA,0,RSI 46 neutro | SMA9>SMA21 | Acima SMA50 | MACD- | Bônus tendência,0.0,
2026-09-27 10:14:49,BTC,85012.91,79.7,2,🟢 COMPRAR (conf.),-1.18,📉 QUEDA,0,RSI 80 sobrecomprado (atenuado) | SMA9>SMA21 | Acima SMA50 | MACD+ | Bônus tendência,0.0,
2026-09-27 10:14:49,ETH,2716.52,73.7,3,🟢 COMPRAR,-1.25,📉 QUEDA,0,RSI 74 sobrecomprado (atenuado) | SMA9>SMA21 | Acima SMA50 | MACD+ | Bônus tendência,0.0,
2026-09-27 10:14:49,SOL,124.52,71.6,2,🟢 COMPRAR (conf.),-7.55,📉 QUEDA,0,RSI 72 sobrecomprado (atenuado) | SMA9>SMA21 | Acima SMA50 | MACD+ | Bônus tendência | LSTM -7.5%,0.0,
2026-09-27 10:14:49,BNB,780.13,75.4,0,🟡 AGUARDAR,-0.77,📉 QUEDA,0,RSI 75 sobrecomprado | SMA9>SMA21 | Acima SMA50 | MACD+,0.0,
2026-09-27 10:14:49,ADA,0.26,63.4,1,🟡 AGUARDAR,-2.4,📉 QUEDA,0,RSI 63 alto | SMA9>SMA21 | Acima SMA50 | MACD+ | LSTM -2.4%,0.0,
2026-09-27 10:14:49,PETR4,48.07,55.2,1,🟡 AGUARDAR,1.88,📈 ALTA,0,RSI 55 alto (atenuado) | SMA9>SMA21 | Acima SMA50 | MACD- | Bônus tendência,0.0,
2026-09-27 10:14:49,VALE3,70.77,18.9,1,🟡 AGUARDAR,6.04,📈 ALTA,0,RSI 19 sobrevendido | SMA9<SMA21 | Abaixo SMA50 | MACD- | LSTM +6.0%,0.0,
2026-09-27 10:14:49,ITUB4,42.13,51.8,1,🟡 AGUARDAR,1.35,📈 ALTA,0,RSI 52 neutro | SMA9>SMA21 | Acima SMA50 | MACD-,0.0,
2026-09-27 10:14:49,BBAS3,21.59,40.2,4,🟢 COMPRAR,3.95,📈 ALTA,0,RSI 40 baixo | SMA9>SMA21 | Acima SMA50 | MACD- | Bônus tendência | LSTM +4.0%,0.0,
2026-09-27 10:14:49,WEGE3,51.07,45.8,2,🟢 COMPRAR (conf.),-0.85,📉 QUEDA,0,RSI 46 neutro | SMA9>SMA21 | Acima SMA50 | MACD- | Bônus tendência,0.0,
2026-09-27 11:07:47,BTC,84877.63,73.1,3,🟢 COMPRAR,-0.96,📉 QUEDA,0,RSI 73 sobrecomprado (atenuado) | SMA9>SMA21 | Acima SMA50 | MACD+ | Bônus tendência,0.0,
2026-09-27 11:07:47,ETH,2708.85,65.4,3,🟢 COMPRAR,-0.94,📉 QUEDA,0,RSI 65 sobrecomprado (atenuado) | SMA9>SMA21 | Acima SMA50 | MACD+ | Bônus tendência,0.0,
2026-09-27 11:07:47,SOL,123.91,68.6,2,🟢 COMPRAR (conf.),-6.79,📉 QUEDA,0,RSI 69 sobrecomprado (atenuado) | SMA9>SMA21 | Acima SMA50 | MACD+ | Bônus tendência | LSTM -6.8%,0.0,
2026-09-27 11:07:47,BNB,779.21,70.0,1,🟡 AGUARDAR,-0.55,📉 QUEDA,0,RSI 70 sobrecomprado | SMA9>SMA21 | Acima SMA50 | MACD+,0.0,
2026-09-27 11:07:47,ADA,0.26,59.6,2,🟡 AGUARDAR,-1.5,📉 QUEDA,0,RSI 60 alto | SMA9>SMA21 | Acima SMA50 | MACD+,0.0,
2026-09-27 11:07:47,PETR4,48.07,55.2,1,🟡 AGUARDAR,1.88,📈 ALTA,0,RSI 55 alto (atenuado) | SMA9>SMA21 | Acima SMA50 | MACD- | Bônus tendência,0.0,
2026-09-27 11:07:47,VALE3,70.77,18.9,1,🟡 AGUARDAR,6.04,📈 ALTA,0,RSI 19 sobrevendido | SMA9<SMA21 | Abaixo SMA50 | MACD- | LSTM +6.0%,0.0,
2026-09-27 11:07:47,ITUB4,42.13,51.8,1,🟡 AGUARDAR,1.34,📈 ALTA,0,RSI 52 neutro | SMA9>SMA21 | Acima SMA50 | MACD-,0.0,
2026-09-27 11:07:47,BBAS3,21.59,40.2,4,🟢 COMPRAR,3.95,📈 ALTA,0,RSI 40 baixo | SMA9>SMA21 | Acima SMA50 | MACD- | Bônus tendência | LSTM +4.0%,0.0,
2026-09-27 11:07:47,WEGE3,51.07,45.8,2,🟢 COMPRAR (conf.),-0.85,📉 QUEDA,0,RSI 46 neutro | SMA9>SMA21 | Acima SMA50 | MACD- | Bônus tendência,0.0,
2026-09-27 11:38:42,BTC,84854.71,72.0,3,🟢 COMPRAR,-0.94,📉 QUEDA,0,RSI 72 sobrecomprado (atenuado) | SMA9>SMA21 | Acima SMA50 | MACD+ | Bônus tendência,0.0,
2026-09-27 11:38:42,ETH,2707.52,64.2,3,🟢 COMPRAR,-0.89,📉 QUEDA,0,RSI 64 alto (atenuado) | SMA9>SMA21 | Acima SMA50 | MACD+ | Bônus tendência,0.0,
2026-09-27 11:38:42,SOL,123.69,66.7,2,🟢 COMPRAR (conf.),-6.63,📉 QUEDA,0,RSI 67 sobrecomprado (atenuado) | SMA9>SMA21 | Acima SMA50 | MACD+ | Bônus tendência | LSTM -6.6%,0.0,
2026-09-27 11:38:42,BNB,779.14,69.2,1,🟡 AGUARDAR,-0.54,📉 QUEDA,0,RSI 69 sobrecomprado | SMA9>SMA21 | Acima SMA50 | MACD+,0.0,
2026-09-27 11:38:42,ADA,0.26,61.3,2,🟡 AGUARDAR,-1.74,📉 QUEDA,0,RSI 61 alto | SMA9>SMA21 | Acima SMA50 | MACD+,0.0,
2026-09-27 11:38:42,PETR4,48.07,55.2,1,🟡 AGUARDAR,1.88,📈 ALTA,0,RSI 55 alto (atenuado) | SMA9>SMA21 | Acima SMA50 | MACD- | Bônus tendência,0.0,
2026-09-27 11:38:42,VALE3,70.77,18.9,1,🟡 AGUARDAR,6.04,📈 ALTA,0,RSI 19 sobrevendido | SMA9<SMA21 | Abaixo SMA50 | MACD- | LSTM +6.0%,0.0,
2026-09-27 11:38:42,ITUB4,42.13,51.8,1,🟡 AGUARDAR,1.34,📈 ALTA,0,RSI 52 neutro | SMA9>SMA21 | Acima SMA50 | MACD-,0.0,
2026-09-27 11:38:42,BBAS3,21.59,40.2,4,🟢 COMPRAR,3.95,📈 ALTA,0,RSI 40 baixo | SMA9>SMA21 | Acima SMA50 | MACD- | Bônus tendência | LSTM +4.0%,0.0,
2026-09-27 11:38:42,WEGE3,51.07,45.8,2,🟢 COMPRAR (conf.),-0.85,📉 QUEDA,0,RSI 46 neutro | SMA9>SMA21 | Acima SMA50 | MACD- | Bônus tendência,0.0,
2026-09-27 12:09:24,BTC,84947.34,71.2,3,🟢 COMPRAR,-0.98,📉 QUEDA,0,RSI 71 sobrecomprado (atenuado) | SMA9>SMA21 | Acima SMA50 | MACD+ | Bônus tendência,0.0,
2026-09-27 12:09:24,ETH,2713.11,63.7,3,🟢 COMPRAR,-1.04,📉 QUEDA,0,RSI 64 alto (atenuado) | SMA9>SMA21 | Acima SMA50 | MACD+ | Bônus tendência,0.0,
2026-09-27 12:09:24,SOL,124.21,68.8,2,🟢 COMPRAR (conf.),-6.78,📉 QUEDA,0,RSI 69 sobrecomprado (atenuado) | SMA9>SMA21 | Acima SMA50 | MACD+ | Bônus tendência | LSTM -6.8%,0.0,
2026-09-27 12:09:24,BNB,780.93,71.8,3,🟢 COMPRAR,-0.64,📉 QUEDA,0,RSI 72 sobrecomprado (atenuado) | SMA9>SMA21 | Acima SMA50 | MACD+ | Bônus tendência,0.0,
2026-09-27 12:09:24,ADA,0.26,59.9,2,🟡 AGUARDAR,-1.81,📉 QUEDA,0,RSI 60 alto | SMA9>SMA21 | Acima SMA50 | MACD+,0.0,
2026-09-27 12:09:24,PETR4,48.07,55.2,1,🟡 AGUARDAR,1.88,📈 ALTA,0,RSI 55 alto (atenuado) | SMA9>SMA21 | Acima SMA50 | MACD- | Bônus tendência,0.0,
2026-09-27 12:09:24,VALE3,70.77,18.9,1,🟡 AGUARDAR,6.04,📈 ALTA,0,RSI 19 sobrevendido | SMA9<SMA21 | Abaixo SMA50 | MACD- | LSTM +6.0%,0.0,
2026-09-27 12:09:24,ITUB4,42.13,51.8,1,🟡 AGUARDAR,1.34,📈 ALTA,0,RSI 52 neutro | SMA9>SMA21 | Acima SMA50 | MACD-,0.0,
2026-09-27 12:09:24,BBAS3,21.59,40.2,4,🟢 COMPRAR,3.95,📈 ALTA,0,RSI 40 baixo | SMA9>SMA21 | Acima SMA50 | MACD- | Bônus tendência | LSTM +4.0%,0.0,
2026-09-27 12:09:24,WEGE3,51.07,45.8,2,🟢 COMPRAR (conf.),-0.85,📉 QUEDA,0,RSI 46 neutro | SMA9>SMA21 | Acima SMA50 | MACD- | Bônus tendência,0.0,
2026-09-27 12:42:44,BTC,84993.81,72.2,3,🟢 COMPRAR,-1.03,📉 QUEDA,0,RSI 72 sobrecomprado (atenuado) | SMA9>SMA21 | Acima SMA50 | MACD+ | Bônus tendência,0.0,
2026-09-27 12:42:44,ETH,2714.67,64.5,3,🟢 COMPRAR,-1.1,📉 QUEDA,0,RSI 65 alto (atenuado) | SMA9>SMA21 | Acima SMA50 | MACD+ | Bônus tendência,0.0,
2026-09-27 12:42:44,SOL,124.12,68.1,2,🟢 COMPRAR (conf.),-6.7,📉 QUEDA,0,RSI 68 sobrecomprado (atenuado) | SMA9>SMA21 | Acima SMA50 | MACD+ | Bônus tendência | LSTM -6.7%,0.0,
2026-09-27 12:42:44,BNB,782.53,73.9,3,🟢 COMPRAR,-0.83,📉 QUEDA,0,RSI 74 sobrecomprado (atenuado) | SMA9>SMA21 | Acima SMA50 | MACD+ | Bônus tendência,0.0,
2026-09-27 12:42:44,ADA,0.26,64.4,1,🟡 AGUARDAR,-2.53,📉 QUEDA,0,RSI 64 alto | SMA9>SMA21 | Acima SMA50 | MACD+ | LSTM -2.5%,0.0,
2026-09-27 12:42:44,PETR4,48.07,55.2,1,🟡 AGUARDAR,1.88,📈 ALTA,0,RSI 55 alto (atenuado) | SMA9>SMA21 | Acima SMA50 | MACD- | Bônus tendência,0.0,
2026-09-27 12:42:44,VALE3,70.77,18.9,1,🟡 AGUARDAR,6.04,📈 ALTA,0,RSI 19 sobrevendido | SMA9<SMA21 | Abaixo SMA50 | MACD- | LSTM +6.0%,0.0,
2026-09-27 12:42:44,ITUB4,42.13,51.8,1,🟡 AGUARDAR,1.35,📈 ALTA,0,RSI 52 neutro | SMA9>SMA21 | Acima SMA50 | MACD-,0.0,
2026-09-27 12:42:44,BBAS3,21.59,40.2,4,🟢 COMPRAR,3.95,📈 ALTA,0,RSI 40 baixo | SMA9>SMA21 | Acima SMA50 | MACD- | Bônus tendência | LSTM +4.0%,0.0,
2026-09-27 12:42:44,WEGE3,51.07,45.8,2,🟢 COMPRAR (conf.),-0.85,📉 QUEDA,0,RSI 46 neutro | SMA9>SMA21 | Acima SMA50 | MACD- | Bônus tendência,0.0,
2026-09-27 13:09:47,BTC,84771.53,71.0,3,🟢 COMPRAR,-0.74,📉 QUEDA,0,RSI 71 sobrecomprado (atenuado) | SMA9>SMA21 | Acima SMA50 | MACD+ | Bônus tendência,0.0,
2026-09-27 13:09:47,ETH,2703.92,58.9,0,🟡 AGUARDAR,-0.71,📉 QUEDA,0,RSI 59 alto | SMA9>SMA21 | Acima SMA50 | MACD-,0.0,
2026-09-27 13:09:47,SOL,123.16,65.7,2,🟢 COMPRAR (conf.),-5.82,📉 QUEDA,0,RSI 66 sobrecomprado (atenuado) | SMA9>SMA21 | Acima SMA50 | MACD+ | Bônus tendência | LSTM -5.8%,0.0,
2026-09-27 13:09:47,BNB,778.6,67.3,3,🟢 COMPRAR,-0.25,📉 QUEDA,0,RSI 67 sobrecomprado (atenuado) | SMA9>SMA21 | Acima SMA50 | MACD+ | Bônus tendência,0.0,
2026-09-27 13:09:47,ADA,0.26,62.2,2,🟡 AGUARDAR,-1.03,📉 QUEDA,0,RSI 62 alto | SMA9>SMA21 | Acima SMA50 | MACD+,0.0,
2026-09-27 13:09:47,PETR4,48.07,55.2,1,🟡 AGUARDAR,1.88,📈 ALTA,0,RSI 55 alto (atenuado) | SMA9>SMA21 | Acima SMA50 | MACD- | Bônus tendência,0.0,
2026-09-27 13:09:47,VALE3,70.77,18.9,1,🟡 AGUARDAR,6.04,📈 ALTA,0,RSI 19 sobrevendido | SMA9<SMA21 | Abaixo SMA50 | MACD- | LSTM +6.0%,0.0,
2026-09-27 13:09:47,ITUB4,42.13,51.8,1,🟡 AGUARDAR,1.35,📈 ALTA,0,RSI 52 neutro | SMA9>SMA21 | Acima SMA50 | MACD-,0.0,
2026-09-27 13:09:47,BBAS3,21.59,40.2,4,🟢 COMPRAR,3.95,📈 ALTA,0,RSI 40 baixo | SMA9>SMA21 | Acima SMA50 | MACD- | Bônus tendência | LSTM +4.0%,0.0,
2026-09-27 13:09:47,WEGE3,51.07,45.8,2,🟢 COMPRAR (conf.),-0.85,📉 QUEDA,0,RSI 46 neutro | SMA9>SMA21 | Acima SMA50 | MACD- | Bônus tendência,0.0,
2026-09-27 13:26:06,BTC,84839.0,73.2,3,🟢 COMPRAR,-0.82,📉 QUEDA,0,RSI 73 sobrecomprado (atenuado) | SMA9>SMA21 | Acima SMA50 | MACD+ | Bônus tendência,0.0,
2026-09-27 13:26:06,ETH,2706.46,61.3,2,🟡 AGUARDAR,-0.8,📉 QUEDA,0,RSI 61 alto | SMA9>SMA21 | Acima SMA50 | MACD+,0.0,
2026-09-27 13:26:06,SOL,122.83,62.9,2,🟢 COMPRAR (conf.),-5.59,📉 QUEDA,0,RSI 63 alto (atenuado) | SMA9>SMA21 | Acima SMA50 | MACD+ | Bônus tendência | LSTM -5.6%,0.0,
2026-09-27 13:26:06,BNB,778.94,67.9,3,🟢 COMPRAR,-0.3,📉 QUEDA,0,RSI 68 sobrecomprado (atenuado) | SMA9>SMA21 | Acima SMA50 | MACD+ | Bônus tendência,0.0,
2026-09-27 13:26:06,ADA,0.26,61.3,0,🟡 AGUARDAR,-0.9,📉 QUEDA,0,RSI 61 alto | SMA9>SMA21 | Abaixo SMA50 | MACD+,0.0,
2026-09-27 13:26:06,PETR4,48.07,55.2,1,🟡 AGUARDAR,1.88,📈 ALTA,0,RSI 55 alto (atenuado) | SMA9>SMA21 | Acima SMA50 | MACD- | Bônus tendência,0.0,
2026-09-27 13:26:06,VALE3,70.77,18.9,1,🟡 AGUARDAR,6.04,📈 ALTA,0,RSI 19 sobrevendido | SMA9<SMA21 | Abaixo SMA50 | MACD- | LSTM +6.0%,0.0,
2026-09-27 13:26:06,ITUB4,42.13,51.8,1,🟡 AGUARDAR,1.34,📈 ALTA,0,RSI 52 neutro | SMA9>SMA21 | Acima SMA50 | MACD-,0.0,
2026-09-27 13:26:06,BBAS3,21.59,40.2,4,🟢 COMPRAR,3.95,📈 ALTA,0,RSI 40 baixo | SMA9>SMA21 | Acima SMA50 | MACD- | Bônus tendência | LSTM +4.0%,0.0,
2026-09-27 13:26:06,WEGE3,51.07,45.8,2,🟢 COMPRAR (conf.),-0.85,📉 QUEDA,0,RSI 46 neutro | SMA9>SMA21 | Acima SMA50 | MACD- | Bônus tendência,0.0,
2026-09-27 13:40:09,BTC,84880.88,74.0,3,🟢 COMPRAR,-0.86,📉 QUEDA,0,RSI 74 sobrecomprado (atenuado) | SMA9>SMA21 | Acima SMA50 | MACD+ | Bônus tendência,0.0,
2026-09-27 13:40:09,ETH,2704.35,59.1,0,🟡 AGUARDAR,-0.73,📉 QUEDA,0,RSI 59 alto | SMA9>SMA21 | Acima SMA50 | MACD-,0.0,
2026-09-27 13:40:09,SOL,122.92,63.6,2,🟢 COMPRAR (conf.),-5.65,📉 QUEDA,0,RSI 64 alto (atenuado) | SMA9>SMA21 | Acima SMA50 | MACD+ | Bônus tendência | LSTM -5.7%,0.0,
2026-09-27 13:40:09,BNB,779.19,69.6,3,🟢 COMPRAR,-0.32,📉 QUEDA,0,RSI 70 sobrecomprado (atenuado) | SMA9>SMA21 | Acima SMA50 | MACD+ | Bônus tendência,0.0,
2026-09-27 13:40:09,ADA,0.26,61.7,0,🟡 AGUARDAR,-0.98,📉 QUEDA,0,RSI 62 alto | SMA9>SMA21 | Abaixo SMA50 | MACD+,0.0,
2026-09-27 13:40:09,PETR4,48.07,55.2,1,🟡 AGUARDAR,1.88,📈 ALTA,0,RSI 55 alto (atenuado) | SMA9>SMA21 | Acima SMA50 | MACD- | Bônus tendência,0.0,
2026-09-27 13:40:09,VALE3,70.77,18.9,1,🟡 AGUARDAR,6.04,📈 ALTA,0,RSI 19 sobrevendido | SMA9<SMA21 | Abaixo SMA50 | MACD- | LSTM +6.0%,0.0,
2026-09-27 13:40:09,ITUB4,42.13,51.8,1,🟡 AGUARDAR,1.35,📈 ALTA,0,RSI 52 neutro | SMA9>SMA21 | Acima SMA50 | MACD-,0.0,
2026-09-27 13:40:09,BBAS3,21.59,40.2,4,🟢 COMPRAR,3.95,📈 ALTA,0,RSI 40 baixo | SMA9>SMA21 | Acima SMA50 | MACD- | Bônus tendência | LSTM +4.0%,0.0,
2026-09-27 13:40:09,WEGE3,51.07,45.8,2,🟢 COMPRAR (conf.),-0.85,📉 QUEDA,0,RSI 46 neutro | SMA9>SMA21 | Acima SMA50 | MACD- | Bônus tendência,0.0,
2026-09-27 13:52:34,BTC,84872.27,73.8,3,🟢 COMPRAR,-0.85,📉 QUEDA,0,RSI 74 sobrecomprado (atenuado) | SMA9>SMA21 | Acima SMA50 | MACD+ | Bônus tendência,0.0,
2026-09-27 13:52:34,ETH,2705.64,60.5,2,🟡 AGUARDAR,-0.77,📉 QUEDA,0,RSI 60 alto | SMA9>SMA21 | Acima SMA50 | MACD+,0.0,
2026-09-27 13:52:34,SOL,122.86,63.2,2,🟢 COMPRAR (conf.),-5.6,📉 QUEDA,0,RSI 63 alto (atenuado) | SMA9>SMA21 | Acima SMA50 | MACD+ | Bônus tendência | LSTM -5.6%,0.0,
2026-09-27 13:52:34,BNB,779.56,71.2,3,🟢 COMPRAR,-0.37,📉 QUEDA,0,RSI 71 sobrecomprado (atenuado) | SMA9>SMA21 | Acima SMA50 | MACD+ | Bônus tendência,0.0,
2026-09-27 13:52:34,ADA,0.26,63.2,2,🟡 AGUARDAR,-1.11,📉 QUEDA,0,RSI 63 alto | SMA9>SMA21 | Acima SMA50 | MACD+,0.0,
2026-09-27 13:52:34,PETR4,48.07,55.2,1,🟡 AGUARDAR,1.88,📈 ALTA,0,RSI 55 alto (atenuado) | SMA9>SMA21 | Acima SMA50 | MACD- | Bônus tendência,0.0,
2026-09-27 13:52:34,VALE3,70.77,18.9,1,🟡 AGUARDAR,6.04,📈 ALTA,0,RSI 19 sobrevendido | SMA9<SMA21 | Abaixo SMA50 | MACD- | LSTM +6.0%,0.0,
2026-09-27 13:52:34,ITUB4,42.13,51.8,1,🟡 AGUARDAR,1.35,📈 ALTA,0,RSI 52 neutro | SMA9>SMA21 | Acima SMA50 | MACD-,0.0,
2026-09-27 13:52:34,BBAS3,21.59,40.2,4,🟢 COMPRAR,3.95,📈 ALTA,0,RSI 40 baixo | SMA9>SMA21 | Acima SMA50 | MACD- | Bônus tendência | LSTM +4.0%,0.0,
2026-09-27 13:52:34,WEGE3,51.07,45.8,2,🟢 COMPRAR (conf.),-0.85,📉 QUEDA,0,RSI 46 neutro | SMA9>SMA21 | Acima SMA50 | MACD- | Bônus tendência,0.0,
2026-09-27 14:09:40,BTC,85014.41,71.8,3,🟢 COMPRAR,-0.95,📉 QUEDA,0,RSI 72 sobrecomprado (atenuado) | SMA9>SMA21 | Acima SMA50 | MACD+ | Bônus tendência,0.0,
2026-09-27 14:09:40,ETH,2709.14,57.2,2,🟡 AGUARDAR,-0.88,📉 QUEDA,0,RSI 57 alto | SMA9>SMA21 | Acima SMA50 | MACD+,0.0,
2026-09-27 14:09:40,SOL,123.14,62.3,2,🟢 COMPRAR (conf.),-5.68,📉 QUEDA,0,RSI 62 alto (atenuado) | SMA9>SMA21 | Acima SMA50 | MACD+ | Bônus tendência | LSTM -5.7%,0.0,
2026-09-27 14:09:40,BNB,780.84,74.5,3,🟢 COMPRAR,-0.42,📉 QUEDA,0,RSI 75 sobrecomprado (atenuado) | SMA9>SMA21 | Acima SMA50 | MACD+ | Bônus tendência,0.0,
2026-09-27 14:09:40,ADA,0.26,63.4,2,🟡 AGUARDAR,-1.15,📉 QUEDA,0,RSI 63 alto | SMA9>SMA21 | Acima SMA50 | MACD+,0.0,
2026-09-27 14:09:40,PETR4,48.07,55.2,1,🟡 AGUARDAR,1.88,📈 ALTA,0,RSI 55 alto (atenuado) | SMA9>SMA21 | Acima SMA50 | MACD- | Bônus tendência,0.0,
2026-09-27 14:09:40,VALE3,70.77,18.9,1,🟡 AGUARDAR,6.04,📈 ALTA,0,RSI 19 sobrevendido | SMA9<SMA21 | Abaixo SMA50 | MACD- | LSTM +6.0%,0.0,
2026-09-27 14:09:40,ITUB4,42.13,51.8,1,🟡 AGUARDAR,1.34,📈 ALTA,0,RSI 52 neutro | SMA9>SMA21 | Acima SMA50 | MACD-,0.0,
2026-09-27 14:09:40,BBAS3,21.59,40.2,4,🟢 COMPRAR,3.95,📈 ALTA,0,RSI 40 baixo | SMA9>SMA21 | Acima SMA50 | MACD- | Bônus tendência | LSTM +4.0%,0.0,
2026-09-27 14:09:40,WEGE3,51.07,45.8,2,🟢 COMPRAR (conf.),-0.85,📉 QUEDA,0,RSI 46 neutro | SMA9>SMA21 | Acima SMA50 | MACD- | Bônus tendência,0.0,
2026-09-27 14:26:22,BTC,84839.05,63.3,3,🟢 COMPRAR,-0.76,📉 QUEDA,0,RSI 63 alto (atenuado) | SMA9>SMA21 | Acima SMA50 | MACD+ | Bônus tendência,0.0,
2026-09-27 14:26:22,ETH,2697.91,47.5,1,🟡 AGUARDAR,-0.49,📉 QUEDA,0,RSI 48 neutro | SMA9>SMA21 | Acima SMA50 | MACD-,0.0,
2026-09-27 14:26:22,SOL,122.57,57.7,0,🟡 AGUARDAR,-5.25,📉 QUEDA,0,RSI 58 alto (atenuado) | SMA9>SMA21 | Acima SMA50 | MACD- | Bônus tendência | LSTM -5.2%,0.0,
2026-09-27 14:26:22,BNB,779.11,66.1,3,🟢 COMPRAR,-0.22,📉 QUEDA,0,RSI 66 sobrecomprado (atenuado) | SMA9>SMA21 | Acima SMA50 | MACD+ | Bônus tendência,0.0,
2026-09-27 14:26:22,ADA,0.25,57.6,0,🟡 AGUARDAR,-0.64,📉 QUEDA,0,RSI 58 alto | SMA9>SMA21 | Abaixo SMA50 | MACD+,0.0,
2026-09-27 14:26:22,PETR4,48.07,55.2,1,🟡 AGUARDAR,1.88,📈 ALTA,0,RSI 55 alto (atenuado) | SMA9>SMA21 | Acima SMA50 | MACD- | Bônus tendência,0.0,
2026-09-27 14:26:22,VALE3,70.77,18.9,1,🟡 AGUARDAR,6.04,📈 ALTA,0,RSI 19 sobrevendido | SMA9<SMA21 | Abaixo SMA50 | MACD- | LSTM +6.0%,0.0,
2026-09-27 14:26:22,ITUB4,42.13,51.8,1,🟡 AGUARDAR,1.34,📈 ALTA,0,RSI 52 neutro | SMA9>SMA21 | Acima SMA50 | MACD-,0.0,
2026-09-27 14:26:22,BBAS3,21.59,40.2,4,🟢 COMPRAR,3.95,📈 ALTA,0,RSI 40 baixo | SMA9>SMA21 | Acima SMA50 | MACD- | Bônus tendência | LSTM +4.0%,0.0,
2026-09-27 14:26:22,WEGE3,51.07,45.8,2,🟢 COMPRAR (conf.),-0.85,📉 QUEDA,0,RSI 46 neutro | SMA9>SMA21 | Acima SMA50 | MACD- | Bônus tendência,0.0,
2026-09-27 14:40:19,BTC,84709.86,58.0,3,🟢 COMPRAR,-0.61,📉 QUEDA,0,RSI 58 alto (atenuado) | SMA9>SMA21 | Acima SMA50 | MACD+ | Bônus tendência,0.0,
2026-09-27 14:40:19,ETH,2688.35,41.4,0,🟡 AGUARDAR,-0.17,📉 QUEDA,0,RSI 41 baixo | SMA9>SMA21 | Abaixo SMA50 | MACD-,0.0,
2026-09-27 14:40:19,SOL,121.76,52.1,1,🟡 AGUARDAR,-4.64,📉 QUEDA,0,RSI 52 neutro | SMA9>SMA21 | Acima SMA50 | MACD- | Bônus tendência | LSTM -4.6%,0.0,
2026-09-27 14:40:19,BNB,778.15,62.4,3,🟢 COMPRAR,-0.11,📉 QUEDA,0,RSI 62 alto (atenuado) | SMA9>SMA21 | Acima SMA50 | MACD+ | Bônus tendência,0.0,
2026-09-27 14:40:19,ADA,0.25,53.6,1,🟡 AGUARDAR,-0.24,📉 QUEDA,0,RSI 54 neutro | SMA9>SMA21 | Abaixo SMA50 | MACD+,0.0,
2026-09-27 14:40:19,PETR4,48.07,55.2,1,🟡 AGUARDAR,1.88,📈 ALTA,0,RSI 55 alto (atenuado) | SMA9>SMA21 | Acima SMA50 | MACD- | Bônus tendência,0.0,
2026-09-27 14:40:19,VALE3,70.77,18.9,1,🟡 AGUARDAR,6.04,📈 ALTA,0,RSI 19 sobrevendido | SMA9<SMA21 | Abaixo SMA50 | MACD- | LSTM +6.0%,0.0,
2026-09-27 14:40:19,ITUB4,42.13,51.8,1,🟡 AGUARDAR,1.35,📈 ALTA,0,RSI 52 neutro | SMA9>SMA21 | Acima SMA50 | MACD-,0.0,
2026-09-27 14:40:19,BBAS3,21.59,40.2,4,🟢 COMPRAR,3.95,📈 ALTA,0,RSI 40 baixo | SMA9>SMA21 | Acima SMA50 | MACD- | Bônus tendência | LSTM +4.0%,0.0,
2026-09-27 14:40:19,WEGE3,51.07,45.8,2,🟢 COMPRAR (conf.),-0.85,📉 QUEDA,0,RSI 46 neutro | SMA9>SMA21 | Acima SMA50 | MACD- | Bônus tendência,0.0,
2026-09-27 14:52:30,BTC,84553.91,52.4,2,🟢 COMPRAR (conf.),-0.44,📉 QUEDA,0,RSI 52 neutro | SMA9>SMA21 | Acima SMA50 | MACD- | Bônus tendência,0.0,
2026-09-27 14:52:30,ETH,2687.53,41.1,0,🟡 AGUARDAR,-0.14,📉 QUEDA,0,RSI 41 baixo | SMA9>SMA21 | Abaixo SMA50 | MACD-,0.0,
2026-09-27 14:52:30,SOL,121.83,52.4,1,🟡 AGUARDAR,-4.7,📉 QUEDA,0,RSI 52 neutro | SMA9>SMA21 | Acima SMA50 | MACD- | Bônus tendência | LSTM -4.7%,0.0,
2026-09-27 14:52:30,BNB,777.97,61.8,3,🟢 COMPRAR,-0.09,📉 QUEDA,0,RSI 62 alto (atenuado) | SMA9>SMA21 | Acima SMA50 | MACD+ | Bônus tendência,0.0,
2026-09-27 14:52:30,ADA,0.25,54.8,1,🟡 AGUARDAR,-0.35,📉 QUEDA,0,RSI 55 neutro | SMA9>SMA21 | Abaixo SMA50 | MACD+,0.0,
2026-09-27 14:52:30,PETR4,48.07,55.2,1,🟡 AGUARDAR,1.88,📈 ALTA,0,RSI 55 alto (atenuado) | SMA9>SMA21 | Acima SMA50 | MACD- | Bônus tendência,0.0,
2026-09-27 14:52:30,VALE3,70.77,18.9,1,🟡 AGUARDAR,6.04,📈 ALTA,0,RSI 19 sobrevendido | SMA9<SMA21 | Abaixo SMA50 | MACD- | LSTM +6.0%,0.0,
2026-09-27 14:52:30,ITUB4,42.13,51.8,1,🟡 AGUARDAR,1.34,📈 ALTA,0,RSI 52 neutro | SMA9>SMA21 | Acima SMA50 | MACD-,0.0,
2026-09-27 14:52:30,BBAS3,21.59,40.2,4,🟢 COMPRAR,3.95,📈 ALTA,0,RSI 40 baixo | SMA9>SMA21 | Acima SMA50 | MACD- | Bônus tendência | LSTM +4.0%,0.0,
2026-09-27 14:52:30,WEGE3,51.07,45.8,2,🟢 COMPRAR (conf.),-0.85,📉 QUEDA,0,RSI 46 neutro | SMA9>SMA21 | Acima SMA50 | MACD- | Bônus tendência,0.0,
2026-09-27 15:09:57,BTC,84500.24,51.9,2,🟢 COMPRAR (conf.),-0.38,📉 QUEDA,0,RSI 52 neutro | SMA9>SMA21 | Acima SMA50 | MACD- | Bônus tendência,0.0,
2026-09-27 15:09:57,ETH,2687.53,43.3,0,🟡 AGUARDAR,-0.22,📉 QUEDA,0,RSI 43 baixo | SMA9>SMA21 | Abaixo SMA50 | MACD-,0.0,
2026-09-27 15:09:57,SOL,121.66,53.2,1,🟡 AGUARDAR,-4.55,📉 QUEDA,0,RSI 53 neutro | SMA9>SMA21 | Acima SMA50 | MACD- | Bônus tendência | LSTM -4.5%,0.0,
2026-09-27 15:09:57,BNB,775.35,57.9,1,🟡 AGUARDAR,0.24,📈 ALTA,0,RSI 58 alto (atenuado) | SMA9>SMA21 | Acima SMA50 | MACD- | Bônus tendência,0.0,
2026-09-27 15:09:57,ADA,0.25,52.9,-2,🟡 AGUARDAR,-0.07,📉 QUEDA,0,RSI 53 neutro | SMA9>SMA21 | Abaixo SMA50 | MACD- | Penalidade tendência,0.0,
2026-09-27 15:09:57,PETR4,48.07,55.2,1,🟡 AGUARDAR,1.88,📈 ALTA,0,RSI 55 alto (atenuado) | SMA9>SMA21 | Acima SMA50 | MACD- | Bônus tendência,0.0,
2026-09-27 15:09:57,VALE3,70.77,18.9,1,🟡 AGUARDAR,6.04,📈 ALTA,0,RSI 19 sobrevendido | SMA9<SMA21 | Abaixo SMA50 | MACD- | LSTM +6.0%,0.0,
2026-09-27 15:09:57,ITUB4,42.13,51.8,1,🟡 AGUARDAR,1.34,📈 ALTA,0,RSI 52 neutro | SMA9>SMA21 | Acima SMA50 | MACD-,0.0,
2026-09-27 15:09:57,BBAS3,21.59,40.2,4,🟢 COMPRAR,3.95,📈 ALTA,0,RSI 40 baixo | SMA9>SMA21 | Acima SMA50 | MACD- | Bônus tendência | LSTM +4.0%,0.0,
2026-09-27 15:09:57,WEGE3,51.07,45.8,2,🟢 COMPRAR (conf.),-0.85,📉 QUEDA,0,RSI 46 neutro | SMA9>SMA21 | Acima SMA50 | MACD- | Bônus tendência,0.0,
2026-09-27 15:26:44,BTC,84527.47,52.7,2,🟢 COMPRAR (conf.),-0.41,📉 QUEDA,0,RSI 53 neutro | SMA9>SMA21 | Acima SMA50 | MACD- | Bônus tendência,0.0,
2026-09-27 15:26:44,ETH,2688.04,43.8,0,🟡 AGUARDAR,-0.23,📉 QUEDA,0,RSI 44 baixo | SMA9>SMA21 | Abaixo SMA50 | MACD-,0.0,
2026-09-27 15:26:44,SOL,121.62,53.0,1,🟡 AGUARDAR,-4.51,📉 QUEDA,0,RSI 53 neutro | SMA9>SMA21 | Acima SMA50 | MACD- | Bônus tendência | LSTM -4.5%,0.0,
2026-09-27 15:26:44,BNB,775.2,57.8,1,🟡 AGUARDAR,0.26,📈 ALTA,0,RSI 58 alto (atenuado) | SMA9>SMA21 | Acima SMA50 | MACD- | Bônus tendência,0.0,
2026-09-27 15:26:44,ADA,0.25,52.1,-2,🟡 AGUARDAR,0.05,📈 ALTA,0,RSI 52 neutro | SMA9>SMA21 | Abaixo SMA50 | MACD- | Penalidade tendência,0.0,
2026-09-27 15:26:44,PETR4,48.07,55.2,1,🟡 AGUARDAR,1.88,📈 ALTA,0,RSI 55 alto (atenuado) | SMA9>SMA21 | Acima SMA50 | MACD- | Bônus tendência,0.0,
2026-09-27 15:26:44,VALE3,70.77,18.9,1,🟡 AGUARDAR,6.04,📈 ALTA,0,RSI 19 sobrevendido | SMA9<SMA21 | Abaixo SMA50 | MACD- | LSTM +6.0%,0.0,
2026-09-27 15:26:44,ITUB4,42.13,51.8,1,🟡 AGUARDAR,1.34,📈 ALTA,0,RSI 52 neutro | SMA9>SMA21 | Acima SMA50 | MACD-,0.0,
2026-09-27 15:26:44,BBAS3,21.59,40.2,4,🟢 COMPRAR,3.95,📈 ALTA,0,RSI 40 baixo | SMA9>SMA21 | Acima SMA50 | MACD- | Bônus tendência | LSTM +4.0%,0.0,
2026-09-27 15:26:44,WEGE3,51.07,45.8,2,🟢 COMPRAR (conf.),-0.85,📉 QUEDA,0,RSI 46 neutro | SMA9>SMA21 | Acima SMA50 | MACD- | Bônus tendência,0.0,
2026-09-27 15:40:49,BTC,84465.0,50.9,2,🟢 COMPRAR (conf.),-0.34,📉 QUEDA,0,RSI 51 neutro | SMA9>SMA21 | Acima SMA50 | MACD- | Bônus tendência,0.0,
2026-09-27 15:40:49,ETH,2688.25,43.7,0,🟡 AGUARDAR,-0.24,📉 QUEDA,0,RSI 44 baixo | SMA9>SMA21 | Abaixo SMA50 | MACD-,0.0,
2026-09-27 15:40:49,SOL,121.59,52.8,1,🟡 AGUARDAR,-4.49,📉 QUEDA,0,RSI 53 neutro | SMA9>SMA21 | Acima SMA50 | MACD- | Bônus tendência | LSTM -4.5%,0.0,
2026-09-27 15:40:49,BNB,774.34,55.2,-2,🟡 AGUARDAR,0.36,📈 ALTA,0,RSI 55 alto | SMA9>SMA21 | Abaixo SMA50 | MACD-,0.0,
2026-09-27 15:40:49,ADA,0.25,52.4,-2,🟡 AGUARDAR,-0.04,📉 QUEDA,0,RSI 52 neutro | SMA9>SMA21 | Abaixo SMA50 | MACD- | Penalidade tendência,0.0,
2026-09-27 15:40:49,PETR4,48.07,55.2,1,🟡 AGUARDAR,1.88,📈 ALTA,0,RSI 55 alto (atenuado) | SMA9>SMA21 | Acima SMA50 | MACD- | Bônus tendência,0.0,
2026-09-27 15:40:49,VALE3,70.77,18.9,1,🟡 AGUARDAR,6.04,📈 ALTA,0,RSI 19 sobrevendido | SMA9<SMA21 | Abaixo SMA50 | MACD- | LSTM +6.0%,0.0,
2026-09-27 15:40:49,ITUB4,42.13,51.8,1,🟡 AGUARDAR,1.35,📈 ALTA,0,RSI 52 neutro | SMA9>SMA21 | Acima SMA50 | MACD-,0.0,
2026-09-27 15:40:49,BBAS3,21.59,40.2,4,🟢 COMPRAR,3.95,📈 ALTA,0,RSI 40 baixo | SMA9>SMA21 | Acima SMA50 | MACD- | Bônus tendência | LSTM +4.0%,0.0,
2026-09-27 15:40:49,WEGE3,51.07,45.8,2,🟢 COMPRAR (conf.),-0.85,📉 QUEDA,0,RSI 46 neutro | SMA9>SMA21 | Acima SMA50 | MACD- | Bônus tendência,0.0,
2026-09-27 15:53:06,BTC,84452.81,50.5,2,🟢 COMPRAR (conf.),-0.33,📉 QUEDA,0,RSI 51 neutro | SMA9>SMA21 | Acima SMA50 | MACD- | Bônus tendência,0.0,
2026-09-27 15:53:06,ETH,2689.97,45.2,-1,🟡 AGUARDAR,-0.3,📉 QUEDA,0,RSI 45 neutro | SMA9>SMA21 | Abaixo SMA50 | MACD-,0.0,
2026-09-27 15:53:06,SOL,121.7,53.5,1,🟡 AGUARDAR,-4.57,📉 QUEDA,0,RSI 54 neutro | SMA9>SMA21 | Acima SMA50 | MACD- | Bônus tendência | LSTM -4.6%,0.0,
2026-09-27 15:53:06,BNB,774.32,55.2,-2,🟡 AGUARDAR,0.37,📈 ALTA,0,RSI 55 alto | SMA9>SMA21 | Abaixo SMA50 | MACD-,0.0,
2026-09-27 15:53:06,ADA,0.25,54.4,-2,🟡 AGUARDAR,-0.23,📉 QUEDA,0,RSI 54 neutro | SMA9>SMA21 | Abaixo SMA50 | MACD- | Penalidade tendência,0.0,
2026-09-27 15:53:06,PETR4,48.07,55.2,1,🟡 AGUARDAR,1.88,📈 ALTA,0,RSI 55 alto (atenuado) | SMA9>SMA21 | Acima SMA50 | MACD- | Bônus tendência,0.0,
2026-09-27 15:53:06,VALE3,70.77,18.9,1,🟡 AGUARDAR,6.04,📈 ALTA,0,RSI 19 sobrevendido | SMA9<SMA21 | Abaixo SMA50 | MACD- | LSTM +6.0%,0.0,
2026-09-27 15:53:06,ITUB4,42.13,51.8,1,🟡 AGUARDAR,1.34,📈 ALTA,0,RSI 52 neutro | SMA9>SMA21 | Acima SMA50 | MACD-,0.0,
2026-09-27 15:53:06,BBAS3,21.59,40.2,4,🟢 COMPRAR,3.95,📈 ALTA,0,RSI 40 baixo | SMA9>SMA21 | Acima SMA50 | MACD- | Bônus tendência | LSTM +4.0%,0.0,
2026-09-27 15:53:06,WEGE3,51.07,45.8,2,🟢 COMPRAR (conf.),-0.85,📉 QUEDA,0,RSI 46 neutro | SMA9>SMA21 | Acima SMA50 | MACD- | Bônus tendência,0.0,
2026-09-27 16:10:29,BTC,84557.77,55.1,1,🟡 AGUARDAR,-0.47,📉 QUEDA,0,RSI 55 alto (atenuado) | SMA9>SMA21 | Acima SMA50 | MACD- | Bônus tendência,0.0,
2026-09-27 16:10:29,ETH,2692.38,47.7,-1,🟡 AGUARDAR,-0.47,📉 QUEDA,0,RSI 48 neutro | SMA9>SMA21 | Abaixo SMA50 | MACD-,0.0,
2026-09-27 16:10:29,SOL,122.1,59.4,0,🟡 AGUARDAR,-4.89,📉 QUEDA,0,RSI 59 alto (atenuado) | SMA9>SMA21 | Acima SMA50 | MACD- | Bônus tendência | LSTM -4.9%,0.0,
2026-09-27 16:10:29,BNB,775.57,59.5,1,🟡 AGUARDAR,0.17,📈 ALTA,0,RSI 59 alto (atenuado) | SMA9>SMA21 | Acima SMA50 | MACD- | Bônus tendência,0.0,
2026-09-27 16:10:29,ADA,0.26,59.7,-1,🟡 AGUARDAR,-0.9,📉 QUEDA,0,RSI 60 alto | SMA9>SMA21 | Abaixo SMA50 | MACD+ | Penalidade tendência,0.0,
2026-09-27 16:10:29,PETR4,48.07,55.2,1,🟡 AGUARDAR,1.88,📈 ALTA,0,RSI 55 alto (atenuado) | SMA9>SMA21 | Acima SMA50 | MACD- | Bônus tendência,0.0,
2026-09-27 16:10:29,VALE3,70.77,18.9,1,🟡 AGUARDAR,6.04,📈 ALTA,0,RSI 19 sobrevendido | SMA9<SMA21 | Abaixo SMA50 | MACD- | LSTM +6.0%,0.0,
2026-09-27 16:10:29,ITUB4,42.13,51.8,1,🟡 AGUARDAR,1.35,📈 ALTA,0,RSI 52 neutro | SMA9>SMA21 | Acima SMA50 | MACD-,0.0,
2026-09-27 16:10:29,BBAS3,21.59,40.2,4,🟢 COMPRAR,3.95,📈 ALTA,0,RSI 40 baixo | SMA9>SMA21 | Acima SMA50 | MACD- | Bônus tendência | LSTM +4.0%,0.0,
2026-09-27 16:10:29,WEGE3,51.07,45.8,2,🟢 COMPRAR (conf.),-0.85,📉 QUEDA,0,RSI 46 neutro | SMA9>SMA21 | Acima SMA50 | MACD- | Bônus tendência,0.0,
2026-09-27 16:27:34,BTC,84589.52,56.0,1,🟡 AGUARDAR,-0.51,📉 QUEDA,0,RSI 56 alto (atenuado) | SMA9>SMA21 | Acima SMA50 | MACD- | Bônus tendência,0.0,
2026-09-27 16:27:34,ETH,2691.65,47.2,-1,🟡 AGUARDAR,-0.45,📉 QUEDA,0,RSI 47 neutro | SMA9>SMA21 | Abaixo SMA50 | MACD-,0.0,
2026-09-27 16:27:34,SOL,122.0,59.1,0,🟡 AGUARDAR,-4.82,📉 QUEDA,0,RSI 59 alto (atenuado) | SMA9>SMA21 | Acima SMA50 | MACD- | Bônus tendência | LSTM -4.8%,0.0,
2026-09-27 16:27:34,BNB,774.6,57.4,1,🟡 AGUARDAR,0.28,📈 ALTA,0,RSI 57 alto (atenuado) | SMA9>SMA21 | Acima SMA50 | MACD- | Bônus tendência,0.0,
2026-09-27 16:27:34,ADA,0.25,58.4,-3,🔴 VENDER,-0.68,📉 QUEDA,0,RSI 58 alto | SMA9>SMA21 | Abaixo SMA50 | MACD- | Penalidade tendência,0.0,
2026-09-27 16:27:34,PETR4,48.07,55.2,1,🟡 AGUARDAR,1.88,📈 ALTA,0,RSI 55 alto (atenuado) | SMA9>SMA21 | Acima SMA50 | MACD- | Bônus tendência,0.0,
2026-09-27 16:27:34,VALE3,70.77,18.9,1,🟡 AGUARDAR,6.04,📈 ALTA,0,RSI 19 sobrevendido | SMA9<SMA21 | Abaixo SMA50 | MACD- | LSTM +6.0%,0.0,
2026-09-27 16:27:34,ITUB4,42.13,51.8,1,🟡 AGUARDAR,1.35,📈 ALTA,0,RSI 52 neutro | SMA9>SMA21 | Acima SMA50 | MACD-,0.0,
2026-09-27 16:27:34,BBAS3,21.59,40.2,4,🟢 COMPRAR,3.95,📈 ALTA,0,RSI 40 baixo | SMA9>SMA21 | Acima SMA50 | MACD- | Bônus tendência | LSTM +4.0%,0.0,
2026-09-27 16:27:34,WEGE3,51.07,45.8,2,🟢 COMPRAR (conf.),-0.85,📉 QUEDA,0,RSI 46 neutro | SMA9>SMA21 | Acima SMA50 | MACD- | Bônus tendência,0.0,
2026-09-27 16:42:01,BTC,84453.15,52.3,2,🟢 COMPRAR (conf.),-0.35,📉 QUEDA,0,RSI 52 neutro | SMA9>SMA21 | Acima SMA50 | MACD- | Bônus tendência,0.0,
2026-09-27 16:42:01,ETH,2687.14,44.1,0,🟡 AGUARDAR,-0.29,📉 QUEDA,0,RSI 44 baixo | SMA9>SMA21 | Abaixo SMA50 | MACD-,0.0,
2026-09-27 16:42:01,SOL,121.9,58.6,0,🟡 AGUARDAR,-4.74,📉 QUEDA,0,RSI 59 alto (atenuado) | SMA9>SMA21 | Acima SMA50 | MACD- | Bônus tendência | LSTM -4.7%,0.0,
2026-09-27 16:42:01,BNB,775.03,58.7,1,🟡 AGUARDAR,0.23,📈 ALTA,0,RSI 59 alto (atenuado) | SMA9>SMA21 | Acima SMA50 | MACD- | Bônus tendência,0.0,
2026-09-27 16:42:01,ADA,0.25,58.1,-3,🔴 VENDER,-0.59,📉 QUEDA,0,RSI 58 alto | SMA9>SMA21 | Abaixo SMA50 | MACD- | Penalidade tendência,0.0,
2026-09-27 16:42:01,PETR4,48.07,55.2,1,🟡 AGUARDAR,1.88,📈 ALTA,0,RSI 55 alto (atenuado) | SMA9>SMA21 | Acima SMA50 | MACD- | Bônus tendência,0.0,
2026-09-27 16:42:01,VALE3,70.77,18.9,1,🟡 AGUARDAR,6.04,📈 ALTA,0,RSI 19 sobrevendido | SMA9<SMA21 | Abaixo SMA50 | MACD- | LSTM +6.0%,0.0,
2026-09-27 16:42:01,ITUB4,42.13,51.8,1,🟡 AGUARDAR,1.34,📈 ALTA,0,RSI 52 neutro | SMA9>SMA21 | Acima SMA50 | MACD-,0.0,
2026-09-27 16:42:01,BBAS3,21.59,40.2,4,🟢 COMPRAR,3.95,📈 ALTA,0,RSI 40 baixo | SMA9>SMA21 | Acima SMA50 | MACD- | Bônus tendência | LSTM +4.0%,0.0,
2026-09-27 16:42:01,WEGE3,51.07,45.8,2,🟢 COMPRAR (conf.),-0.85,📉 QUEDA,0,RSI 46 neutro | SMA9>SMA21 | Acima SMA50 | MACD- | Bônus tendência,0.0,
2026-09-27 16:53:36,BTC,84435.98,51.8,2,🟢 COMPRAR (conf.),-0.33,📉 QUEDA,0,RSI 52 neutro | SMA9>SMA21 | Acima SMA50 | MACD- | Bônus tendência,0.0,
2026-09-27 16:53:36,ETH,2687.37,44.3,0,🟡 AGUARDAR,-0.3,📉 QUEDA,0,RSI 44 baixo | SMA9>SMA21 | Abaixo SMA50 | MACD-,0.0,
2026-09-27 16:53:36,SOL,121.83,58.2,0,🟡 AGUARDAR,-4.69,📉 QUEDA,0,RSI 58 alto (atenuado) | SMA9>SMA21 | Acima SMA50 | MACD- | Bônus tendência | LSTM -4.7%,0.0,
2026-09-27 16:53:36,BNB,775.72,60.1,1,🟡 AGUARDAR,0.14,📈 ALTA,0,RSI 60 alto (atenuado) | SMA9>SMA21 | Acima SMA50 | MACD- | Bônus tendência,0.0,
2026-09-27 16:53:36,ADA,0.25,57.0,-3,🔴 VENDER,-0.45,📉 QUEDA,0,RSI 57 alto | SMA9>SMA21 | Abaixo SMA50 | MACD- | Penalidade tendência,0.0,
2026-09-27 16:53:36,PETR4,48.07,55.2,1,🟡 AGUARDAR,1.88,📈 ALTA,0,RSI 55 alto (atenuado) | SMA9>SMA21 | Acima SMA50 | MACD- | Bônus tendência,0.0,
2026-09-27 16:53:36,VALE3,70.77,18.9,1,🟡 AGUARDAR,6.04,📈 ALTA,0,RSI 19 sobrevendido | SMA9<SMA21 | Abaixo SMA50 | MACD- | LSTM +6.0%,0.0,
2026-09-27 16:53:36,ITUB4,42.13,51.8,1,🟡 AGUARDAR,1.34,📈 ALTA,0,RSI 52 neutro | SMA9>SMA21 | Acima SMA50 | MACD-,0.0,
2026-09-27 16:53:36,BBAS3,21.59,40.2,4,🟢 COMPRAR,3.95,📈 ALTA,0,RSI 40 baixo | SMA9>SMA21 | Acima SMA50 | MACD- | Bônus tendência | LSTM +4.0%,0.0,
2026-09-27 16:53:36,WEGE3,51.07,45.8,2,🟢 COMPRAR (conf.),-0.85,📉 QUEDA,0,RSI 46 neutro | SMA9>SMA21 | Acima SMA50 | MACD- | Bônus tendência,0.0,
2026-09-27 17:09:25,BTC,84366.56,51.5,2,🟢 COMPRAR (conf.),-0.29,📉 QUEDA,0,RSI 51 neutro | SMA9>SMA21 | Acima SMA50 | MACD- | Bônus tendência,0.0,
2026-09-27 17:09:25,ETH,2686.66,46.7,-3,🔴 VENDER,-0.38,📉 QUEDA,0,RSI 47 neutro | SMA9<SMA21 | Abaixo SMA50 | MACD-,0.0,
2026-09-27 17:09:25,SOL,121.82,61.7,0,🟡 AGUARDAR,-4.74,📉 QUEDA,0,RSI 62 alto (atenuado) | SMA9>SMA21 | Acima SMA50 | MACD- | Bônus tendência | LSTM -4.7%,0.0,
2026-09-27 17:09:25,BNB,775.71,61.8,1,🟡 AGUARDAR,0.08,📈 ALTA,0,RSI 62 alto (atenuado) | SMA9>SMA21 | Acima SMA50 | MACD- | Bônus tendência,0.0,
2026-09-27 17:09:25,ADA,0.25,60.1,-3,🔴 VENDER,-0.56,📉 QUEDA,0,RSI 60 alto | SMA9>SMA21 | Abaixo SMA50 | MACD- | Penalidade tendência,0.0,
2026-09-27 17:09:25,PETR4,48.07,55.2,1,🟡 AGUARDAR,1.88,📈 ALTA,0,RSI 55 alto (atenuado) | SMA9>SMA21 | Acima SMA50 | MACD- | Bônus tendência,0.0,
2026-09-27 17:09:25,VALE3,70.77,18.9,1,🟡 AGUARDAR,6.04,📈 ALTA,0,RSI 19 sobrevendido | SMA9<SMA21 | Abaixo SMA50 | MACD- | LSTM +6.0%,0.0,
2026-09-27 17:09:25,ITUB4,42.13,51.8,1,🟡 AGUARDAR,1.34,📈 ALTA,0,RSI 52 neutro | SMA9>SMA21 | Acima SMA50 | MACD-,0.0,
2026-09-27 17:09:25,BBAS3,21.59,40.2,4,🟢 COMPRAR,3.95,📈 ALTA,0,RSI 40 baixo | SMA9>SMA21 | Acima SMA50 | MACD- | Bônus tendência | LSTM +4.0%,0.0,
2026-09-27 17:09:25,WEGE3,51.07,45.8,2,🟢 COMPRAR (conf.),-0.85,📉 QUEDA,0,RSI 46 neutro | SMA9>SMA21 | Acima SMA50 | MACD- | Bônus tendência,0.0,
2026-09-27 17:25:10,BTC,84447.08,53.8,2,🟢 COMPRAR (conf.),-0.39,📉 QUEDA,0,RSI 54 neutro | SMA9>SMA21 | Acima SMA50 | MACD- | Bônus tendência,0.0,
2026-09-27 17:25:10,ETH,2687.58,47.3,-3,🔴 VENDER,-0.41,📉 QUEDA,0,RSI 47 neutro | SMA9<SMA21 | Abaixo SMA50 | MACD-,0.0,
2026-09-27 17:25:10,SOL,122.03,62.8,0,🟡 AGUARDAR,-4.9,📉 QUEDA,0,RSI 63 alto (atenuado) | SMA9>SMA21 | Acima SMA50 | MACD- | Bônus tendência | LSTM -4.9%,0.0,
2026-09-27 17:25:10,BNB,776.04,63.0,1,🟡 AGUARDAR,0.05,📈 ALTA,0,RSI 63 alto (atenuado) | SMA9>SMA21 | Acima SMA50 | MACD- | Bônus tendência,0.0,
2026-09-27 17:25:10,ADA,0.25,60.7,-3,🔴 VENDER,-0.65,📉 QUEDA,0,RSI 61 alto | SMA9>SMA21 | Abaixo SMA50 | MACD- | Penalidade tendência,0.0,
2026-09-27 17:25:10,PETR4,48.07,55.2,1,🟡 AGUARDAR,1.88,📈 ALTA,0,RSI 55 alto (atenuado) | SMA9>SMA21 | Acima SMA50 | MACD- | Bônus tendência,0.0,
2026-09-27 17:25:10,VALE3,70.77,18.9,1,🟡 AGUARDAR,6.04,📈 ALTA,0,RSI 19 sobrevendido | SMA9<SMA21 | Abaixo SMA50 | MACD- | LSTM +6.0%,0.0,
2026-09-27 17:25:10,ITUB4,42.13,51.8,1,🟡 AGUARDAR,1.34,📈 ALTA,0,RSI 52 neutro | SMA9>SMA21 | Acima SMA50 | MACD-,0.0,
2026-09-27 17:25:10,BBAS3,21.59,40.2,4,🟢 COMPRAR,3.95,📈 ALTA,0,RSI 40 baixo | SMA9>SMA21 | Acima SMA50 | MACD- | Bônus tendência | LSTM +4.0%,0.0,
2026-09-27 17:25:10,WEGE3,51.07,45.8,2,🟢 COMPRAR (conf.),-0.85,📉 QUEDA,0,RSI 46 neutro | SMA9>SMA21 | Acima SMA50 | MACD- | Bônus tendência,0.0,
2026-09-27 17:39:31,BTC,84477.05,54.7,2,🟢 COMPRAR (conf.),-0.42,📉 QUEDA,0,RSI 55 neutro | SMA9>SMA21 | Acima SMA50 | MACD- | Bônus tendência,0.0,
2026-09-27 17:39:31,ETH,2687.7,47.4,-3,🔴 VENDER,-0.42,📉 QUEDA,0,RSI 47 neutro | SMA9<SMA21 | Abaixo SMA50 | MACD-,0.0,
2026-09-27 17:39:31,SOL,121.91,62.1,0,🟡 AGUARDAR,-4.81,📉 QUEDA,0,RSI 62 alto (atenuado) | SMA9>SMA21 | Acima SMA50 | MACD- | Bônus tendência | LSTM -4.8%,0.0,
2026-09-27 17:39:31,BNB,776.44,63.6,1,🟡 AGUARDAR,-0.0,📉 QUEDA,0,RSI 64 alto (atenuado) | SMA9>SMA21 | Acima SMA50 | MACD- | Bônus tendência,0.0,
2026-09-27 17:39:31,ADA,0.25,59.1,-3,🔴 VENDER,-0.49,📉 QUEDA,0,RSI 59 alto | SMA9>SMA21 | Abaixo SMA50 | MACD- | Penalidade tendência,0.0,
2026-09-27 17:39:31,PETR4,48.07,55.2,1,🟡 AGUARDAR,1.88,📈 ALTA,0,RSI 55 alto (atenuado) | SMA9>SMA21 | Acima SMA50 | MACD- | Bônus tendência,0.0,
2026-09-27 17:39:31,VALE3,70.77,18.9,1,🟡 AGUARDAR,6.04,📈 ALTA,0,RSI 19 sobrevendido | SMA9<SMA21 | Abaixo SMA50 | MACD- | LSTM +6.0%,0.0,
2026-09-27 17:39:31,ITUB4,42.13,51.8,1,🟡 AGUARDAR,1.35,📈 ALTA,0,RSI 52 neutro | SMA9>SMA21 | Acima SMA50 | MACD-,0.0,
2026-09-27 17:39:31,BBAS3,21.59,40.2,4,🟢 COMPRAR,3.95,📈 ALTA,0,RSI 40 baixo | SMA9>SMA21 | Acima SMA50 | MACD- | Bônus tendência | LSTM +4.0%,0.0,
2026-09-27 17:39:31,WEGE3,51.07,45.8,2,🟢 COMPRAR (conf.),-0.85,📉 QUEDA,0,RSI 46 neutro | SMA9>SMA21 | Acima SMA50 | MACD- | Bônus tendência,0.0,
2026-09-27 17:52:14,BTC,84538.36,56.3,1,🟡 AGUARDAR,-0.49,📉 QUEDA,0,RSI 56 alto (atenuado) | SMA9>SMA21 | Acima SMA50 | MACD- | Bônus tendência,0.0,
2026-09-27 17:52:14,ETH,2689.99,49.0,-3,🔴 VENDER,-0.5,📉 QUEDA,0,RSI 49 neutro | SMA9<SMA21 | Abaixo SMA50 | MACD-,0.0,
2026-09-27 17:52:14,SOL,122.11,63.1,0,🟡 AGUARDAR,-4.96,📉 QUEDA,0,RSI 63 alto (atenuado) | SMA9>SMA21 | Acima SMA50 | MACD- | Bônus tendência | LSTM -5.0%,0.0,
2026-09-27 17:52:14,BNB,777.31,64.9,1,🟡 AGUARDAR,-0.1,📉 QUEDA,0,RSI 65 alto (atenuado) | SMA9>SMA21 | Acima SMA50 | MACD- | Bônus tendência,0.0,
2026-09-27 17:52:14,ADA,0.25,62.1,-3,🔴 VENDER,-0.9,📉 QUEDA,0,RSI 62 alto | SMA9>SMA21 | Abaixo SMA50 | MACD- | Penalidade tendência,0.0,
2026-09-27 17:52:14,PETR4,48.07,55.2,1,🟡 AGUARDAR,1.88,📈 ALTA,0,RSI 55 alto (atenuado) | SMA9>SMA21 | Acima SMA50 | MACD- | Bônus tendência,0.0,
2026-09-27 17:52:14,VALE3,70.77,18.9,1,🟡 AGUARDAR,6.04,📈 ALTA,0,RSI 19 sobrevendido | SMA9<SMA21 | Abaixo SMA50 | MACD- | LSTM +6.0%,0.0,
2026-09-27 17:52:14,ITUB4,42.13,51.8,1,🟡 AGUARDAR,1.35,📈 ALTA,0,RSI 52 neutro | SMA9>SMA21 | Acima SMA50 | MACD-,0.0,
2026-09-27 17:52:14,BBAS3,21.59,40.2,4,🟢 COMPRAR,3.95,📈 ALTA,0,RSI 40 baixo | SMA9>SMA21 | Acima SMA50 | MACD- | Bônus tendência | LSTM +4.0%,0.0,
2026-09-27 17:52:14,WEGE3,51.07,45.8,2,🟢 COMPRAR (conf.),-0.85,📉 QUEDA,0,RSI 46 neutro | SMA9>SMA21 | Acima SMA50 | MACD- | Bônus tendência,0.0,
2026-09-27 18:11:32,BTC,84567.95,53.8,2,🟢 COMPRAR (conf.),-0.55,📉 QUEDA,0,RSI 54 neutro | SMA9>SMA21 | Acima SMA50 | MACD- | Bônus tendência,0.0,
2026-09-27 18:11:32,ETH,2690.1,38.8,-2,🟡 AGUARDAR,-0.59,📉 QUEDA,0,RSI 39 baixo | SMA9<SMA21 | Abaixo SMA50 | MACD-,0.0,
2026-09-27 18:11:32,SOL,122.17,58.1,0,🟡 AGUARDAR,-5.07,📉 QUEDA,0,RSI 58 alto (atenuado) | SMA9>SMA21 | Acima SMA50 | MACD- | Bônus tendência | LSTM -5.1%,0.0,
2026-09-27 18:11:32,BNB,777.56,61.5,1,🟡 AGUARDAR,-0.17,📉 QUEDA,0,RSI 62 alto (atenuado) | SMA9>SMA21 | Acima SMA50 | MACD- | Bônus tendência,0.0,
2026-09-27 18:11:32,ADA,0.26,56.9,0,🟡 AGUARDAR,-1.18,📉 QUEDA,0,RSI 57 alto | SMA9>SMA21 | Acima SMA50 | MACD-,0.0,
2026-09-27 18:11:32,PETR4,48.07,55.2,1,🟡 AGUARDAR,1.88,📈 ALTA,0,RSI 55 alto (atenuado) | SMA9>SMA21 | Acima SMA50 | MACD- | Bônus tendência,0.0,
2026-09-27 18:11:32,VALE3,70.77,18.9,1,🟡 AGUARDAR,6.04,📈 ALTA,0,RSI 19 sobrevendido | SMA9<SMA21 | Abaixo SMA50 | MACD- | LSTM +6.0%,0.0,
2026-09-27 18:11:32,ITUB4,42.13,51.8,1,🟡 AGUARDAR,1.34,📈 ALTA,0,RSI 52 neutro | SMA9>SMA21 | Acima SMA50 | MACD-,0.0,
2026-09-27 18:11:32,BBAS3,21.59,40.2,4,🟢 COMPRAR,3.95,📈 ALTA,0,RSI 40 baixo | SMA9>SMA21 | Acima SMA50 | MACD- | Bônus tendência | LSTM +4.0%,0.0,
2026-09-27 18:11:32,WEGE3,51.07,45.8,2,🟢 COMPRAR (conf.),-0.85,📉 QUEDA,0,RSI 46 neutro | SMA9>SMA21 | Acima SMA50 | MACD- | Bônus tendência,0.0,
2026-09-27 18:30:18,BTC,84731.0,57.1,1,🟡 AGUARDAR,-0.73,📉 QUEDA,0,RSI 57 alto (atenuado) | SMA9>SMA21 | Acima SMA50 | MACD- | Bônus tendência,0.0,
2026-09-27 18:30:18,ETH,2696.44,44.2,1,🟡 AGUARDAR,-0.81,📉 QUEDA,0,RSI 44 baixo | SMA9<SMA21 | Acima SMA50 | MACD- | Bônus tendência,0.0,
2026-09-27 18:30:18,SOL,122.88,62.0,0,🟡 AGUARDAR,-5.59,📉 QUEDA,0,RSI 62 alto (atenuado) | SMA9>SMA21 | Acima SMA50 | MACD- | Bônus tendência | LSTM -5.6%,0.0,
2026-09-27 18:30:18,BNB,778.79,63.9,3,🟢 COMPRAR,-0.32,📉 QUEDA,0,RSI 64 alto (atenuado) | SMA9>SMA21 | Acima SMA50 | MACD+ | Bônus tendência,0.0,
2026-09-27 18:30:18,ADA,0.26,61.2,2,🟡 AGUARDAR,-1.77,📉 QUEDA,0,RSI 61 alto | SMA9>SMA21 | Acima SMA50 | MACD+,0.0,
2026-09-27 18:30:18,PETR4,48.07,55.2,1,🟡 AGUARDAR,1.88,📈 ALTA,0,RSI 55 alto (atenuado) | SMA9>SMA21 | Acima SMA50 | MACD- | Bônus tendência,0.0,
2026-09-27 18:30:18,VALE3,70.77,18.9,1,🟡 AGUARDAR,6.04,📈 ALTA,0,RSI 19 sobrevendido | SMA9<SMA21 | Abaixo SMA50 | MACD- | LSTM +6.0%,0.0,
2026-09-27 18:30:18,ITUB4,42.13,51.8,1,🟡 AGUARDAR,1.35,📈 ALTA,0,RSI 52 neutro | SMA9>SMA21 | Acima SMA50 | MACD-,0.0,
2026-09-27 18:30:18,BBAS3,21.59,40.2,4,🟢 COMPRAR,3.95,📈 ALTA,0,RSI 40 baixo | SMA9>SMA21 | Acima SMA50 | MACD- | Bônus tendência | LSTM +4.0%,0.0,
2026-09-27 18:30:18,WEGE3,51.07,45.8,2,🟢 COMPRAR (conf.),-0.85,📉 QUEDA,0,RSI 46 neutro | SMA9>SMA21 | Acima SMA50 | MACD- | Bônus tendência,0.0,
2026-09-27 18:46:55,BTC,84752.79,58.4,1,🟡 AGUARDAR,-0.76,📉 QUEDA,0,RSI 58 alto (atenuado) | SMA9>SMA21 | Acima SMA50 | MACD- | Bônus tendência,0.0,
2026-09-27 18:46:55,ETH,2697.57,45.1,0,🟡 AGUARDAR,-0.85,📉 QUEDA,0,RSI 45 neutro | SMA9<SMA21 | Acima SMA50 | MACD- | Bônus tendência,0.0,
2026-09-27 18:46:55,SOL,123.13,63.5,0,🟡 AGUARDAR,-5.79,📉 QUEDA,0,RSI 63 alto (atenuado) | SMA9>SMA21 | Acima SMA50 | MACD- | Bônus tendência | LSTM -5.8%,0.0,
2026-09-27 18:46:55,BNB,779.09,64.6,3,🟢 COMPRAR,-0.35,📉 QUEDA,0,RSI 65 alto (atenuado) | SMA9>SMA21 | Acima SMA50 | MACD+ | Bônus tendência,0.0,
2026-09-27 18:46:55,ADA,0.26,59.7,2,🟡 AGUARDAR,-1.55,📉 QUEDA,0,RSI 60 alto | SMA9>SMA21 | Acima SMA50 | MACD+,0.0,
2026-09-27 18:46:55,PETR4,48.07,55.2,1,🟡 AGUARDAR,1.88,📈 ALTA,0,RSI 55 alto (atenuado) | SMA9>SMA21 | Acima SMA50 | MACD- | Bônus tendência,0.0,
2026-09-27 18:46:55,VALE3,70.77,18.9,1,🟡 AGUARDAR,6.04,📈 ALTA,0,RSI 19 sobrevendido | SMA9<SMA21 | Abaixo SMA50 | MACD- | LSTM +6.0%,0.0,
2026-09-27 18:46:55,ITUB4,42.13,51.8,1,🟡 AGUARDAR,1.34,📈 ALTA,0,RSI 52 neutro | SMA9>SMA21 | Acima SMA50 | MACD-,0.0,
2026-09-27 18:46:55,BBAS3,21.59,40.2,4,🟢 COMPRAR,3.95,📈 ALTA,0,RSI 40 baixo | SMA9>SMA21 | Acima SMA50 | MACD- | Bônus tendência | LSTM +4.0%,0.0,
2026-09-27 18:46:55,WEGE3,51.07,45.8,2,🟢 COMPRAR (conf.),-0.85,📉 QUEDA,0,RSI 46 neutro | SMA9>SMA21 | Acima SMA50 | MACD- | Bônus tendência,0.0,
2026-09-27 19:08:41,BTC,84753.74,56.5,1,🟡 AGUARDAR,-0.76,📉 QUEDA,0,RSI 57 alto (atenuado) | SMA9>SMA21 | Acima SMA50 | MACD- | Bônus tendência,0.0,
2026-09-27 19:08:41,ETH,2694.12,41.4,1,🟡 AGUARDAR,-0.78,📉 QUEDA,0,RSI 41 baixo | SMA9<SMA21 | Acima SMA50 | MACD- | Bônus tendência,0.0,
2026-09-27 19:08:41,SOL,122.96,60.5,0,🟡 AGUARDAR,-5.67,📉 QUEDA,0,RSI 61 alto (atenuado) | SMA9>SMA21 | Acima SMA50 | MACD- | Bônus tendência | LSTM -5.7%,0.0,
2026-09-27 19:08:41,BNB,778.65,60.5,3,🟢 COMPRAR,-0.31,📉 QUEDA,0,RSI 60 alto (atenuado) | SMA9>SMA21 | Acima SMA50 | MACD+ | Bônus tendência,0.0,
2026-09-27 19:08:41,ADA,0.26,52.5,3,🟢 COMPRAR,-1.46,📉 QUEDA,0,RSI 53 neutro | SMA9>SMA21 | Acima SMA50 | MACD+,0.0,
2026-09-27 19:08:41,PETR4,48.07,55.2,1,🟡 AGUARDAR,1.88,📈 ALTA,0,RSI 55 alto (atenuado) | SMA9>SMA21 | Acima SMA50 | MACD- | Bônus tendência,0.0,
2026-09-27 19:08:41,VALE3,70.77,18.9,1,🟡 AGUARDAR,6.04,📈 ALTA,0,RSI 19 sobrevendido | SMA9<SMA21 | Abaixo SMA50 | MACD- | LSTM +6.0%,0.0,
2026-09-27 19:08:41,ITUB4,42.13,51.8,1,🟡 AGUARDAR,1.34,📈 ALTA,0,RSI 52 neutro | SMA9>SMA21 | Acima SMA50 | MACD-,0.0,
2026-09-27 19:08:41,BBAS3,21.59,40.2,4,🟢 COMPRAR,3.95,📈 ALTA,0,RSI 40 baixo | SMA9>SMA21 | Acima SMA50 | MACD- | Bônus tendência | LSTM +4.0%,0.0,
2026-09-27 19:08:41,WEGE3,51.07,45.8,2,🟢 COMPRAR (conf.),-0.85,📉 QUEDA,0,RSI 46 neutro | SMA9>SMA21 | Acima SMA50 | MACD- | Bônus tendência,0.0,
2026-09-27 19:24:27,BTC,84743.5,56.3,1,🟡 AGUARDAR,-0.75,📉 QUEDA,0,RSI 56 alto (atenuado) | SMA9>SMA21 | Acima SMA50 | MACD- | Bônus tendência,0.0,
2026-09-27 19:24:27,ETH,2693.07,40.8,-2,🟡 AGUARDAR,-0.74,📉 QUEDA,0,RSI 41 baixo | SMA9<SMA21 | Abaixo SMA50 | MACD-,0.0,
2026-09-27 19:24:27,SOL,123.15,62.0,0,🟡 AGUARDAR,-5.81,📉 QUEDA,0,RSI 62 alto (atenuado) | SMA9>SMA21 | Acima SMA50 | MACD- | Bônus tendência | LSTM -5.8%,0.0,
2026-09-27 19:24:27,BNB,778.72,60.6,3,🟢 COMPRAR,-0.32,📉 QUEDA,0,RSI 61 alto (atenuado) | SMA9>SMA21 | Acima SMA50 | MACD+ | Bônus tendência,0.0,
2026-09-27 19:24:27,ADA,0.26,53.2,3,🟢 COMPRAR,-1.59,📉 QUEDA,0,RSI 53 neutro | SMA9>SMA21 | Acima SMA50 | MACD+,0.0,
2026-09-27 19:24:27,PETR4,48.07,55.2,1,🟡 AGUARDAR,1.88,📈 ALTA,0,RSI 55 alto (atenuado) | SMA9>SMA21 | Acima SMA50 | MACD- | Bônus tendência,0.0,
2026-09-27 19:24:27,VALE3,70.77,18.9,1,🟡 AGUARDAR,6.04,📈 ALTA,0,RSI 19 sobrevendido | SMA9<SMA21 | Abaixo SMA50 | MACD- | LSTM +6.0%,0.0,
2026-09-27 19:24:27,ITUB4,42.13,51.8,1,🟡 AGUARDAR,1.35,📈 ALTA,0,RSI 52 neutro | SMA9>SMA21 | Acima SMA50 | MACD-,0.0,
2026-09-27 19:24:27,BBAS3,21.59,40.2,4,🟢 COMPRAR,3.95,📈 ALTA,0,RSI 40 baixo | SMA9>SMA21 | Acima SMA50 | MACD- | Bônus tendência | LSTM +4.0%,0.0,
2026-09-27 19:24:27,WEGE3,51.07,45.8,2,🟢 COMPRAR (conf.),-0.85,📉 QUEDA,0,RSI 46 neutro | SMA9>SMA21 | Acima SMA50 | MACD- | Bônus tendência,0.0,
2026-09-27 19:38:18,BTC,84749.96,56.5,1,🟡 AGUARDAR,-0.76,📉 QUEDA,0,RSI 56 alto (atenuado) | SMA9>SMA21 | Acima SMA50 | MACD- | Bônus tendência,0.0,
2026-09-27 19:38:18,ETH,2692.68,40.6,-2,🟡 AGUARDAR,-0.73,📉 QUEDA,0,RSI 41 baixo | SMA9<SMA21 | Abaixo SMA50 | MACD-,0.0,
2026-09-27 19:38:18,SOL,123.07,61.4,0,🟡 AGUARDAR,-5.75,📉 QUEDA,0,RSI 61 alto (atenuado) | SMA9>SMA21 | Acima SMA50 | MACD- | Bônus tendência | LSTM -5.8%,0.0,
2026-09-27 19:38:18,BNB,778.66,60.0,3,🟢 COMPRAR,-0.32,📉 QUEDA,0,RSI 60 alto (atenuado) | SMA9>SMA21 | Acima SMA50 | MACD+ | Bônus tendência,0.0,
2026-09-27 19:38:18,ADA,0.26,51.5,3,🟢 COMPRAR,-1.39,📉 QUEDA,0,RSI 52 neutro | SMA9>SMA21 | Acima SMA50 | MACD+,0.0,
2026-09-27 19:38:18,PETR4,48.07,55.2,1,🟡 AGUARDAR,1.88,📈 ALTA,0,RSI 55 alto (atenuado) | SMA9>SMA21 | Acima SMA50 | MACD- | Bônus tendência,0.0,
2026-09-27 19:38:18,VALE3,70.77,18.9,1,🟡 AGUARDAR,6.04,📈 ALTA,0,RSI 19 sobrevendido | SMA9<SMA21 | Abaixo SMA50 | MACD- | LSTM +6.0%,0.0,
2026-09-27 19:38:18,ITUB4,42.13,51.8,1,🟡 AGUARDAR,1.35,📈 ALTA,0,RSI 52 neutro | SMA9>SMA21 | Acima SMA50 | MACD-,0.0,
2026-09-27 19:38:18,BBAS3,21.59,40.2,4,🟢 COMPRAR,3.95,📈 ALTA,0,RSI 40 baixo | SMA9>SMA21 | Acima SMA50 | MACD- | Bônus tendência | LSTM +4.0%,0.0,
2026-09-27 19:38:18,WEGE3,51.07,45.8,2,🟢 COMPRAR (conf.),-0.85,📉 QUEDA,0,RSI 46 neutro | SMA9>SMA21 | Acima SMA50 | MACD- | Bônus tendência,0.0,
2026-09-27 19:51:08,BTC,84783.69,57.4,1,🟡 AGUARDAR,-0.79,📉 QUEDA,0,RSI 57 alto (atenuado) | SMA9>SMA21 | Acima SMA50 | MACD- | Bônus tendência,0.0,
2026-09-27 19:51:08,ETH,2693.59,41.1,1,🟡 AGUARDAR,-0.76,📉 QUEDA,0,RSI 41 baixo | SMA9<SMA21 | Acima SMA50 | MACD- | Bônus tendência,0.0,
2026-09-27 19:51:08,SOL,123.25,62.9,0,🟡 AGUARDAR,-5.88,📉 QUEDA,0,RSI 63 alto (atenuado) | SMA9>SMA21 | Acima SMA50 | MACD- | Bônus tendência | LSTM -5.9%,0.0,
2026-09-27 19:51:08,BNB,778.72,60.8,3,🟢 COMPRAR,-0.32,📉 QUEDA,0,RSI 61 alto (atenuado) | SMA9>SMA21 | Acima SMA50 | MACD+ | Bônus tendência,0.0,
2026-09-27 19:51:08,ADA,0.26,49.9,1,🟡 AGUARDAR,-1.16,📉 QUEDA,0,RSI 50 neutro | SMA9>SMA21 | Abaixo SMA50 | MACD+,0.0,
2026-09-27 19:51:08,PETR4,48.07,55.2,1,🟡 AGUARDAR,1.88,📈 ALTA,0,RSI 55 alto (atenuado) | SMA9>SMA21 | Acima SMA50 | MACD- | Bônus tendência,0.0,
2026-09-27 19:51:08,VALE3,70.77,18.9,1,🟡 AGUARDAR,6.04,📈 ALTA,0,RSI 19 sobrevendido | SMA9<SMA21 | Abaixo SMA50 | MACD- | LSTM +6.0%,0.0,
2026-09-27 19:51:08,ITUB4,42.13,51.8,1,🟡 AGUARDAR,1.34,📈 ALTA,0,RSI 52 neutro | SMA9>SMA21 | Acima SMA50 | MACD-,0.0,
2026-09-27 19:51:08,BBAS3,21.59,40.2,4,🟢 COMPRAR,3.95,📈 ALTA,0,RSI 40 baixo | SMA9>SMA21 | Acima SMA50 | MACD- | Bônus tendência | LSTM +4.0%,0.0,
2026-09-27 19:51:08,WEGE3,51.07,45.8,2,🟢 COMPRAR (conf.),-0.85,📉 QUEDA,0,RSI 46 neutro | SMA9>SMA21 | Acima SMA50 | MACD- | Bônus tendência,0.0,
2026-09-27 20:09:59,BTC,84765.11,49.8,2,🟢 COMPRAR (conf.),-0.78,📉 QUEDA,0,RSI 50 neutro | SMA9>SMA21 | Acima SMA50 | MACD- | Bônus tendência,0.0,
2026-09-27 20:09:59,ETH,2693.84,32.1,2,🟢 COMPRAR (conf.),-0.83,📉 QUEDA,0,RSI 32 sobrevendido | SMA9<SMA21 | Acima SMA50 | MACD- | Bônus tendência,0.0,
2026-09-27 20:09:59,SOL,123.12,41.7,2,🟢 COMPRAR (conf.),-5.8,📉 QUEDA,0,RSI 42 baixo | SMA9>SMA21 | Acima SMA50 | MACD- | Bônus tendência | LSTM -5.8%,0.0,
2026-09-27 20:09:59,BNB,778.58,50.6,4,🟢 COMPRAR,-0.32,📉 QUEDA,0,RSI 51 neutro | SMA9>SMA21 | Acima SMA50 | MACD+ | Bônus tendência,0.0,
2026-09-27 20:09:59,ADA,0.26,43.6,4,🟢 COMPRAR,-1.5,📉 QUEDA,0,RSI 44 baixo | SMA9>SMA21 | Acima SMA50 | MACD+,0.0,
2026-09-27 20:09:59,PETR4,48.07,55.2,1,🟡 AGUARDAR,1.88,📈 ALTA,0,RSI 55 alto (atenuado) | SMA9>SMA21 | Acima SMA50 | MACD- | Bônus tendência,0.0,
2026-09-27 20:09:59,VALE3,70.77,18.9,1,🟡 AGUARDAR,6.04,📈 ALTA,0,RSI 19 sobrevendido | SMA9<SMA21 | Abaixo SMA50 | MACD- | LSTM +6.0%,0.0,
2026-09-27 20:09:59,ITUB4,42.13,51.8,1,🟡 AGUARDAR,1.34,📈 ALTA,0,RSI 52 neutro | SMA9>SMA21 | Acima SMA50 | MACD-,0.0,
2026-09-27 20:09:59,BBAS3,21.59,40.2,4,🟢 COMPRAR,3.95,📈 ALTA,0,RSI 40 baixo | SMA9>SMA21 | Acima SMA50 | MACD- | Bônus tendência | LSTM +4.0%,0.0,
2026-09-27 20:09:59,WEGE3,51.07,45.8,2,🟢 COMPRAR (conf.),-0.85,📉 QUEDA,0,RSI 46 neutro | SMA9>SMA21 | Acima SMA50 | MACD- | Bônus tendência,0.0,
2026-09-27 21:09:55,BTC,84613.16,45.8,0,🟡 AGUARDAR,-0.64,📉 QUEDA,0,RSI 46 neutro | SMA9<SMA21 | Acima SMA50 | MACD- | Bônus tendência,0.0,
2026-09-27 21:09:55,ETH,2688.3,31.4,-1,🟡 AGUARDAR,-0.71,📉 QUEDA,0,RSI 31 sobrevendido | SMA9<SMA21 | Abaixo SMA50 | MACD-,0.0,
2026-09-27 21:09:55,SOL,122.86,38.7,0,🟡 AGUARDAR,-5.63,📉 QUEDA,0,RSI 39 baixo | SMA9<SMA21 | Acima SMA50 | MACD- | Bônus tendência | LSTM -5.6%,0.0,
2026-09-27 21:09:55,BNB,777.99,48.7,2,🟢 COMPRAR (conf.),-0.28,📉 QUEDA,0,RSI 49 neutro | SMA9>SMA21 | Acima SMA50 | MACD- | Bônus tendência,0.0,
2026-09-27 21:09:55,ADA,0.26,47.4,-1,🟡 AGUARDAR,-1.32,📉 QUEDA,0,RSI 47 neutro | SMA9<SMA21 | Abaixo SMA50 | MACD+,0.0,
2026-09-27 21:09:55,PETR4,48.07,55.2,1,🟡 AGUARDAR,1.88,📈 ALTA,0,RSI 55 alto (atenuado) | SMA9>SMA21 | Acima SMA50 | MACD- | Bônus tendência,0.0,
2026-09-27 21:09:55,VALE3,70.77,18.9,1,🟡 AGUARDAR,6.04,📈 ALTA,0,RSI 19 sobrevendido | SMA9<SMA21 | Abaixo SMA50 | MACD- | LSTM +6.0%,0.0,
2026-09-27 21:09:55,ITUB4,42.13,51.8,1,🟡 AGUARDAR,1.34,📈 ALTA,0,RSI 52 neutro | SMA9>SMA21 | Acima SMA50 | MACD-,0.0,
2026-09-27 21:09:55,BBAS3,21.59,40.2,4,🟢 COMPRAR,3.95,📈 ALTA,0,RSI 40 baixo | SMA9>SMA21 | Acima SMA50 | MACD- | Bônus tendência | LSTM +4.0%,0.0,
2026-09-27 21:09:55,WEGE3,51.07,45.8,2,🟢 COMPRAR (conf.),-0.85,📉 QUEDA,0,RSI 46 neutro | SMA9>SMA21 | Acima SMA50 | MACD- | Bônus tendência,0.0,
2026-09-27 21:21:34,BTC,84657.84,47.0,0,🟡 AGUARDAR,-0.69,📉 QUEDA,0,RSI 47 neutro | SMA9<SMA21 | Acima SMA50 | MACD- | Bônus tendência,0.0,
2026-09-27 21:21:34,ETH,2689.17,32.4,-1,🟡 AGUARDAR,-0.75,📉 QUEDA,0,RSI 32 sobrevendido | SMA9<SMA21 | Abaixo SMA50 | MACD-,0.0,
2026-09-27 21:21:34,SOL,122.94,39.9,0,🟡 AGUARDAR,-5.69,📉 QUEDA,0,RSI 40 baixo | SMA9<SMA21 | Acima SMA50 | MACD- | Bônus tendência | LSTM -5.7%,0.0,
2026-09-27 21:21:34,BNB,778.31,50.1,2,🟢 COMPRAR (conf.),-0.32,📉 QUEDA,0,RSI 50 neutro | SMA9>SMA21 | Acima SMA50 | MACD- | Bônus tendência,0.0,
2026-09-27 21:21:34,ADA,0.26,50.2,3,🟢 COMPRAR,-1.63,📉 QUEDA,0,RSI 50 neutro | SMA9>SMA21 | Acima SMA50 | MACD+,0.0,
2026-09-27 21:21:34,PETR4,48.07,55.2,1,🟡 AGUARDAR,1.88,📈 ALTA,0,RSI 55 alto (atenuado) | SMA9>SMA21 | Acima SMA50 | MACD- | Bônus tendência,0.0,
2026-09-27 21:21:34,VALE3,70.77,18.9,1,🟡 AGUARDAR,6.04,📈 ALTA,0,RSI 19 sobrevendido | SMA9<SMA21 | Abaixo SMA50 | MACD- | LSTM +6.0%,0.0,
2026-09-27 21:21:34,ITUB4,42.13,51.8,1,🟡 AGUARDAR,1.35,📈 ALTA,0,RSI 52 neutro | SMA9>SMA21 | Acima SMA50 | MACD-,0.0,
2026-09-27 21:21:34,BBAS3,21.59,40.2,4,🟢 COMPRAR,3.95,📈 ALTA,0,RSI 40 baixo | SMA9>SMA21 | Acima SMA50 | MACD- | Bônus tendência | LSTM +4.0%,0.0,
2026-09-27 21:21:34,WEGE3,51.07,45.8,2,🟢 COMPRAR (conf.),-0.85,📉 QUEDA,0,RSI 46 neutro | SMA9>SMA21 | Acima SMA50 | MACD- | Bônus tendência,0.0,
2026-09-27 21:26:58,BTC,84647.96,46.8,0,🟡 AGUARDAR,-0.67,📉 QUEDA,0,RSI 47 neutro | SMA9<SMA21 | Acima SMA50 | MACD- | Bônus tendência,0.0,
2026-09-27 21:26:58,ETH,2688.73,32.2,-1,🟡 AGUARDAR,-0.73,📉 QUEDA,0,RSI 32 sobrevendido | SMA9<SMA21 | Abaixo SMA50 | MACD-,0.0,
2026-09-27 21:26:58,SOL,122.97,40.2,0,🟡 AGUARDAR,-5.71,📉 QUEDA,0,RSI 40 baixo | SMA9<SMA21 | Acima SMA50 | MACD- | Bônus tendência | LSTM -5.7%,0.0,
2026-09-27 21:26:58,BNB,778.32,49.7,2,🟢 COMPRAR (conf.),-0.32,📉 QUEDA,0,RSI 50 neutro | SMA9>SMA21 | Acima SMA50 | MACD- | Bônus tendência,0.0,
2026-09-27 21:26:58,ADA,0.26,49.7,3,🟢 COMPRAR,-1.52,📉 QUEDA,0,RSI 50 neutro | SMA9>SMA21 | Acima SMA50 | MACD+,0.0,
2026-09-27 21:26:58,PETR4,48.07,55.2,1,🟡 AGUARDAR,1.88,📈 ALTA,0,RSI 55 alto (atenuado) | SMA9>SMA21 | Acima SMA50 | MACD- | Bônus tendência,0.0,
2026-09-27 21:26:58,VALE3,70.77,18.9,1,🟡 AGUARDAR,6.04,📈 ALTA,0,RSI 19 sobrevendido | SMA9<SMA21 | Abaixo SMA50 | MACD- | LSTM +6.0%,0.0,
2026-09-27 21:26:58,ITUB4,42.13,51.8,1,🟡 AGUARDAR,1.34,📈 ALTA,0,RSI 52 neutro | SMA9>SMA21 | Acima SMA50 | MACD-,0.0,
2026-09-27 21:26:58,BBAS3,21.59,40.2,4,🟢 COMPRAR,3.95,📈 ALTA,0,RSI 40 baixo | SMA9>SMA21 | Acima SMA50 | MACD- | Bônus tendência | LSTM +4.0%,0.0,
2026-09-27 21:26:58,WEGE3,51.07,45.8,2,🟢 COMPRAR (conf.),-0.85,📉 QUEDA,0,RSI 46 neutro | SMA9>SMA21 | Acima SMA50 | MACD- | Bônus tendência,0.0,
2026-09-27 21:37:59,BTC,84466.53,41.9,1,🟡 AGUARDAR,-0.47,📉 QUEDA,0,RSI 42 baixo | SMA9<SMA21 | Acima SMA50 | MACD- | Bônus tendência,0.0,
2026-09-27 21:37:59,ETH,2678.85,25.8,-1,🟡 AGUARDAR,-0.38,📉 QUEDA,0,RSI 26 sobrevendido | SMA9<SMA21 | Abaixo SMA50 | MACD-,0.0,
2026-09-27 21:37:59,SOL,122.31,34.3,1,🟡 AGUARDAR,-5.22,📉 QUEDA,0,RSI 34 sobrevendido | SMA9<SMA21 | Acima SMA50 | MACD- | Bônus tendência | LSTM -5.2%,0.0,
2026-09-27 21:37:59,BNB,777.08,46.0,2,🟢 COMPRAR (conf.),-0.18,📉 QUEDA,0,RSI 46 neutro | SMA9>SMA21 | Acima SMA50 | MACD- | Bônus tendência,0.0,
2026-09-27 21:37:59,ADA,0.2542,43.4,-2,🟡 AGUARDAR,-0.93,📉 QUEDA,0,RSI 43 baixo | SMA9<SMA21 | Abaixo SMA50 | MACD-,0.0,
2026-09-27 21:37:59,PETR4,48.07,55.2,1,🟡 AGUARDAR,1.88,📈 ALTA,0,RSI 55 alto (atenuado) | SMA9>SMA21 | Acima SMA50 | MACD- | Bônus tendência,0.0,
2026-09-27 21:37:59,VALE3,70.77,18.9,1,🟡 AGUARDAR,6.04,📈 ALTA,0,RSI 19 sobrevendido | SMA9<SMA21 | Abaixo SMA50 | MACD- | LSTM +6.0%,0.0,
2026-09-27 21:37:59,ITUB4,42.13,51.8,1,🟡 AGUARDAR,1.34,📈 ALTA,0,RSI 52 neutro | SMA9>SMA21 | Acima SMA50 | MACD-,0.0,
2026-09-27 21:37:59,BBAS3,21.59,40.2,4,🟢 COMPRAR,3.95,📈 ALTA,0,RSI 40 baixo | SMA9>SMA21 | Acima SMA50 | MACD- | Bônus tendência | LSTM +4.0%,0.0,
2026-09-27 21:37:59,WEGE3,51.07,45.8,2,🟢 COMPRAR (conf.),-0.85,📉 QUEDA,0,RSI 46 neutro | SMA9>SMA21 | Acima SMA50 | MACD- | Bônus tendência,0.0,
2026-09-27 21:48:29,BTC,84649.0,46.8,0,🟡 AGUARDAR,-0.68,📉 QUEDA,0,RSI 47 neutro | SMA9<SMA21 | Acima SMA50 | MACD- | Bônus tendência,0.0,
2026-09-27 21:48:29,ETH,2684.35,28.4,-1,🟡 AGUARDAR,-0.58,📉 QUEDA,0,RSI 28 sobrevendido | SMA9<SMA21 | Abaixo SMA50 | MACD-,0.0,
2026-09-27 21:48:29,SOL,122.83,38.4,0,🟡 AGUARDAR,-5.61,📉 QUEDA,0,RSI 38 baixo | SMA9<SMA21 | Acima SMA50 | MACD- | Bônus tendência | LSTM -5.6%,0.0,
2026-09-27 21:48:29,BNB,778.0,48.7,2,🟢 COMPRAR (conf.),-0.28,📉 QUEDA,0,RSI 49 neutro | SMA9>SMA21 | Acima SMA50 | MACD- | Bônus tendência,0.0,
2026-09-27 21:48:29,ADA,0.2551,46.7,-3,🔴 VENDER,-1.26,📉 QUEDA,0,RSI 47 neutro | SMA9<SMA21 | Abaixo SMA50 | MACD-,0.0,
2026-09-27 21:48:29,PETR4,48.07,55.2,1,🟡 AGUARDAR,1.88,📈 ALTA,0,RSI 55 alto (atenuado) | SMA9>SMA21 | Acima SMA50 | MACD- | Bônus tendência,0.0,
2026-09-27 21:48:29,VALE3,70.77,18.9,1,🟡 AGUARDAR,6.04,📈 ALTA,0,RSI 19 sobrevendido | SMA9<SMA21 | Abaixo SMA50 | MACD- | LSTM +6.0%,0.0,
2026-09-27 21:48:29,ITUB4,42.13,51.8,1,🟡 AGUARDAR,1.34,📈 ALTA,0,RSI 52 neutro | SMA9>SMA21 | Acima SMA50 | MACD-,0.0,
2026-09-27 21:48:29,BBAS3,21.59,40.2,4,🟢 COMPRAR,3.95,📈 ALTA,0,RSI 40 baixo | SMA9>SMA21 | Acima SMA50 | MACD- | Bônus tendência | LSTM +4.0%,0.0,
2026-09-27 21:48:29,WEGE3,51.07,45.8,2,🟢 COMPRAR (conf.),-0.85,📉 QUEDA,0,RSI 46 neutro | SMA9>SMA21 | Acima SMA50 | MACD- | Bônus tendência,0.0,
2026-09-27 22:09:57,BTC,84390.67,37.0,1,🟡 AGUARDAR,-0.4,📉 QUEDA,0,RSI 37 baixo | SMA9<SMA21 | Acima SMA50 | MACD- | Bônus tendência,0.0,
2026-09-27 22:09:57,ETH,2675.49,23.2,0,🟡 AGUARDAR,-0.35,📉 QUEDA,0,RSI 23 sobrevendido | SMA9<SMA21 | Abaixo SMA50 | MACD-,0.0,
2026-09-27 22:09:57,SOL,121.86,28.9,1,🟡 AGUARDAR,-4.91,📉 QUEDA,0,RSI 29 sobrevendido | SMA9<SMA21 | Acima SMA50 | MACD- | Bônus tendência | LSTM -4.9%,0.0,
2026-09-27 22:09:57,BNB,776.88,42.7,3,🟢 COMPRAR,-0.14,📉 QUEDA,0,RSI 43 baixo | SMA9>SMA21 | Acima SMA50 | MACD- | Bônus tendência,0.0,
2026-09-27 22:09:57,ADA,0.2532,41.0,-4,🔴 VENDER,-0.65,📉 QUEDA,0,RSI 41 baixo (atenuado) | SMA9<SMA21 | Abaixo SMA50 | MACD- | Penalidade tendência,0.0,
2026-09-27 22:09:57,PETR4,48.07,55.2,1,🟡 AGUARDAR,1.88,📈 ALTA,0,RSI 55 alto (atenuado) | SMA9>SMA21 | Acima SMA50 | MACD- | Bônus tendência,0.0,
2026-09-27 22:09:57,VALE3,70.77,18.9,1,🟡 AGUARDAR,6.04,📈 ALTA,0,RSI 19 sobrevendido | SMA9<SMA21 | Abaixo SMA50 | MACD- | LSTM +6.0%,0.0,
2026-09-27 22:09:57,ITUB4,42.13,51.8,1,🟡 AGUARDAR,1.35,📈 ALTA,0,RSI 52 neutro | SMA9>SMA21 | Acima SMA50 | MACD-,0.0,
2026-09-27 22:09:57,BBAS3,21.59,40.2,4,🟢 COMPRAR,3.95,📈 ALTA,0,RSI 40 baixo | SMA9>SMA21 | Acima SMA50 | MACD- | Bônus tendência | LSTM +4.0%,0.0,
2026-09-27 22:09:57,WEGE3,51.07,45.8,2,🟢 COMPRAR (conf.),-0.85,📉 QUEDA,0,RSI 46 neutro | SMA9>SMA21 | Acima SMA50 | MACD- | Bônus tendência,0.0,
2026-09-27 22:17:42,BTC,84373.74,37.3,1,🟡 AGUARDAR,-0.39,📉 QUEDA,0,RSI 37 baixo | SMA9<SMA21 | Acima SMA50 | MACD- | Bônus tendência,0.037,
2026-09-27 22:17:42,ETH,2675.06,24.1,0,🟡 AGUARDAR,-0.34,📉 QUEDA,0,RSI 24 sobrevendido | SMA9<SMA21 | Abaixo SMA50 | MACD-,-0.01,
2026-09-27 22:17:42,SOL,121.55,28.3,-2,🟡 AGUARDAR,-4.68,📉 QUEDA,0,RSI 28 sobrevendido | SMA9<SMA21 | Abaixo SMA50 | MACD- | LSTM -4.7%,-0.023,
2026-09-27 22:17:42,BNB,776.1,41.9,3,🟢 COMPRAR,-0.06,📉 QUEDA,0,RSI 42 baixo | SMA9>SMA21 | Acima SMA50 | MACD- | Bônus tendência,0.0,
2026-09-27 22:17:42,ADA,0.2527,39.9,-4,🔴 VENDER,-0.43,📉 QUEDA,0,RSI 40 baixo (atenuado) | SMA9<SMA21 | Abaixo SMA50 | MACD- | Penalidade tendência,-0.02,
2026-09-27 22:17:42,PETR4,48.07,55.2,1,🟡 AGUARDAR,1.88,📈 ALTA,0,RSI 55 alto (atenuado) | SMA9>SMA21 | Acima SMA50 | MACD- | Bônus tendência,0.001,
2026-09-27 22:17:42,VALE3,70.77,18.9,1,🟡 AGUARDAR,6.04,📈 ALTA,0,RSI 19 sobrevendido | SMA9<SMA21 | Abaixo SMA50 | MACD- | LSTM +6.0%,0.027,
2026-09-27 22:17:42,ITUB4,42.13,51.8,1,🟡 AGUARDAR,1.34,📈 ALTA,0,RSI 52 neutro | SMA9>SMA21 | Acima SMA50 | MACD-,0.003,
2026-09-27 22:17:42,BBAS3,21.59,40.2,4,🟢 COMPRAR,3.95,📈 ALTA,0,RSI 40 baixo | SMA9>SMA21 | Acima SMA50 | MACD- | Bônus tendência | LSTM +4.0%,0.008,
2026-09-27 22:17:42,WEGE3,51.07,45.8,2,🟢 COMPRAR (conf.),-0.85,📉 QUEDA,0,RSI 46 neutro | SMA9>SMA21 | Acima SMA50 | MACD- | Bônus tendência,0.042,
2026-09-27 22:25:47,BTC,84510.57,39.1,1,🟡 AGUARDAR,-0.54,📉 QUEDA,0,RSI 39 baixo | SMA9<SMA21 | Acima SMA50 | MACD- | Bônus tendência,0.037,
2026-09-27 22:25:47,ETH,2682.85,25.8,-1,🟡 AGUARDAR,-0.6,📉 QUEDA,0,RSI 26 sobrevendido | SMA9<SMA21 | Abaixo SMA50 | MACD-,-0.01,
2026-09-27 22:25:47,SOL,122.01,29.6,1,🟡 AGUARDAR,-5.02,📉 QUEDA,0,RSI 30 sobrevendido | SMA9<SMA21 | Acima SMA50 | MACD- | Bônus tendência | LSTM -5.0%,-0.023,
2026-09-27 22:25:47,BNB,777.64,44.4,3,🟢 COMPRAR,-0.23,📉 QUEDA,0,RSI 44 baixo | SMA9>SMA21 | Acima SMA50 | MACD- | Bônus tendência,0.0,
2026-09-27 22:25:47,ADA,0.2545,44.2,-2,🟡 AGUARDAR,-1.08,📉 QUEDA,0,RSI 44 baixo | SMA9<SMA21 | Abaixo SMA50 | MACD-,-0.02,
2026-09-27 22:25:47,PETR4,48.07,55.2,1,🟡 AGUARDAR,1.88,📈 ALTA,0,RSI 55 alto (atenuado) | SMA9>SMA21 | Acima SMA50 | MACD- | Bônus tendência,0.001,
2026-09-27 22:25:47,VALE3,70.77,18.9,1,🟡 AGUARDAR,6.04,📈 ALTA,0,RSI 19 sobrevendido | SMA9<SMA21 | Abaixo SMA50 | MACD- | LSTM +6.0%,0.027,
2026-09-27 22:25:47,ITUB4,42.13,51.8,1,🟡 AGUARDAR,1.34,📈 ALTA,0,RSI 52 neutro | SMA9>SMA21 | Acima SMA50 | MACD-,0.003,
2026-09-27 22:25:47,BBAS3,21.59,40.2,4,🟢 COMPRAR,3.95,📈 ALTA,0,RSI 40 baixo | SMA9>SMA21 | Acima SMA50 | MACD- | Bônus tendência | LSTM +4.0%,0.008,
2026-09-27 22:25:47,WEGE3,51.07,45.8,2,🟢 COMPRAR (conf.),-0.85,📉 QUEDA,0,RSI 46 neutro | SMA9>SMA21 | Acima SMA50 | MACD- | Bônus tendência,0.042,
2026-09-27 22:35:39,BTC,84216.84,34.0,-1,🟡 AGUARDAR,-0.2,📉 QUEDA,0,RSI 34 sobrevendido | SMA9<SMA21 | Abaixo SMA50 | MACD-,0.037,
2026-09-27 22:35:39,ETH,2673.19,22.4,0,🟡 AGUARDAR,-0.27,📉 QUEDA,0,RSI 22 sobrevendido | SMA9<SMA21 | Abaixo SMA50 | MACD-,-0.01,
2026-09-27 22:35:39,SOL,121.33,26.3,-2,🟡 AGUARDAR,-4.51,📉 QUEDA,0,RSI 26 sobrevendido | SMA9<SMA21 | Abaixo SMA50 | MACD- | LSTM -4.5%,-0.023,
2026-09-27 22:35:39,BNB,774.18,37.7,-2,🟡 AGUARDAR,0.18,📈 ALTA,0,RSI 38 baixo | SMA9<SMA21 | Abaixo SMA50 | MACD-,0.0,
2026-09-27 22:35:39,ADA,0.2519,37.5,-4,🔴 VENDER,-0.11,📉 QUEDA,0,RSI 38 baixo (atenuado) | SMA9<SMA21 | Abaixo SMA50 | MACD- | Penalidade tendência,-0.02,
2026-09-27 22:35:39,PETR4,48.07,55.2,1,🟡 AGUARDAR,1.88,📈 ALTA,0,RSI 55 alto (atenuado) | SMA9>SMA21 | Acima SMA50 | MACD- | Bônus tendência,0.001,
2026-09-27 22:35:39,VALE3,70.77,18.9,1,🟡 AGUARDAR,6.04,📈 ALTA,0,RSI 19 sobrevendido | SMA9<SMA21 | Abaixo SMA50 | MACD- | LSTM +6.0%,0.027,
2026-09-27 22:35:39,ITUB4,42.13,51.8,1,🟡 AGUARDAR,1.34,📈 ALTA,0,RSI 52 neutro | SMA9>SMA21 | Acima SMA50 | MACD-,0.003,
2026-09-27 22:35:39,BBAS3,21.59,40.2,4,🟢 COMPRAR,3.95,📈 ALTA,0,RSI 40 baixo | SMA9>SMA21 | Acima SMA50 | MACD- | Bônus tendência | LSTM +4.0%,0.008,
2026-09-27 22:35:39,WEGE3,51.07,45.8,2,🟢 COMPRAR (conf.),-0.85,📉 QUEDA,0,RSI 46 neutro | SMA9>SMA21 | Acima SMA50 | MACD- | Bônus tendência,0.042,
2026-09-27 22:45:18,BTC,84144.49,33.0,-1,🟡 AGUARDAR,-0.13,📉 QUEDA,0,RSI 33 sobrevendido | SMA9<SMA21 | Abaixo SMA50 | MACD-,0.037,
2026-09-27 22:45:18,ETH,2669.93,21.0,0,🟡 AGUARDAR,-0.15,📉 QUEDA,0,RSI 21 sobrevendido | SMA9<SMA21 | Abaixo SMA50 | MACD-,-0.01,
2026-09-27 22:45:18,SOL,121.1,25.4,-2,🟡 AGUARDAR,-4.34,📉 QUEDA,0,RSI 25 sobrevendido | SMA9<SMA21 | Abaixo SMA50 | MACD- | LSTM -4.3%,-0.023,
2026-09-27 22:45:18,BNB,774.1,37.5,-2,🟡 AGUARDAR,0.19,📈 ALTA,0,RSI 38 baixo | SMA9<SMA21 | Abaixo SMA50 | MACD-,0.0,
2026-09-27 22:45:18,ADA,0.2517,37.2,-4,🔴 VENDER,-0.05,📉 QUEDA,0,RSI 37 baixo (atenuado) | SMA9<SMA21 | Abaixo SMA50 | MACD- | Penalidade tendência,-0.02,
2026-09-27 22:45:18,PETR4,48.07,55.2,1,🟡 AGUARDAR,1.88,📈 ALTA,0,RSI 55 alto (atenuado) | SMA9>SMA21 | Acima SMA50 | MACD- | Bônus tendência,0.001,
2026-09-27 22:45:18,VALE3,70.77,18.9,1,🟡 AGUARDAR,6.04,📈 ALTA,0,RSI 19 sobrevendido | SMA9<SMA21 | Abaixo SMA50 | MACD- | LSTM +6.0%,0.027,
2026-09-27 22:45:18,ITUB4,42.13,51.8,1,🟡 AGUARDAR,1.34,📈 ALTA,0,RSI 52 neutro | SMA9>SMA21 | Acima SMA50 | MACD-,0.003,
2026-09-27 22:45:18,BBAS3,21.59,40.2,4,🟢 COMPRAR,3.95,📈 ALTA,0,RSI 40 baixo | SMA9>SMA21 | Acima SMA50 | MACD- | Bônus tendência | LSTM +4.0%,0.008,
2026-09-27 22:45:18,WEGE3,51.07,45.8,2,🟢 COMPRAR (conf.),-0.85,📉 QUEDA,0,RSI 46 neutro | SMA9>SMA21 | Acima SMA50 | MACD- | Bônus tendência,0.042,
2026-09-27 23:10:04,BTC,84130.53,33.8,-1,🟡 AGUARDAR,-0.17,📉 QUEDA,0,RSI 34 sobrevendido | SMA9<SMA21 | Abaixo SMA50 | MACD-,0.037,
2026-09-27 23:10:04,ETH,2673.83,24.0,0,🟡 AGUARDAR,-0.39,📉 QUEDA,0,RSI 24 sobrevendido | SMA9<SMA21 | Abaixo SMA50 | MACD-,-0.01,
2026-09-27 23:10:04,SOL,121.38,28.6,-2,🟡 AGUARDAR,-4.65,📉 QUEDA,0,RSI 29 sobrevendido | SMA9<SMA21 | Abaixo SMA50 | MACD- | LSTM -4.7%,-0.023,
2026-09-27 23:10:04,BNB,775.2,42.1,1,🟡 AGUARDAR,-0.0,📉 QUEDA,0,RSI 42 baixo | SMA9<SMA21 | Acima SMA50 | MACD- | Bônus tendência,0.0,
2026-09-27 23:10:04,ADA,0.2527,40.3,-4,🔴 VENDER,-0.65,📉 QUEDA,0,RSI 40 baixo (atenuado) | SMA9<SMA21 | Abaixo SMA50 | MACD- | Penalidade tendência,-0.02,
2026-09-27 23:10:04,PETR4,48.07,55.2,1,🟡 AGUARDAR,1.88,📈 ALTA,0,RSI 55 alto (atenuado) | SMA9>SMA21 | Acima SMA50 | MACD- | Bônus tendência,0.001,
2026-09-27 23:10:04,VALE3,70.77,18.9,1,🟡 AGUARDAR,6.04,📈 ALTA,0,RSI 19 sobrevendido | SMA9<SMA21 | Abaixo SMA50 | MACD- | LSTM +6.0%,0.027,
2026-09-27 23:10:04,ITUB4,42.13,51.8,1,🟡 AGUARDAR,1.35,📈 ALTA,0,RSI 52 neutro | SMA9>SMA21 | Acima SMA50 | MACD-,0.003,
2026-09-27 23:10:04,BBAS3,21.59,40.2,4,🟢 COMPRAR,3.95,📈 ALTA,0,RSI 40 baixo | SMA9>SMA21 | Acima SMA50 | MACD- | Bônus tendência | LSTM +4.0%,0.008,
2026-09-27 23:10:04,WEGE3,51.07,45.8,2,🟢 COMPRAR (conf.),-0.85,📉 QUEDA,0,RSI 46 neutro | SMA9>SMA21 | Acima SMA50 | MACD- | Bônus tendência,0.042,
2026-09-27 23:50:33,BTC,84437.32,41.3,1,🟡 AGUARDAR,-0.51,📉 QUEDA,0,RSI 41 baixo | SMA9<SMA21 | Acima SMA50 | MACD- | Bônus tendência,0.037,
2026-09-27 23:50:33,ETH,2685.96,35.0,-1,🟡 AGUARDAR,-0.8,📉 QUEDA,0,RSI 35 sobrevendido | SMA9<SMA21 | Abaixo SMA50 | MACD-,-0.01,
2026-09-27 23:50:33,SOL,122.01,35.2,0,🚫 BLOQUEADO,-5.12,📉 QUEDA,0,LSTM -5.1% (queda forte),-0.023,
2026-09-27 23:50:33,BNB,778.72,49.9,2,🟢 COMPRAR (conf.),-0.42,📉 QUEDA,0,RSI 50 neutro | SMA9>SMA21 | Acima SMA50 | MACD- | Bônus tendência,0.0,
2026-09-27 23:50:33,ADA,0.2554,48.5,-3,🔴 VENDER,-1.57,📉 QUEDA,0,RSI 49 neutro | SMA9<SMA21 | Acima SMA50 | MACD- | LSTM -1.6%,-0.02,
2026-09-27 23:50:33,PETR4,48.07,55.2,3,🟢 COMPRAR,1.88,📈 ALTA,0,RSI 55 alto (atenuado) | SMA9>SMA21 | Acima SMA50 | MACD- | Bônus tendência | LSTM +1.9%,0.001,
2026-09-27 23:50:33,VALE3,70.77,18.9,2,🟡 AGUARDAR,6.04,📈 ALTA,0,RSI 19 sobrevendido | SMA9<SMA21 | Abaixo SMA50 | MACD- | LSTM +6.0%,0.027,
2026-09-27 23:50:33,ITUB4,42.13,51.8,3,🟢 COMPRAR,1.34,📈 ALTA,0,RSI 52 neutro | SMA9>SMA21 | Acima SMA50 | MACD- | LSTM +1.3%,0.003,
2026-09-27 23:50:33,BBAS3,21.59,40.2,5,🟢 COMPRAR,3.95,📈 ALTA,0,RSI 40 baixo | SMA9>SMA21 | Acima SMA50 | MACD- | Bônus tendência | LSTM +4.0%,0.008,
2026-09-27 23:50:33,WEGE3,51.07,45.8,2,🟢 COMPRAR (conf.),-0.85,📉 QUEDA,0,RSI 46 neutro | SMA9>SMA21 | Acima SMA50 | MACD- | Bônus tendência,0.042,
2026-09-28 00:07:35,BTC,84506.93,42.8,1,🟡 AGUARDAR,-0.49,📉 QUEDA,0,RSI 43 baixo | SMA9<SMA21 | Acima SMA50 | MACD- | Bônus tendência,0.032,
2026-09-28 00:07:35,ETH,2688.65,27.9,-1,🟡 AGUARDAR,-0.64,📉 QUEDA,0,RSI 28 sobrevendido | SMA9<SMA21 | Abaixo SMA50 | MACD-,-0.01,
2026-09-28 00:07:35,SOL,121.86,31.9,0,🚫 BLOQUEADO,-4.85,📉 QUEDA,0,LSTM -4.8% (queda forte),-0.023,
2026-09-28 00:07:35,BNB,779.14,52.3,4,🟢 COMPRAR,-0.38,📉 QUEDA,0,RSI 52 neutro | SMA9>SMA21 | Acima SMA50 | MACD+ | Bônus tendência,0.0,
2026-09-28 00:07:35,ADA,0.2545,38.6,0,🟡 AGUARDAR,-0.92,📉 QUEDA,0,RSI 39 baixo | SMA9>SMA21 | Abaixo SMA50 | MACD-,0.0,
2026-09-28 00:07:35,PETR4,48.07,55.2,3,🟢 COMPRAR,1.88,📈 ALTA,0,RSI 55 alto (atenuado) | SMA9>SMA21 | Acima SMA50 | MACD- | Bônus tendência | LSTM +1.9%,0.001,
2026-09-28 00:07:35,VALE3,70.77,18.9,2,🟡 AGUARDAR,6.04,📈 ALTA,0,RSI 19 sobrevendido | SMA9<SMA21 | Abaixo SMA50 | MACD- | LSTM +6.0%,0.022,
2026-09-28 00:07:35,ITUB4,42.13,51.8,3,🟢 COMPRAR,1.35,📈 ALTA,0,RSI 52 neutro | SMA9>SMA21 | Acima SMA50 | MACD- | LSTM +1.4%,0.003,
2026-09-28 00:07:35,BBAS3,21.59,40.2,5,🟢 COMPRAR,3.95,📈 ALTA,0,RSI 40 baixo | SMA9>SMA21 | Acima SMA50 | MACD- | Bônus tendência | LSTM +4.0%,0.008,
2026-09-28 00:07:35,WEGE3,51.07,45.8,2,🟢 COMPRAR (conf.),-0.85,📉 QUEDA,0,RSI 46 neutro | SMA9>SMA21 | Acima SMA50 | MACD- | Bônus tendência,0.042,
2026-09-28 00:23:44,BTC,84923.32,54.3,4,🟢 COMPRAR,-0.96,📉 QUEDA,0,RSI 54 neutro | SMA9>SMA21 | Acima SMA50 | MACD+ | Bônus tendência,0.032,
2026-09-28 00:23:44,ETH,2696.88,34.0,2,🟢 COMPRAR (conf.),-0.92,📉 QUEDA,0,RSI 34 sobrevendido | SMA9<SMA21 | Acima SMA50 | MACD- | Bônus tendência,-0.01,
2026-09-28 00:23:44,SOL,122.68,37.3,0,🚫 BLOQUEADO,-5.47,📉 QUEDA,0,LSTM -5.5% (queda forte),-0.023,
2026-09-28 00:23:44,BNB,783.59,62.7,3,🟢 COMPRAR,-0.9,📉 QUEDA,0,RSI 63 alto (atenuado) | SMA9>SMA21 | Acima SMA50 | MACD+ | Bônus tendência,0.0,
2026-09-28 00:23:44,ADA,0.2578,49.3,0,🚫 BLOQUEADO,-2.08,📉 QUEDA,0,LSTM -2.1% (queda forte),0.0,
2026-09-28 00:23:44,PETR4,48.07,55.2,3,🟢 COMPRAR,1.88,📈 ALTA,0,RSI 55 alto (atenuado) | SMA9>SMA21 | Acima SMA50 | MACD- | Bônus tendência | LSTM +1.9%,0.001,
2026-09-28 00:23:44,VALE3,70.77,18.9,2,🟡 AGUARDAR,6.04,📈 ALTA,0,RSI 19 sobrevendido | SMA9<SMA21 | Abaixo SMA50 | MACD- | LSTM +6.0%,0.022,
2026-09-28 00:23:44,ITUB4,42.13,51.8,3,🟢 COMPRAR,1.35,📈 ALTA,0,RSI 52 neutro | SMA9>SMA21 | Acima SMA50 | MACD- | LSTM +1.4%,0.003,
2026-09-28 00:23:44,BBAS3,21.59,40.2,5,🟢 COMPRAR,3.95,📈 ALTA,0,RSI 40 baixo | SMA9>SMA21 | Acima SMA50 | MACD- | Bônus tendência | LSTM +4.0%,0.008,
2026-09-28 00:23:44,WEGE3,51.07,45.8,2,🟢 COMPRAR (conf.),-0.85,📉 QUEDA,0,RSI 46 neutro | SMA9>SMA21 | Acima SMA50 | MACD- | Bônus tendência,0.042,
2026-09-28 00:26:13,BTC,84860.62,52.6,4,🟢 COMPRAR,-0.88,📉 QUEDA,0,RSI 53 neutro | SMA9>SMA21 | Acima SMA50 | MACD- | Bônus tendência | MTF ALTA (3/3) [maior:↑ medio:↑ menor:↑],0.032,2.0
2026-09-28 00:26:13,ETH,2695.42,32.1,4,🟢 COMPRAR,-0.88,📉 QUEDA,0,RSI 32 sobrevendido | SMA9<SMA21 | Acima SMA50 | MACD- | Bônus tendência | MTF ALTA (2/3) [maior:↑ medio:↓ menor:↑],-0.01,2.0
2026-09-28 00:26:13,SOL,122.64,36.7,0,🚫 BLOQUEADO,-5.44,📉 QUEDA,0,LSTM -5.4% (queda forte),-0.023,2.0
2026-09-28 00:26:13,BNB,783.01,61.6,5,🟢 COMPRAR,-0.83,📉 QUEDA,0,RSI 62 alto (atenuado) | SMA9>SMA21 | Acima SMA50 | MACD+ | Bônus tendência | MTF ALTA (3/3) [maior:↑ medio:↑ menor:↑],0.0,2.0
2026-09-28 00:26:13,ADA,0.2577,49.1,0,🚫 BLOQUEADO,-2.06,📉 QUEDA,0,LSTM -2.1% (queda forte),0.0,2.0
2026-09-28 00:26:13,PETR4,48.07,55.2,1,🟡 AGUARDAR,1.88,📈 ALTA,0,RSI 55 alto (atenuado) | SMA9>SMA21 | Acima SMA50 | MACD- | Bônus tendência | LSTM +1.9% | MTF BAIXA (2/3) [maior:↑ medio:↓ menor:↓],0.001,-2.0
2026-09-28 00:26:13,VALE3,70.77,18.9,0,🟡 AGUARDAR,6.04,📈 ALTA,0,RSI 19 sobrevendido | SMA9<SMA21 | Abaixo SMA50 | MACD- | LSTM +6.0% | MTF BAIXA (3/3) [maior:↓ medio:↓ menor:↓],0.022,-2.0
2026-09-28 00:26:13,ITUB4,42.13,51.8,1,🟡 AGUARDAR,1.35,📈 ALTA,0,RSI 52 neutro | SMA9>SMA21 | Acima SMA50 | MACD- | LSTM +1.4% | MTF BAIXA (2/3) [maior:↑ medio:↓ menor:↓],0.003,-2.0
2026-09-28 00:26:13,BBAS3,21.59,40.2,3,🟢 COMPRAR,3.95,📈 ALTA,0,RSI 40 baixo | SMA9>SMA21 | Acima SMA50 | MACD- | Bônus tendência | LSTM +4.0% | MTF BAIXA (2/3) [maior:↑ medio:↓ menor:↓],0.008,-2.0
2026-09-28 00:26:13,WEGE3,51.07,45.8,0,🟡 AGUARDAR,-0.85,📉 QUEDA,0,RSI 46 neutro | SMA9>SMA21 | Acima SMA50 | MACD- | Bônus tendência | MTF BAIXA (2/3) [maior:↑ medio:↓ menor:↓],0.042,-2.0
2026-09-28 00:42:32,BTC,84232.07,38.2,-4,🔴 VENDER,-0.32,📉 QUEDA,0,RSI 38 baixo | SMA9<SMA21 | Abaixo SMA50 | MACD- | MTF BAIXA (2/3) [maior:↑ medio:↓ menor:↓],0.032,-2.0
2026-09-28 00:42:32,ETH,2674.44,31.4,-3,🔴 VENDER,-0.46,📉 QUEDA,0,RSI 31 sobrevendido | SMA9<SMA21 | Abaixo SMA50 | MACD- | MTF BAIXA (2/3) [maior:↑ medio:↓ menor:↓],-0.01,-2.0
2026-09-28 00:42:32,SOL,121.52,33.1,0,🚫 BLOQUEADO,-4.83,📉 QUEDA,0,LSTM -4.8% (queda forte),-0.023,-2.0
2026-09-28 00:42:32,BNB,777.92,46.7,4,🟢 COMPRAR,-0.34,📉 QUEDA,0,RSI 47 neutro | SMA9>SMA21 | Acima SMA50 | MACD- | Bônus tendência | MTF ALTA (3/3) [maior:↑ medio:↑ menor:↑],0.0,2.0
2026-09-28 00:42:32,ADA,0.2538,42.4,-6,🔴 VENDER,-1.12,📉 QUEDA,0,RSI 42 baixo | SMA9<SMA21 | Abaixo SMA50 | MACD- | LSTM -1.1% | MTF BAIXA (2/3) [maior:↑ medio:↓ menor:↓],0.0,-2.0
2026-09-28 00:42:32,PETR4,48.07,55.2,1,🟡 AGUARDAR,1.88,📈 ALTA,0,RSI 55 alto (atenuado) | SMA9>SMA21 | Acima SMA50 | MACD- | Bônus tendência | LSTM +1.9% | MTF BAIXA (2/3) [maior:↑ medio:↓ menor:↓],0.001,-2.0
2026-09-28 00:42:32,VALE3,70.77,18.9,0,🟡 AGUARDAR,6.04,📈 ALTA,0,RSI 19 sobrevendido | SMA9<SMA21 | Abaixo SMA50 | MACD- | LSTM +6.0% | MTF BAIXA (3/3) [maior:↓ medio:↓ menor:↓],0.022,-2.0
2026-09-28 00:42:32,ITUB4,42.13,51.8,1,🟡 AGUARDAR,1.35,📈 ALTA,0,RSI 52 neutro | SMA9>SMA21 | Acima SMA50 | MACD- | LSTM +1.4% | MTF BAIXA (2/3) [maior:↑ medio:↓ menor:↓],0.003,-2.0
2026-09-28 00:42:32,BBAS3,21.59,40.2,3,🟢 COMPRAR,3.95,📈 ALTA,0,RSI 40 baixo | SMA9>SMA21 | Acima SMA50 | MACD- | Bônus tendência | LSTM +4.0% | MTF BAIXA (2/3) [maior:↑ medio:↓ menor:↓],0.008,-2.0
2026-09-28 00:42:32,WEGE3,51.07,45.8,0,🟡 AGUARDAR,-0.85,📉 QUEDA,0,RSI 46 neutro | SMA9>SMA21 | Acima SMA50 | MACD- | Bônus tendência | MTF BAIXA (2/3) [maior:↑ medio:↓ menor:↓],0.042,-2.0
2026-09-28 01:15:42,BTC,83935.81,28.1,-2,🟡 AGUARDAR,0.07,📈 ALTA,0,RSI 28 sobrevendido | SMA9<SMA21 | Abaixo SMA50 | MACD- | Banda inf | MTF BAIXA (2/3) [maior:↑ medio:↓ menor:↓],0.032,-2.0
2026-09-28 01:15:42,ETH,2667.06,20.9,-2,🟡 AGUARDAR,-0.06,📉 QUEDA,0,RSI 21 sobrevendido | SMA9<SMA21 | Abaixo SMA50 | MACD- | MTF BAIXA (2/3) [maior:↑ medio:↓ menor:↓],-0.01,-2.0
2026-09-28 01:15:42,SOL,121.34,25.3,0,🚫 BLOQUEADO,-4.56,📉 QUEDA,0,LSTM -4.6% (queda forte),-0.023,-2.0
2026-09-28 01:15:42,BNB,776.62,40.1,5,🟢 COMPRAR,-0.11,📉 QUEDA,0,RSI 40 baixo | SMA9>SMA21 | Acima SMA50 | MACD- | Bônus tendência | MTF ALTA (3/3) [maior:↑ medio:↑ menor:↑],0.0,2.0
2026-09-28 01:15:42,ADA,0.2541,42.4,-4,🔴 VENDER,-0.89,📉 QUEDA,0,RSI 42 baixo | SMA9<SMA21 | Abaixo SMA50 | MACD- | MTF BAIXA (2/3) [maior:↑ medio:↓ menor:↓],0.0,-2.0
2026-09-28 01:15:42,PETR4,48.07,55.2,1,🟡 AGUARDAR,1.88,📈 ALTA,0,RSI 55 alto (atenuado) | SMA9>SMA21 | Acima SMA50 | MACD- | Bônus tendência | LSTM +1.9% | MTF BAIXA (2/3) [maior:↑ medio:↓ menor:↓],0.001,-2.0
2026-09-28 01:15:42,VALE3,70.77,18.9,0,🟡 AGUARDAR,6.04,📈 ALTA,0,RSI 19 sobrevendido | SMA9<SMA21 | Abaixo SMA50 | MACD- | LSTM +6.0% | MTF BAIXA (3/3) [maior:↓ medio:↓ menor:↓],0.022,-2.0
2026-09-28 01:15:42,ITUB4,42.13,51.8,1,🟡 AGUARDAR,1.34,📈 ALTA,0,RSI 52 neutro | SMA9>SMA21 | Acima SMA50 | MACD- | LSTM +1.3% | MTF BAIXA (2/3) [maior:↑ medio:↓ menor:↓],0.003,-2.0
2026-09-28 01:15:42,BBAS3,21.59,40.2,3,🟢 COMPRAR,3.95,📈 ALTA,0,RSI 40 baixo | SMA9>SMA21 | Acima SMA50 | MACD- | Bônus tendência | LSTM +4.0% | MTF BAIXA (2/3) [maior:↑ medio:↓ menor:↓],0.008,-2.0
2026-09-28 01:15:42,WEGE3,51.07,45.8,0,🟡 AGUARDAR,-0.85,📉 QUEDA,0,RSI 46 neutro | SMA9>SMA21 | Acima SMA50 | MACD- | Bônus tendência | MTF BAIXA (2/3) [maior:↑ medio:↓ menor:↓],0.042,-2.0
2026-09-28 03:16:12,BTC,83392.32,29.8,-3,🔴 VENDER,0.28,📈 ALTA,0,RSI 30 sobrevendido | SMA9<SMA21 | Abaixo SMA50 | MACD- | MTF BAIXA (2/3) [maior:↑ medio:↓ menor:↓],0.032,-2.0
2026-09-28 03:16:12,ETH,2653.98,31.8,-5,🔴 VENDER,-0.14,📉 QUEDA,0,RSI 32 sobrevendido (atenuado) | SMA9<SMA21 | Abaixo SMA50 | MACD- | Penalidade tendência | MTF BAIXA (3/3) [maior:↓ medio:↓ menor:↓],-0.01,-2.0
2026-09-28 03:16:12,SOL,120.09,37.8,0,🚫 BLOQUEADO,-4.21,📉 QUEDA,0,LSTM -4.2% (queda forte),-0.023,-2.0
2026-09-28 03:16:12,BNB,771.1,39.4,-4,🔴 VENDER,0.29,📈 ALTA,0,RSI 39 baixo | SMA9<SMA21 | Abaixo SMA50 | MACD- | MTF BAIXA (2/3) [maior:↑ medio:↓ menor:↓],0.0,-2.0
2026-09-28 03:16:12,ADA,0.2525,47.7,-7,🔴🔴 VENDA FORTE,-1.01,📉 QUEDA,0,RSI 48 neutro | SMA9<SMA21 | Abaixo SMA50 | MACD- | LSTM -1.0% | MTF BAIXA (2/3) [maior:↑ medio:↓ menor:↓],0.0,-2.0
2026-09-28 03:16:12,PETR4,48.07,55.2,1,🟡 AGUARDAR,1.88,📈 ALTA,0,RSI 55 alto (atenuado) | SMA9>SMA21 | Acima SMA50 | MACD- | Bônus tendência | LSTM +1.9% | MTF BAIXA (2/3) [maior:↑ medio:↓ menor:↓],0.001,-2.0
2026-09-28 03:16:12,VALE3,70.77,18.9,0,🟡 AGUARDAR,6.04,📈 ALTA,0,RSI 19 sobrevendido | SMA9<SMA21 | Abaixo SMA50 | MACD- | LSTM +6.0% | MTF BAIXA (3/3) [maior:↓ medio:↓ menor:↓],0.022,-2.0
2026-09-28 03:16:12,ITUB4,42.13,51.8,1,🟡 AGUARDAR,1.35,📈 ALTA,0,RSI 52 neutro | SMA9>SMA21 | Acima SMA50 | MACD- | LSTM +1.4% | MTF BAIXA (2/3) [maior:↑ medio:↓ menor:↓],0.003,-2.0
2026-09-28 03:16:12,BBAS3,21.59,40.2,3,🟢 COMPRAR,3.95,📈 ALTA,0,RSI 40 baixo | SMA9>SMA21 | Acima SMA50 | MACD- | Bônus tendência | LSTM +4.0% | MTF BAIXA (2/3) [maior:↑ medio:↓ menor:↓],0.008,-2.0
2026-09-28 03:16:12,WEGE3,51.07,45.8,0,🟡 AGUARDAR,-0.85,📉 QUEDA,0,RSI 46 neutro | SMA9>SMA21 | Acima SMA50 | MACD- | Bônus tendência | MTF BAIXA (2/3) [maior:↑ medio:↓ menor:↓],0.042,-2.0
2026-09-28 06:15:02,BTC,83281.71,29.6,-5,🔴 VENDER,0.86,📈 ALTA,0,RSI 30 sobrevendido (atenuado) | SMA9<SMA21 | Abaixo SMA50 | MACD- | Penalidade tendência | MTF BAIXA (2/3) [maior:↑ medio:↓ menor:↓],0.032,-2.0
2026-09-28 06:15:02,ETH,2655.56,31.8,-5,🔴 VENDER,-0.24,📉 QUEDA,0,RSI 32 sobrevendido (atenuado) | SMA9<SMA21 | Abaixo SMA50 | MACD- | Penalidade tendência | MTF BAIXA (3/3) [maior:↓ medio:↓ menor:↓],-0.01,-2.0
2026-09-28 06:15:02,SOL,119.34,32.1,-1,🟡 AGUARDAR,2.17,📈 ALTA,0,RSI 32 sobrevendido | SMA9<SMA21 | Abaixo SMA50 | MACD- | LSTM +2.2% | MTF BAIXA (2/3) [maior:↑ medio:↓ menor:↓],-0.023,-2.0
2026-09-28 06:15:02,BNB,766.68,32.2,-3,🔴 VENDER,0.96,📈 ALTA,0,RSI 32 sobrevendido | SMA9<SMA21 | Abaixo SMA50 | MACD- | MTF BAIXA (3/3) [maior:↓ medio:↓ menor:↓],0.0,-2.0
2026-09-28 06:15:02,ADA,0.2481,35.4,-6,🔴 VENDER,0.95,📈 ALTA,0,RSI 35 baixo (atenuado) | SMA9<SMA21 | Abaixo SMA50 | MACD- | Penalidade tendência | MTF BAIXA (3/3) [maior:↓ medio:↓ menor:↓],0.0,-2.0
2026-09-28 06:15:02,PETR4,48.07,55.2,-1,🟡 AGUARDAR,0.7,📈 ALTA,0,RSI 55 alto (atenuado) | SMA9>SMA21 | Acima SMA50 | MACD- | Bônus tendência | MTF BAIXA (2/3) [maior:↑ medio:↓ menor:↓],0.001,-2.0
2026-09-28 06:15:02,VALE3,70.77,18.9,0,🟡 AGUARDAR,4.68,📈 ALTA,0,RSI 19 sobrevendido | SMA9<SMA21 | Abaixo SMA50 | MACD- | LSTM +4.7% | MTF BAIXA (3/3) [maior:↓ medio:↓ menor:↓],0.022,-2.0
2026-09-28 06:15:02,ITUB4,42.13,51.8,-1,🟡 AGUARDAR,-0.83,📉 QUEDA,0,RSI 52 neutro | SMA9>SMA21 | Acima SMA50 | MACD- | MTF BAIXA (2/3) [maior:↑ medio:↓ menor:↓],0.003,-2.0
2026-09-28 06:15:02,BBAS3,21.59,40.2,3,🟢 COMPRAR,2.8,📈 ALTA,0,RSI 40 baixo | SMA9>SMA21 | Acima SMA50 | MACD- | Bônus tendência | LSTM +2.8% | MTF BAIXA (2/3) [maior:↑ medio:↓ menor:↓],0.008,-2.0
2026-09-28 06:15:02,WEGE3,51.07,45.8,0,🟡 AGUARDAR,0.42,📈 ALTA,0,RSI 46 neutro | SMA9>SMA21 | Acima SMA50 | MACD- | Bônus tendência | MTF BAIXA (2/3) [maior:↑ medio:↓ menor:↓],0.042,-2.0
2026-09-28 09:18:33,BTC,82813.13,19.8,-3,🔴 VENDER,1.03,📈 ALTA,0,RSI 20 sobrevendido (atenuado) | SMA9<SMA21 | Abaixo SMA50 | MACD- | Penalidade tendência | LSTM +1.0% | MTF BAIXA (3/3) [maior:↓ medio:↓ menor:↓],0.032,-2.0
2026-09-28 09:18:33,ETH,2648.8,29.3,-5,🔴 VENDER,-0.33,📉 QUEDA,0,RSI 29 sobrevendido (atenuado) | SMA9<SMA21 | Abaixo SMA50 | MACD- | Penalidade tendência | MTF BAIXA (3/3) [maior:↓ medio:↓ menor:↓],-0.01,-2.0
2026-09-28 09:18:33,SOL,118.32,18.5,-3,🔴 VENDER,2.17,📈 ALTA,0,RSI 18 sobrevendido (atenuado) | SMA9<SMA21 | Abaixo SMA50 | MACD- | Penalidade tendência | LSTM +2.2% | MTF BAIXA (2/3) [maior:↑ medio:↓ menor:↓],-0.023,-2.0
2026-09-28 09:18:33,BNB,760.8,25.4,-3,🔴 VENDER,1.14,📈 ALTA,0,RSI 25 sobrevendido (atenuado) | SMA9<SMA21 | Abaixo SMA50 | MACD- | Penalidade tendência | LSTM +1.1% | MTF BAIXA (3/3) [maior:↓ medio:↓ menor:↓],0.0,-2.0
2026-09-28 09:18:33,ADA,0.2446,27.6,-5,🔴 VENDER,0.47,📈 ALTA,0,RSI 28 sobrevendido (atenuado) | SMA9<SMA21 | Abaixo SMA50 | MACD- | Penalidade tendência | MTF BAIXA (3/3) [maior:↓ medio:↓ menor:↓],0.0,-2.0
2026-09-28 09:18:33,PETR4,48.07,55.2,-1,🟡 AGUARDAR,0.71,📈 ALTA,0,RSI 55 alto (atenuado) | SMA9>SMA21 | Acima SMA50 | MACD- | Bônus tendência | MTF BAIXA (2/3) [maior:↑ medio:↓ menor:↓],0.001,-2.0
2026-09-28 09:18:33,VALE3,70.77,18.9,0,🟡 AGUARDAR,4.68,📈 ALTA,0,RSI 19 sobrevendido | SMA9<SMA21 | Abaixo SMA50 | MACD- | LSTM +4.7% | MTF BAIXA (3/3) [maior:↓ medio:↓ menor:↓],0.022,-2.0
2026-09-28 09:18:33,ITUB4,42.13,51.8,-1,🟡 AGUARDAR,-0.83,📉 QUEDA,0,RSI 52 neutro | SMA9>SMA21 | Acima SMA50 | MACD- | MTF BAIXA (2/3) [maior:↑ medio:↓ menor:↓],0.003,-2.0
2026-09-28 09:18:33,BBAS3,21.59,40.2,3,🟢 COMPRAR,2.8,📈 ALTA,0,RSI 40 baixo | SMA9>SMA21 | Acima SMA50 | MACD- | Bônus tendência | LSTM +2.8% | MTF BAIXA (2/3) [maior:↑ medio:↓ menor:↓],0.008,-2.0
2026-09-28 09:18:33,WEGE3,51.07,45.8,0,🟡 AGUARDAR,0.42,📈 ALTA,0,RSI 46 neutro | SMA9>SMA21 | Acima SMA50 | MACD- | Bônus tendência | MTF BAIXA (2/3) [maior:↑ medio:↓ menor:↓],0.042,-2.0
2026-09-28 11:25:39,BTC,82977.43,28.7,-5,🔴 VENDER,0.57,📈 ALTA,0,RSI 29 sobrevendido (atenuado) | SMA9<SMA21 | Abaixo SMA50 | MACD- | Penalidade tendência | MTF BAIXA (3/3) [maior:↓ medio:↓ menor:↓],0.032,-2.0
2026-09-28 11:25:39,ETH,2663.34,44.7,-4,🔴 VENDER,-0.89,📉 QUEDA,0,RSI 45 baixo (atenuado) | SMA9<SMA21 | Abaixo SMA50 | MACD+ | Penalidade tendência | MTF BAIXA (2/3) [maior:↓ medio:↓ menor:↑],-0.01,-2.0
2026-09-28 11:25:39,SOL,118.61,29.5,-3,🔴 VENDER,1.43,📈 ALTA,0,RSI 30 sobrevendido (atenuado) | SMA9<SMA21 | Abaixo SMA50 | MACD- | Penalidade tendência | LSTM +1.4% | MTF BAIXA (2/3) [maior:↑ medio:↓ menor:↓],-0.023,-2.0
2026-09-28 11:25:39,BNB,762.96,31.1,-5,🔴 VENDER,0.48,📈 ALTA,0,RSI 31 sobrevendido (atenuado) | SMA9<SMA21 | Abaixo SMA50 | MACD- | Penalidade tendência | MTF BAIXA (3/3) [maior:↓ medio:↓ menor:↓],0.0,-2.0
2026-09-28 11:25:39,ADA,0.2456,34.7,-5,🔴 VENDER,-0.63,📉 QUEDA,0,RSI 35 sobrevendido (atenuado) | SMA9<SMA21 | Abaixo SMA50 | MACD- | Penalidade tendência | MTF BAIXA (2/3) [maior:↓ medio:↓ menor:↑],0.0,-2.0
2026-09-28 11:25:39,PETR4,48.07,55.2,-1,🟡 AGUARDAR,0.71,📈 ALTA,0,RSI 55 alto (atenuado) | SMA9>SMA21 | Acima SMA50 | MACD- | Bônus tendência | MTF BAIXA (2/3) [maior:↑ medio:↓ menor:↓],0.001,-2.0
2026-09-28 11:25:39,VALE3,70.77,18.9,0,🟡 AGUARDAR,4.68,📈 ALTA,0,RSI 19 sobrevendido | SMA9<SMA21 | Abaixo SMA50 | MACD- | LSTM +4.7% | MTF BAIXA (3/3) [maior:↓ medio:↓ menor:↓],0.022,-2.0
2026-09-28 11:25:39,ITUB4,42.13,51.8,-1,🟡 AGUARDAR,-0.83,📉 QUEDA,0,RSI 52 neutro | SMA9>SMA21 | Acima SMA50 | MACD- | MTF BAIXA (2/3) [maior:↑ medio:↓ menor:↓],0.003,-2.0
2026-09-28 11:25:39,BBAS3,21.59,40.2,3,🟢 COMPRAR,2.8,📈 ALTA,0,RSI 40 baixo | SMA9>SMA21 | Acima SMA50 | MACD- | Bônus tendência | LSTM +2.8% | MTF BAIXA (2/3) [maior:↑ medio:↓ menor:↓],0.008,-2.0
2026-09-28 11:25:39,WEGE3,51.07,45.8,0,🟡 AGUARDAR,0.42,📈 ALTA,0,RSI 46 neutro | SMA9>SMA21 | Acima SMA50 | MACD- | Bônus tendência | MTF BAIXA (2/3) [maior:↑ medio:↓ menor:↓],0.042,-2.0
2026-09-28 11:42:56,BTC,83044.79,30.3,-5,🔴 VENDER,0.49,📈 ALTA,0,RSI 30 sobrevendido (atenuado) | SMA9<SMA21 | Abaixo SMA50 | MACD- | Penalidade tendência | MTF BAIXA (3/3) [maior:↓ medio:↓ menor:↓],0.032,-2.0
2026-09-28 11:42:56,ETH,2666.88,46.3,-6,🔴 VENDER,-1.02,📉 QUEDA,0,RSI 46 neutro | SMA9<SMA21 | Abaixo SMA50 | MACD+ | Penalidade tendência | LSTM -1.0% | MTF BAIXA (2/3) [maior:↓ medio:↓ menor:↑],-0.01,-2.0
2026-09-28 11:42:56,SOL,118.65,30.1,1,🟡 AGUARDAR,1.4,📈 ALTA,0,RSI 30 sobrevendido (atenuado) | SMA9<SMA21 | Abaixo SMA50 | MACD- | Penalidade tendência | LSTM +1.4% | MTF ALTA (2/3) [maior:↑ medio:↓ menor:↑],-0.023,2.0
2026-09-28 11:42:56,BNB,763.34,32.2,-5,🔴 VENDER,0.44,📈 ALTA,0,RSI 32 sobrevendido (atenuado) | SMA9<SMA21 | Abaixo SMA50 | MACD- | Penalidade tendência | MTF BAIXA (2/3) [maior:↓ medio:↓ menor:↑],0.0,-2.0
2026-09-28 11:42:56,ADA,0.2456,34.8,-5,🔴 VENDER,-0.67,📉 QUEDA,0,RSI 35 sobrevendido (atenuado) | SMA9<SMA21 | Abaixo SMA50 | MACD- | Penalidade tendência | MTF BAIXA (2/3) [maior:↓ medio:↓ menor:↑],0.0,-2.0
2026-09-28 11:42:56,PETR4,48.07,55.2,-1,🟡 AGUARDAR,0.7,📈 ALTA,0,RSI 55 alto (atenuado) | SMA9>SMA21 | Acima SMA50 | MACD- | Bônus tendência | MTF BAIXA (2/3) [maior:↑ medio:↓ menor:↓],0.001,-2.0
2026-09-28 11:42:56,VALE3,70.77,18.9,0,🟡 AGUARDAR,4.68,📈 ALTA,0,RSI 19 sobrevendido | SMA9<SMA21 | Abaixo SMA50 | MACD- | LSTM +4.7% | MTF BAIXA (3/3) [maior:↓ medio:↓ menor:↓],0.022,-2.0
2026-09-28 11:42:56,ITUB4,42.13,51.8,-1,🟡 AGUARDAR,-0.83,📉 QUEDA,0,RSI 52 neutro | SMA9>SMA21 | Acima SMA50 | MACD- | MTF BAIXA (2/3) [maior:↑ medio:↓ menor:↓],0.003,-2.0
2026-09-28 11:42:56,BBAS3,21.59,40.2,3,🟢 COMPRAR,2.8,📈 ALTA,0,RSI 40 baixo | SMA9>SMA21 | Acima SMA50 | MACD- | Bônus tendência | LSTM +2.8% | MTF BAIXA (2/3) [maior:↑ medio:↓ menor:↓],0.008,-2.0
2026-09-28 11:42:56,WEGE3,51.07,45.8,0,🟡 AGUARDAR,0.42,📈 ALTA,0,RSI 46 neutro | SMA9>SMA21 | Acima SMA50 | MACD- | Bônus tendência | MTF BAIXA (2/3) [maior:↑ medio:↓ menor:↓],0.042,-2.0
2026-09-28 12:09:44,BTC,83415.11,32.2,-6,🔴 VENDER,-0.05,📉 QUEDA,-1,RSI 32 sobrevendido (atenuado) | SMA9<SMA21 | Abaixo SMA50 | MACD- | Penalidade tendência | Macro -1 | MTF BAIXA (2/3) [maior:↓ medio:↓ menor:↑],0.032,-2.0
2026-09-28 12:09:44,ETH,2688.44,50.2,-4,🔴 VENDER,-1.61,📉 QUEDA,-1,RSI 50 neutro | SMA9<SMA21 | Acima SMA50 | MACD+ | Macro -1 | LSTM -1.6% | MTF BAIXA (2/3) [maior:↓ medio:↓ menor:↑],-0.01,-2.0
2026-09-28 12:09:44,SOL,119.78,34.8,-6,🔴 VENDER,0.3,📈 ALTA,-1,RSI 35 sobrevendido (atenuado) | SMA9<SMA21 | Abaixo SMA50 | MACD- | Penalidade tendência | Macro -1 | MTF BAIXA (2/3) [maior:↓ medio:↓ menor:↑],-0.023,-2.0
2026-09-28 12:09:44,BNB,767.4,32.6,-6,🔴 VENDER,-0.21,📉 QUEDA,-1,RSI 33 sobrevendido (atenuado) | SMA9<SMA21 | Abaixo SMA50 | MACD- | Penalidade tendência | Macro -1 | MTF BAIXA (2/3) [maior:↓ medio:↓ menor:↑],0.0,-2.0
2026-09-28 12:09:44,ADA,0.2499,39.4,0,🚫 BLOQUEADO,-2.28,📉 QUEDA,-1,LSTM -2.3% (queda forte),0.0,-2.0
2026-09-28 12:09:44,PETR4,48.07,55.2,-2,🟡 AGUARDAR,0.71,📈 ALTA,-1,RSI 55 alto (atenuado) | SMA9>SMA21 | Acima SMA50 | MACD- | Bônus tendência | Macro -1 | MTF BAIXA (2/3) [maior:↑ medio:↓ menor:↓],0.001,-2.0
2026-09-28 12:09:44,VALE3,70.77,18.9,-1,🟡 AGUARDAR,4.68,📈 ALTA,-1,RSI 19 sobrevendido | SMA9<SMA21 | Abaixo SMA50 | MACD- | Macro -1 | LSTM +4.7% | MTF BAIXA (3/3) [maior:↓ medio:↓ menor:↓],0.022,-2.0
2026-09-28 12:09:44,ITUB4,42.13,51.8,-2,🟡 AGUARDAR,-0.83,📉 QUEDA,-1,RSI 52 neutro | SMA9>SMA21 | Acima SMA50 | MACD- | Macro -1 | MTF BAIXA (2/3) [maior:↑ medio:↓ menor:↓],0.003,-2.0
2026-09-28 12:09:44,BBAS3,21.59,40.2,2,🟢 COMPRAR (conf.),2.8,📈 ALTA,-1,RSI 40 baixo | SMA9>SMA21 | Acima SMA50 | MACD- | Bônus tendência | Macro -1 | LSTM +2.8% | MTF BAIXA (2/3) [maior:↑ medio:↓ menor:↓],0.008,-2.0
2026-09-28 12:09:44,WEGE3,51.07,45.8,-1,🟡 AGUARDAR,0.42,📈 ALTA,-1,RSI 46 neutro | SMA9>SMA21 | Acima SMA50 | MACD- | Bônus tendência | Macro -1 | MTF BAIXA (2/3) [maior:↑ medio:↓ menor:↓],0.042,-2.0
2026-09-28 12:46:44,BTC,83443.81,32.9,-6,🔴 VENDER,-0.09,📉 QUEDA,-1,RSI 33 sobrevendido (atenuado) | SMA9<SMA21 | Abaixo SMA50 | MACD- | Penalidade tendência | Macro -1 | MTF BAIXA (2/3) [maior:↓ medio:↓ menor:↑],0.032,-2.0
2026-09-28 12:46:44,ETH,2684.73,48.6,-4,🔴 VENDER,-1.49,📉 QUEDA,-1,RSI 49 neutro | SMA9<SMA21 | Acima SMA50 | MACD+ | Macro -1 | LSTM -1.5% | MTF BAIXA (2/3) [maior:↓ medio:↓ menor:↑],-0.01,-2.0
2026-09-28 12:46:44,SOL,119.91,35.9,-7,🔴🔴 VENDA FORTE,0.2,📈 ALTA,-1,RSI 36 baixo (atenuado) | SMA9<SMA21 | Abaixo SMA50 | MACD- | Penalidade tendência | Macro -1 | MTF BAIXA (2/3) [maior:↓ medio:↓ menor:↑],-0.023,-2.0
2026-09-28 12:46:44,BNB,769.2,36.2,-7,🔴🔴 VENDA FORTE,-0.43,📉 QUEDA,-1,RSI 36 baixo (atenuado) | SMA9<SMA21 | Abaixo SMA50 | MACD- | Penalidade tendência | Macro -1 | MTF BAIXA (2/3) [maior:↓ medio:↓ menor:↑],0.0,-2.0
2026-09-28 12:46:44,ADA,0.2528,45.8,0,🚫 BLOQUEADO,-3.25,📉 QUEDA,-1,LSTM -3.2% (queda forte),0.0,-2.0
2026-09-28 12:46:44,PETR4,48.07,55.2,-2,🟡 AGUARDAR,0.71,📈 ALTA,-1,RSI 55 alto (atenuado) | SMA9>SMA21 | Acima SMA50 | MACD- | Bônus tendência | Macro -1 | MTF BAIXA (2/3) [maior:↑ medio:↓ menor:↓],0.001,-2.0
2026-09-28 12:46:44,VALE3,70.77,18.9,-1,🟡 AGUARDAR,4.68,📈 ALTA,-1,RSI 19 sobrevendido | SMA9<SMA21 | Abaixo SMA50 | MACD- | Macro -1 | LSTM +4.7% | MTF BAIXA (3/3) [maior:↓ medio:↓ menor:↓],0.022,-2.0
2026-09-28 12:46:44,ITUB4,42.13,51.8,-2,🟡 AGUARDAR,-0.83,📉 QUEDA,-1,RSI 52 neutro | SMA9>SMA21 | Acima SMA50 | MACD- | Macro -1 | MTF BAIXA (2/3) [maior:↑ medio:↓ menor:↓],0.003,-2.0
2026-09-28 12:46:44,BBAS3,21.59,40.2,2,🟢 COMPRAR (conf.),2.8,📈 ALTA,-1,RSI 40 baixo | SMA9>SMA21 | Acima SMA50 | MACD- | Bônus tendência | Macro -1 | LSTM +2.8% | MTF BAIXA (2/3) [maior:↑ medio:↓ menor:↓],0.008,-2.0
2026-09-28 12:46:44,WEGE3,51.07,45.8,-1,🟡 AGUARDAR,0.42,📈 ALTA,-1,RSI 46 neutro | SMA9>SMA21 | Acima SMA50 | MACD- | Bônus tendência | Macro -1 | MTF BAIXA (2/3) [maior:↑ medio:↓ menor:↓],0.042,-2.0
2026-09-28 13:11:49,BTC,83319.19,36.6,-5,🔴 VENDER,-0.01,📉 QUEDA,-1,RSI 37 baixo (atenuado) | SMA9<SMA21 | Abaixo SMA50 | MACD+ | Penalidade tendência | Macro -1 | MTF BAIXA (2/3) [maior:↓ medio:↓ menor:↑],0.032,-2.0
2026-09-28 13:11:49,ETH,2682.08,53.4,-7,🔴🔴 VENDA FORTE,-1.11,📉 QUEDA,-1,RSI 53 neutro | SMA9<SMA21 | Abaixo SMA50 | MACD+ | Penalidade tendência | Macro -1 | LSTM -1.1% | MTF BAIXA (2/3) [maior:↓ medio:↓ menor:↑],-0.01,-2.0
2026-09-28 13:11:49,SOL,119.47,35.9,-5,🔴 VENDER,0.5,📈 ALTA,-1,RSI 36 baixo (atenuado) | SMA9<SMA21 | Abaixo SMA50 | MACD+ | Penalidade tendência | Macro -1 | MTF BAIXA (2/3) [maior:↓ medio:↓ menor:↑],-0.023,-2.0
2026-09-28 13:11:49,BNB,766.03,33.9,-6,🔴 VENDER,-0.08,📉 QUEDA,-1,RSI 34 sobrevendido (atenuado) | SMA9<SMA21 | Abaixo SMA50 | MACD- | Penalidade tendência | Macro -1 | MTF BAIXA (2/3) [maior:↓ medio:↓ menor:↑],0.0,-2.0
2026-09-28 13:11:49,ADA,0.2496,41.4,-7,🔴🔴 VENDA FORTE,-1.74,📉 QUEDA,-1,RSI 41 baixo (atenuado) | SMA9<SMA21 | Abaixo SMA50 | MACD+ | Penalidade tendência | Macro -1 | LSTM -1.7% | MTF BAIXA (2/3) [maior:↓ medio:↓ menor:↑],0.0,-2.0
2026-09-28 13:11:49,PETR4,48.07,55.2,0,🟡 AGUARDAR,0.71,📈 ALTA,-1,RSI 55 alto (atenuado) | SMA9>SMA21 | Acima SMA50 | MACD- | Bônus tendência | Macro -1,0.001,0.0
2026-09-28 13:11:49,VALE3,70.77,18.9,-1,🟡 AGUARDAR,4.68,📈 ALTA,-1,RSI 19 sobrevendido | SMA9<SMA21 | Abaixo SMA50 | MACD- | Macro -1 | LSTM +4.7% | MTF BAIXA (2/2) [maior:↓ medio:↓],0.022,-2.0
2026-09-28 13:11:49,ITUB4,42.13,51.8,0,🟡 AGUARDAR,-0.83,📉 QUEDA,-1,RSI 52 neutro | SMA9>SMA21 | Acima SMA50 | MACD- | Macro -1,0.003,0.0
2026-09-28 13:11:49,BBAS3,21.59,40.2,4,🟢 COMPRAR,2.8,📈 ALTA,-1,RSI 40 baixo | SMA9>SMA21 | Acima SMA50 | MACD- | Bônus tendência | Macro -1 | LSTM +2.8%,0.008,0.0
2026-09-28 13:11:49,WEGE3,51.07,45.8,1,🟡 AGUARDAR,0.42,📈 ALTA,-1,RSI 46 neutro | SMA9>SMA21 | Acima SMA50 | MACD- | Bônus tendência | Macro -1,0.042,0.0
2026-09-28 13:31:13,BTC,83486.06,38.8,-5,🔴 VENDER,-0.2,📉 QUEDA,-1,RSI 39 baixo (atenuado) | SMA9<SMA21 | Abaixo SMA50 | MACD+ | Penalidade tendência | Macro -1 | MTF BAIXA (2/3) [maior:↓ medio:↓ menor:↑],0.032,-2.0
2026-09-28 13:31:13,ETH,2685.68,55.2,-5,🔴 VENDER,-1.22,📉 QUEDA,-1,RSI 55 alto | SMA9<SMA21 | Acima SMA50 | MACD+ | Macro -1 | LSTM -1.2% | MTF BAIXA (2/3) [maior:↓ medio:↓ menor:↑],-0.01,-2.0
2026-09-28 13:31:13,SOL,119.68,36.6,-5,🔴 VENDER,0.34,📈 ALTA,-1,RSI 37 baixo (atenuado) | SMA9<SMA21 | Abaixo SMA50 | MACD+ | Penalidade tendência | Macro -1 | MTF BAIXA (2/3) [maior:↓ medio:↓ menor:↑],-0.023,-2.0
2026-09-28 13:31:13,BNB,765.6,33.2,-6,🔴 VENDER,-0.03,📉 QUEDA,-1,RSI 33 sobrevendido (atenuado) | SMA9<SMA21 | Abaixo SMA50 | MACD- | Penalidade tendência | Macro -1 | MTF BAIXA (2/3) [maior:↓ medio:↓ menor:↑],0.0,-2.0
2026-09-28 13:31:13,ADA,0.2494,40.9,-7,🔴🔴 VENDA FORTE,-1.68,📉 QUEDA,-1,RSI 41 baixo (atenuado) | SMA9<SMA21 | Abaixo SMA50 | MACD+ | Penalidade tendência | Macro -1 | LSTM -1.7% | MTF BAIXA (2/3) [maior:↓ medio:↓ menor:↑],0.0,-2.0
2026-09-28 13:31:13,PETR4,48.5,52.3,-1,🟡 AGUARDAR,-0.47,📉 QUEDA,-1,RSI 52 neutro | SMA9>SMA21 | Acima SMA50 | MACD- | Bônus tendência | Macro -1 | MTF BAIXA (2/3) [maior:↑ medio:↓ menor:↓],0.001,-2.0
2026-09-28 13:31:13,VALE3,69.97,15.2,-1,🟡 AGUARDAR,5.47,📈 ALTA,-1,RSI 15 sobrevendido | SMA9<SMA21 | Abaixo SMA50 | MACD- | Macro -1 | LSTM +5.5% | MTF BAIXA (3/3) [maior:↓ medio:↓ menor:↓],0.022,-2.0
2026-09-28 13:31:13,ITUB4,41.69,43.7,-1,🟡 AGUARDAR,0.34,📈 ALTA,-1,RSI 44 baixo | SMA9>SMA21 | Acima SMA50 | MACD- | Macro -1 | MTF BAIXA (2/3) [maior:↑ medio:↓ menor:↓],0.003,-2.0
2026-09-28 13:31:13,BBAS3,21.3,36.9,2,🟢 COMPRAR (conf.),3.0,📈 ALTA,-1,RSI 37 baixo | SMA9>SMA21 | Acima SMA50 | MACD- | Bônus tendência | Macro -1 | LSTM +3.0% | MTF BAIXA (2/3) [maior:↑ medio:↓ menor:↓],0.008,-2.0
2026-09-28 13:31:13,WEGE3,50.72,37.1,2,🟢 COMPRAR (conf.),1.11,📈 ALTA,-1,RSI 37 baixo | SMA9>SMA21 | Acima SMA50 | MACD- | Bônus tendência | Macro -1 | LSTM +1.1% | MTF BAIXA (2/3) [maior:↑ medio:↓ menor:↓],0.042,-2.0
2026-09-28 13:57:40,BTC,83659.2,41.8,-5,🔴 VENDER,-0.41,📉 QUEDA,-1,RSI 42 baixo (atenuado) | SMA9<SMA21 | Abaixo SMA50 | MACD+ | Penalidade tendência | Macro -1 | MTF BAIXA (2/2) [maior:↓ medio:↓],0.032,-2.0
2026-09-28 13:57:40,ETH,2691.7,58.0,-5,🔴 VENDER,-1.43,📉 QUEDA,-1,RSI 58 alto | SMA9<SMA21 | Acima SMA50 | MACD+ | Macro -1 | LSTM -1.4% | MTF BAIXA (2/3) [maior:↓ medio:↓ menor:↑],-0.01,-2.0
2026-09-28 13:57:40,SOL,119.92,37.8,-5,🔴 VENDER,0.15,📈 ALTA,-1,RSI 38 baixo (atenuado) | SMA9<SMA21 | Abaixo SMA50 | MACD+ | Penalidade tendência | Macro -1 | MTF BAIXA (2/3) [maior:↓ medio:↓ menor:↑],-0.023,-2.0
2026-09-28 13:57:40,BNB,767.23,34.6,-4,🔴 VENDER,-0.23,📉 QUEDA,-1,RSI 35 sobrevendido (atenuado) | SMA9<SMA21 | Abaixo SMA50 | MACD+ | Penalidade tendência | Macro -1 | MTF BAIXA (2/3) [maior:↓ medio:↓ menor:↑],0.0,-2.0
2026-09-28 13:57:40,ADA,0.2498,41.7,-7,🔴🔴 VENDA FORTE,-1.84,📉 QUEDA,-1,RSI 42 baixo (atenuado) | SMA9<SMA21 | Abaixo SMA50 | MACD+ | Penalidade tendência | Macro -1 | LSTM -1.8% | MTF BAIXA (2/3) [maior:↓ medio:↓ menor:↑],0.0,-2.0
2026-09-28 13:57:40,PETR4,48.54,52.6,-1,🟡 AGUARDAR,-0.55,📉 QUEDA,-1,RSI 53 neutro | SMA9>SMA21 | Acima SMA50 | MACD- | Bônus tendência | Macro -1 | MTF BAIXA (2/3) [maior:↑ medio:↓ menor:↓],0.001,-2.0
2026-09-28 13:57:40,VALE3,70.12,15.4,-1,🟡 AGUARDAR,5.24,📈 ALTA,-1,RSI 15 sobrevendido | SMA9<SMA21 | Abaixo SMA50 | MACD- | Macro -1 | LSTM +5.2% | MTF BAIXA (3/3) [maior:↓ medio:↓ menor:↓],0.022,-2.0
2026-09-28 13:57:40,ITUB4,41.68,43.6,-1,🟡 AGUARDAR,0.36,📈 ALTA,-1,RSI 44 baixo | SMA9>SMA21 | Acima SMA50 | MACD- | Macro -1 | MTF BAIXA (2/3) [maior:↑ medio:↓ menor:↓],0.003,-2.0
2026-09-28 13:57:40,BBAS3,21.58,39.1,2,🟢 COMPRAR (conf.),1.67,📈 ALTA,-1,RSI 39 baixo | SMA9>SMA21 | Acima SMA50 | MACD- | Bônus tendência | Macro -1 | LSTM +1.7% | MTF BAIXA (2/3) [maior:↑ medio:↓ menor:↓],0.008,-2.0
2026-09-28 13:57:40,WEGE3,51.04,38.7,0,🟡 AGUARDAR,0.48,📈 ALTA,-1,RSI 39 baixo | SMA9>SMA21 | Acima SMA50 | MACD- | Bônus tendência | Macro -1 | MTF BAIXA (2/3) [maior:↑ medio:↓ menor:↓],0.042,-2.0
2026-09-28 14:16:08,BTC,83346.04,43.6,-5,🔴 VENDER,-0.08,📉 QUEDA,-1,RSI 44 baixo (atenuado) | SMA9<SMA21 | Abaixo SMA50 | MACD+ | Penalidade tendência | Macro -1 | MTF BAIXA (2/3) [maior:↓ medio:↓ menor:↑],0.032,-2.0
2026-09-28 14:16:08,ETH,2678.91,60.6,-6,🔴 VENDER,-0.69,📉 QUEDA,-1,RSI 61 alto | SMA9<SMA21 | Abaixo SMA50 | MACD+ | Penalidade tendência | Macro -1 | MTF BAIXA (2/3) [maior:↓ medio:↓ menor:↑],-0.01,-2.0
2026-09-28 14:16:08,SOL,119.1,38.6,-5,🔴 VENDER,0.79,📈 ALTA,-1,RSI 39 baixo (atenuado) | SMA9<SMA21 | Abaixo SMA50 | MACD+ | Penalidade tendência | Macro -1 | MTF BAIXA (2/3) [maior:↓ medio:↓ menor:↑],-0.023,-2.0
2026-09-28 14:16:08,BNB,763.13,35.0,-6,🔴 VENDER,0.25,📈 ALTA,-1,RSI 35 sobrevendido (atenuado) | SMA9<SMA21 | Abaixo SMA50 | MACD- | Penalidade tendência | Macro -1 | MTF BAIXA (2/3) [maior:↓ medio:↓ menor:↑],0.0,-2.0
2026-09-28 14:16:08,ADA,0.2461,37.5,-5,🔴 VENDER,-0.15,📉 QUEDA,-1,RSI 37 baixo (atenuado) | SMA9<SMA21 | Abaixo SMA50 | MACD+ | Penalidade tendência | Macro -1 | MTF BAIXA (2/3) [maior:↓ medio:↓ menor:↑],0.0,-2.0
2026-09-28 14:16:08,PETR4,48.58,52.8,-1,🟡 AGUARDAR,-0.63,📉 QUEDA,-1,RSI 53 neutro | SMA9>SMA21 | Acima SMA50 | MACD- | Bônus tendência | Macro -1 | MTF BAIXA (2/3) [maior:↑ medio:↓ menor:↓],0.001,-2.0
2026-09-28 14:16:08,VALE3,70.34,15.7,-1,🟡 AGUARDAR,4.91,📈 ALTA,-1,RSI 16 sobrevendido | SMA9<SMA21 | Abaixo SMA50 | MACD- | Macro -1 | LSTM +4.9% | MTF BAIXA (3/3) [maior:↓ medio:↓ menor:↓],0.022,-2.0
2026-09-28 14:16:08,ITUB4,41.56,42.8,-1,🟡 AGUARDAR,0.65,📈 ALTA,-1,RSI 43 baixo | SMA9>SMA21 | Acima SMA50 | MACD- | Macro -1 | MTF BAIXA (2/3) [maior:↑ medio:↓ menor:↓],0.003,-2.0
2026-09-28 14:16:08,BBAS3,21.42,37.8,2,🟢 COMPRAR (conf.),2.43,📈 ALTA,-1,RSI 38 baixo | SMA9>SMA21 | Acima SMA50 | MACD- | Bônus tendência | Macro -1 | LSTM +2.4% | MTF BAIXA (2/3) [maior:↑ medio:↓ menor:↓],0.008,-2.0
2026-09-28 14:16:08,WEGE3,50.62,36.6,2,🟢 COMPRAR (conf.),1.31,📈 ALTA,-1,RSI 37 baixo | SMA9>SMA21 | Acima SMA50 | MACD- | Bônus tendência | Macro -1 | LSTM +1.3% | MTF BAIXA (2/3) [maior:↑ medio:↓ menor:↓],0.042,-2.0
2026-09-28 14:44:36,BTC,82891.91,37.4,-7,🔴🔴 VENDA FORTE,0.45,📈 ALTA,-1,RSI 37 baixo (atenuado) | SMA9<SMA21 | Abaixo SMA50 | MACD- | Penalidade tendência | Macro -1 | MTF BAIXA (2/3) [maior:↓ medio:↓ menor:↑],0.032,-2.0
2026-09-28 14:44:36,ETH,2662.57,52.1,-5,🔴 VENDER,-0.17,📉 QUEDA,-1,RSI 52 neutro | SMA9<SMA21 | Abaixo SMA50 | MACD+ | Penalidade tendência | Macro -1 | MTF BAIXA (2/3) [maior:↓ medio:↓ menor:↑],-0.01,-2.0
2026-09-28 14:44:36,SOL,118.11,34.4,-4,🔴 VENDER,1.58,📈 ALTA,-1,RSI 34 sobrevendido (atenuado) | SMA9<SMA21 | Abaixo SMA50 | MACD- | Penalidade tendência | Macro -1 | LSTM +1.6% | MTF BAIXA (2/3) [maior:↓ medio:↓ menor:↑],-0.023,-2.0
2026-09-28 14:44:36,BNB,759.28,32.1,-6,🔴 VENDER,0.72,📈 ALTA,-1,RSI 32 sobrevendido (atenuado) | SMA9<SMA21 | Abaixo SMA50 | MACD- | Penalidade tendência | Macro -1 | MTF BAIXA (2/3) [maior:↓ medio:↓ menor:↑],0.0,-2.0
2026-09-28 14:44:36,ADA,0.2418,33.1,-4,🔴 VENDER,1.33,📈 ALTA,-1,RSI 33 sobrevendido (atenuado) | SMA9<SMA21 | Abaixo SMA50 | MACD- | Penalidade tendência | Macro -1 | LSTM +1.3% | MTF BAIXA (2/3) [maior:↓ medio:↓ menor:↑],0.0,-2.0
2026-09-28 14:44:36,PETR4,48.87,54.3,-3,🔴 VENDER,-1.22,📉 QUEDA,-1,RSI 54 neutro | SMA9>SMA21 | Acima SMA50 | MACD- | Bônus tendência | Macro -1 | LSTM -1.2% | MTF BAIXA (2/3) [maior:↑ medio:↓ menor:↓],0.001,-2.0
2026-09-28 14:44:36,VALE3,70.89,17.0,-1,🟡 AGUARDAR,4.1,📈 ALTA,-1,RSI 17 sobrevendido | SMA9<SMA21 | Abaixo SMA50 | MACD- | Macro -1 | LSTM +4.1% | MTF BAIXA (3/3) [maior:↓ medio:↓ menor:↓],0.022,-2.0
2026-09-28 14:44:36,ITUB4,42.03,46.4,-2,🟡 AGUARDAR,-0.48,📉 QUEDA,-1,RSI 46 neutro | SMA9>SMA21 | Acima SMA50 | MACD- | Macro -1 | MTF BAIXA (2/3) [maior:↑ medio:↓ menor:↓],0.003,-2.0
2026-09-28 14:44:36,BBAS3,21.71,40.7,2,🟢 COMPRAR (conf.),1.06,📈 ALTA,-1,RSI 41 baixo | SMA9>SMA21 | Acima SMA50 | MACD- | Bônus tendência | Macro -1 | LSTM +1.1% | MTF BAIXA (2/3) [maior:↑ medio:↓ menor:↓],0.008,-2.0
2026-09-28 14:44:36,WEGE3,51.32,41.0,0,🟡 AGUARDAR,-0.07,📉 QUEDA,-1,RSI 41 baixo | SMA9>SMA21 | Acima SMA50 | MACD- | Bônus tendência | Macro -1 | MTF BAIXA (2/3) [maior:↑ medio:↓ menor:↓],0.042,-2.0
2026-09-28 15:00:45,BTC,83056.95,39.8,-5,🔴 VENDER,0.25,📈 ALTA,-1,RSI 40 baixo (atenuado) | SMA9<SMA21 | Abaixo SMA50 | MACD+ | Penalidade tendência | Macro -1 | MTF BAIXA (2/3) [maior:↓ medio:↓ menor:↑],0.032,-2.0
2026-09-28 15:00:45,ETH,2668.53,55.0,-5,🔴 VENDER,-0.36,📉 QUEDA,-1,RSI 55 neutro | SMA9<SMA21 | Abaixo SMA50 | MACD+ | Penalidade tendência | Macro -1 | MTF BAIXA (2/3) [maior:↓ medio:↓ menor:↑],-0.01,-2.0
2026-09-28 15:00:45,SOL,118.24,35.3,-5,🔴 VENDER,1.47,📈 ALTA,-1,RSI 35 baixo (atenuado) | SMA9<SMA21 | Abaixo SMA50 | MACD- | Penalidade tendência | Macro -1 | LSTM +1.5% | MTF BAIXA (2/3) [maior:↓ medio:↓ menor:↑],-0.023,-2.0
2026-09-28 15:00:45,BNB,759.0,31.7,-6,🔴 VENDER,0.76,📈 ALTA,-1,RSI 32 sobrevendido (atenuado) | SMA9<SMA21 | Abaixo SMA50 | MACD- | Penalidade tendência | Macro -1 | MTF BAIXA (3/3) [maior:↓ medio:↓ menor:↓],0.0,-2.0
2026-09-28 15:00:45,ADA,0.242,34.2,-4,🔴 VENDER,1.26,📈 ALTA,-1,RSI 34 sobrevendido (atenuado) | SMA9<SMA21 | Abaixo SMA50 | MACD- | Penalidade tendência | Macro -1 | LSTM +1.3% | MTF BAIXA (3/3) [maior:↓ medio:↓ menor:↓],0.0,-2.0
2026-09-28 15:00:45,PETR4,48.98,54.8,-3,🔴 VENDER,-1.45,📉 QUEDA,-1,RSI 55 neutro | SMA9>SMA21 | Acima SMA50 | MACD- | Bônus tendência | Macro -1 | LSTM -1.4% | MTF BAIXA (2/3) [maior:↑ medio:↓ menor:↓],0.001,-2.0
2026-09-28 15:00:45,VALE3,70.52,15.9,-1,🟡 AGUARDAR,4.65,📈 ALTA,-1,RSI 16 sobrevendido | SMA9<SMA21 | Abaixo SMA50 | MACD- | Macro -1 | LSTM +4.7% | MTF BAIXA (3/3) [maior:↓ medio:↓ menor:↓],0.022,-2.0
2026-09-28 15:00:45,ITUB4,41.96,45.8,-2,🟡 AGUARDAR,-0.31,📉 QUEDA,-1,RSI 46 neutro | SMA9>SMA21 | Acima SMA50 | MACD- | Macro -1 | MTF BAIXA (2/3) [maior:↑ medio:↓ menor:↓],0.003,-2.0
2026-09-28 15:00:45,BBAS3,21.61,39.4,2,🟢 COMPRAR (conf.),1.53,📈 ALTA,-1,RSI 39 baixo | SMA9>SMA21 | Acima SMA50 | MACD- | Bônus tendência | Macro -1 | LSTM +1.5% | MTF BAIXA (2/3) [maior:↑ medio:↓ menor:↓],0.008,-2.0
2026-09-28 15:00:45,WEGE3,51.08,39.0,0,🟡 AGUARDAR,0.4,📈 ALTA,-1,RSI 39 baixo | SMA9>SMA21 | Acima SMA50 | MACD- | Bônus tendência | Macro -1 | MTF BAIXA (2/3) [maior:↑ medio:↓ menor:↓],0.042,-2.0
2026-09-28 15:22:33,BTC,82901.06,41.1,-7,🔴🔴 VENDA FORTE,0.38,📈 ALTA,-1,RSI 41 baixo (atenuado) | SMA9<SMA21 | Abaixo SMA50 | MACD- | Penalidade tendência | Macro -1 | MTF BAIXA (3/3) [maior:↓ medio:↓ menor:↓],0.032,-2.0
2026-09-28 15:22:33,ETH,2659.63,53.0,-5,🔴 VENDER,0.09,📈 ALTA,-1,RSI 53 neutro | SMA9<SMA21 | Abaixo SMA50 | MACD+ | Penalidade tendência | Macro -1 | MTF BAIXA (3/3) [maior:↓ medio:↓ menor:↓],-0.01,-2.0
2026-09-28 15:22:33,SOL,117.91,36.4,-5,🔴 VENDER,1.64,📈 ALTA,-1,RSI 36 baixo (atenuado) | SMA9<SMA21 | Abaixo SMA50 | MACD- | Penalidade tendência | Macro -1 | LSTM +1.6% | MTF BAIXA (3/3) [maior:↓ medio:↓ menor:↓],-0.023,-2.0
2026-09-28 15:22:33,BNB,758.23,33.0,-6,🔴 VENDER,0.76,📈 ALTA,-1,RSI 33 sobrevendido (atenuado) | SMA9<SMA21 | Abaixo SMA50 | MACD- | Penalidade tendência | Macro -1 | MTF BAIXA (3/3) [maior:↓ medio:↓ menor:↓],0.0,-2.0
2026-09-28 15:22:33,ADA,0.2413,34.9,-4,🔴 VENDER,1.28,📈 ALTA,-1,RSI 35 sobrevendido (atenuado) | SMA9<SMA21 | Abaixo SMA50 | MACD- | Penalidade tendência | Macro -1 | LSTM +1.3% | MTF BAIXA (3/3) [maior:↓ medio:↓ menor:↓],0.0,-2.0
2026-09-28 15:22:33,PETR4,49.16,55.7,-4,🔴 VENDER,-1.81,📉 QUEDA,-1,RSI 56 alto (atenuado) | SMA9>SMA21 | Acima SMA50 | MACD- | Bônus tendência | Macro -1 | LSTM -1.8% | MTF BAIXA (2/3) [maior:↑ medio:↓ menor:↓],0.001,-2.0
2026-09-28 15:22:33,VALE3,70.32,15.6,-1,🟡 AGUARDAR,4.94,📈 ALTA,-1,RSI 16 sobrevendido | SMA9<SMA21 | Abaixo SMA50 | MACD- | Macro -1 | LSTM +4.9% | MTF BAIXA (3/3) [maior:↓ medio:↓ menor:↓],0.022,-2.0
2026-09-28 15:22:33,ITUB4,41.86,45.0,-2,🟡 AGUARDAR,-0.07,📉 QUEDA,-1,RSI 45 neutro | SMA9>SMA21 | Acima SMA50 | MACD- | Macro -1 | MTF BAIXA (2/3) [maior:↑ medio:↓ menor:↓],0.003,-2.0
2026-09-28 15:22:33,BBAS3,21.58,39.1,2,🟢 COMPRAR (conf.),1.67,📈 ALTA,-1,RSI 39 baixo | SMA9>SMA21 | Acima SMA50 | MACD- | Bônus tendência | Macro -1 | LSTM +1.7% | MTF BAIXA (2/3) [maior:↑ medio:↓ menor:↓],0.008,-2.0
2026-09-28 15:22:33,WEGE3,50.87,37.8,0,🟡 AGUARDAR,0.82,📈 ALTA,-1,RSI 38 baixo | SMA9>SMA21 | Acima SMA50 | MACD- | Bônus tendência | Macro -1 | MTF BAIXA (2/3) [maior:↑ medio:↓ menor:↓],0.042,-2.0
2026-09-28 15:43:39,BTC,83201.06,46.6,-5,🔴 VENDER,0.03,📈 ALTA,-1,RSI 47 neutro | SMA9<SMA21 | Abaixo SMA50 | MACD+ | Penalidade tendência | Macro -1 | MTF BAIXA (3/3) [maior:↓ medio:↓ menor:↓],0.032,-2.0
2026-09-28 15:43:39,ETH,2675.24,59.7,-4,🔴 VENDER,-0.41,📉 QUEDA,-1,RSI 60 alto | SMA9>SMA21 | Abaixo SMA50 | MACD+ | Penalidade tendência | Macro -1 | MTF BAIXA (2/3) [maior:↓ medio:↑ menor:↓],-0.01,-2.0
2026-09-28 15:43:39,SOL,118.42,40.1,-5,🔴 VENDER,1.23,📈 ALTA,-1,RSI 40 baixo (atenuado) | SMA9<SMA21 | Abaixo SMA50 | MACD- | Penalidade tendência | Macro -1 | LSTM +1.2% | MTF BAIXA (3/3) [maior:↓ medio:↓ menor:↓],-0.023,-2.0
2026-09-28 15:43:39,BNB,762.0,38.8,-7,🔴🔴 VENDA FORTE,0.29,📈 ALTA,-1,RSI 39 baixo (atenuado) | SMA9<SMA21 | Abaixo SMA50 | MACD- | Penalidade tendência | Macro -1 | MTF BAIXA (3/3) [maior:↓ medio:↓ menor:↓],0.0,-2.0
2026-09-28 15:43:39,ADA,0.2439,39.2,-7,🔴🔴 VENDA FORTE,0.37,📈 ALTA,-1,RSI 39 baixo (atenuado) | SMA9<SMA21 | Abaixo SMA50 | MACD- | Penalidade tendência | Macro -1 | MTF BAIXA (3/3) [maior:↓ medio:↓ menor:↓],0.0,-2.0
2026-09-28 15:43:39,PETR4,49.18,55.8,-4,🔴 VENDER,-1.85,📉 QUEDA,-1,RSI 56 alto (atenuado) | SMA9>SMA21 | Acima SMA50 | MACD- | Bônus tendência | Macro -1 | LSTM -1.9% | MTF BAIXA (2/3) [maior:↑ medio:↓ menor:↓],0.001,-2.0
2026-09-28 15:43:39,VALE3,70.7,16.1,-1,🟡 AGUARDAR,4.38,📈 ALTA,-1,RSI 16 sobrevendido | SMA9<SMA21 | Abaixo SMA50 | MACD- | Macro -1 | LSTM +4.4% | MTF BAIXA (3/3) [maior:↓ medio:↓ menor:↓],0.022,-2.0
2026-09-28 15:43:39,ITUB4,41.66,43.5,-1,🟡 AGUARDAR,0.41,📈 ALTA,-1,RSI 43 baixo | SMA9>SMA21 | Acima SMA50 | MACD- | Macro -1 | MTF BAIXA (2/3) [maior:↑ medio:↓ menor:↓],0.003,-2.0
2026-09-28 15:43:39,BBAS3,21.56,38.9,2,🟢 COMPRAR (conf.),1.76,📈 ALTA,-1,RSI 39 baixo | SMA9>SMA21 | Acima SMA50 | MACD- | Bônus tendência | Macro -1 | LSTM +1.8% | MTF BAIXA (2/3) [maior:↑ medio:↓ menor:↓],0.008,-2.0
2026-09-28 15:43:39,WEGE3,50.76,37.3,2,🟢 COMPRAR (conf.),1.03,📈 ALTA,-1,RSI 37 baixo | SMA9>SMA21 | Acima SMA50 | MACD- | Bônus tendência | Macro -1 | LSTM +1.0% | MTF BAIXA (2/3) [maior:↑ medio:↓ menor:↓],0.042,-2.0
2026-09-28 15:59:03,BTC,83344.43,49.0,-5,🔴 VENDER,-0.14,📉 QUEDA,-1,RSI 49 neutro | SMA9<SMA21 | Abaixo SMA50 | MACD+ | Penalidade tendência | Macro -1 | MTF BAIXA (3/3) [maior:↓ medio:↓ menor:↓],0.032,-2.0
2026-09-28 15:59:03,ETH,2677.46,60.1,-4,🔴 VENDER,-0.5,📉 QUEDA,-1,RSI 60 alto | SMA9>SMA21 | Abaixo SMA50 | MACD+ | Penalidade tendência | Macro -1 | MTF BAIXA (2/3) [maior:↓ medio:↑ menor:↓],-0.01,-2.0
2026-09-28 15:59:03,SOL,118.7,42.0,-7,🔴🔴 VENDA FORTE,0.99,📈 ALTA,-1,RSI 42 baixo (atenuado) | SMA9<SMA21 | Abaixo SMA50 | MACD- | Penalidade tendência | Macro -1 | MTF BAIXA (3/3) [maior:↓ medio:↓ menor:↓],-0.023,-2.0
2026-09-28 15:59:03,BNB,762.85,39.7,-7,🔴🔴 VENDA FORTE,0.18,📈 ALTA,-1,RSI 40 baixo (atenuado) | SMA9<SMA21 | Abaixo SMA50 | MACD- | Penalidade tendência | Macro -1 | MTF BAIXA (3/3) [maior:↓ medio:↓ menor:↓],0.0,-2.0
2026-09-28 15:59:03,ADA,0.2444,40.2,-7,🔴🔴 VENDA FORTE,0.15,📈 ALTA,-1,RSI 40 baixo (atenuado) | SMA9<SMA21 | Abaixo SMA50 | MACD- | Penalidade tendência | Macro -1 | MTF BAIXA (3/3) [maior:↓ medio:↓ menor:↓],0.0,-2.0
2026-09-28 15:59:03,PETR4,49.08,55.3,-4,🔴 VENDER,-1.65,📉 QUEDA,-1,RSI 55 alto (atenuado) | SMA9>SMA21 | Acima SMA50 | MACD- | Bônus tendência | Macro -1 | LSTM -1.6% | MTF BAIXA (2/3) [maior:↑ medio:↓ menor:↓],0.001,-2.0
2026-09-28 15:59:03,VALE3,70.67,16.1,-1,🟡 AGUARDAR,4.42,📈 ALTA,-1,RSI 16 sobrevendido | SMA9<SMA21 | Abaixo SMA50 | MACD- | Macro -1 | LSTM +4.4% | MTF BAIXA (3/3) [maior:↓ medio:↓ menor:↓],0.022,-2.0
2026-09-28 15:59:03,ITUB4,41.72,43.9,-1,🟡 AGUARDAR,0.26,📈 ALTA,-1,RSI 44 baixo | SMA9>SMA21 | Acima SMA50 | MACD- | Macro -1 | MTF BAIXA (2/3) [maior:↑ medio:↓ menor:↓],0.003,-2.0
2026-09-28 15:59:03,BBAS3,21.57,39.0,2,🟢 COMPRAR (conf.),1.71,📈 ALTA,-1,RSI 39 baixo | SMA9>SMA21 | Acima SMA50 | MACD- | Bônus tendência | Macro -1 | LSTM +1.7% | MTF BAIXA (2/3) [maior:↑ medio:↓ menor:↓],0.008,-2.0
2026-09-28 15:59:03,WEGE3,50.61,36.5,2,🟢 COMPRAR (conf.),1.33,📈 ALTA,-1,RSI 37 baixo | SMA9>SMA21 | Acima SMA50 | MACD- | Bônus tendência | Macro -1 | LSTM +1.3% | MTF BAIXA (2/3) [maior:↑ medio:↓ menor:↓],0.042,-2.0
2026-09-28 16:20:16,BTC,83621.45,54.6,-5,🔴 VENDER,-0.5,📉 QUEDA,-1,RSI 55 neutro | SMA9<SMA21 | Abaixo SMA50 | MACD+ | Penalidade tendência | Macro -1 | MTF BAIXA (3/3) [maior:↓ medio:↓ menor:↓],0.032,-2.0
2026-09-28 16:20:16,ETH,2684.7,62.6,-1,🟡 AGUARDAR,-0.58,📉 QUEDA,-1,RSI 63 alto | SMA9>SMA21 | Acima SMA50 | MACD+ | Macro -1 | MTF BAIXA (2/3) [maior:↓ medio:↑ menor:↓],-0.01,-2.0
2026-09-28 16:20:16,SOL,119.32,47.1,-5,🔴 VENDER,0.42,📈 ALTA,-1,RSI 47 neutro | SMA9<SMA21 | Abaixo SMA50 | MACD+ | Penalidade tendência | Macro -1 | MTF BAIXA (3/3) [maior:↓ medio:↓ menor:↓],-0.023,-2.0
2026-09-28 16:20:16,BNB,766.46,45.3,-5,🔴 VENDER,-0.33,📉 QUEDA,-1,RSI 45 neutro | SMA9<SMA21 | Abaixo SMA50 | MACD+ | Penalidade tendência | Macro -1 | MTF BAIXA (3/3) [maior:↓ medio:↓ menor:↓],0.0,-2.0
2026-09-28 16:20:16,ADA,0.2465,45.4,-5,🔴 VENDER,-0.68,📉 QUEDA,-1,RSI 45 neutro | SMA9<SMA21 | Abaixo SMA50 | MACD+ | Penalidade tendência | Macro -1 | MTF BAIXA (3/3) [maior:↓ medio:↓ menor:↓],0.0,-2.0
2026-09-28 16:20:16,PETR4,49.09,55.4,-4,🔴 VENDER,-1.67,📉 QUEDA,-1,RSI 55 alto (atenuado) | SMA9>SMA21 | Acima SMA50 | MACD- | Bônus tendência | Macro -1 | LSTM -1.7% | MTF BAIXA (2/3) [maior:↑ medio:↓ menor:↓],0.001,-2.0
2026-09-28 16:20:16,VALE3,70.73,16.2,-1,🟡 AGUARDAR,4.33,📈 ALTA,-1,RSI 16 sobrevendido | SMA9<SMA21 | Abaixo SMA50 | MACD- | Macro -1 | LSTM +4.3% | MTF BAIXA (3/3) [maior:↓ medio:↓ menor:↓],0.022,-2.0
2026-09-28 16:20:16,ITUB4,41.74,44.1,-1,🟡 AGUARDAR,0.21,📈 ALTA,-1,RSI 44 baixo | SMA9>SMA21 | Acima SMA50 | MACD- | Macro -1 | MTF BAIXA (2/3) [maior:↑ medio:↓ menor:↓],0.003,-2.0
2026-09-28 16:20:16,BBAS3,21.59,39.2,2,🟢 COMPRAR (conf.),1.62,📈 ALTA,-1,RSI 39 baixo | SMA9>SMA21 | Acima SMA50 | MACD- | Bônus tendência | Macro -1 | LSTM +1.6% | MTF BAIXA (2/3) [maior:↑ medio:↓ menor:↓],0.008,-2.0
2026-09-28 16:20:16,WEGE3,50.53,36.2,0,🟡 AGUARDAR,1.49,📈 ALTA,-1,RSI 36 baixo | SMA9<SMA21 | Acima SMA50 | MACD- | Bônus tendência | Macro -1 | LSTM +1.5% | MTF BAIXA (3/3) [maior:↓ medio:↓ menor:↓],0.042,-2.0
2026-09-28 16:42:07,BTC,83707.01,55.5,-6,🔴 VENDER,-0.59,📉 QUEDA,-1,RSI 55 alto | SMA9<SMA21 | Abaixo SMA50 | MACD+ | Penalidade tendência | Macro -1 | MTF BAIXA (2/3) [maior:↓ medio:↓ menor:↑],0.032,-2.0
2026-09-28 16:42:07,ETH,2684.72,62.5,-1,🟡 AGUARDAR,-0.55,📉 QUEDA,-1,RSI 62 alto | SMA9>SMA21 | Acima SMA50 | MACD+ | Macro -1 | MTF BAIXA (2/3) [maior:↓ medio:↑ menor:↓],-0.01,-2.0
2026-09-28 16:42:07,SOL,119.38,47.5,-5,🔴 VENDER,0.38,📈 ALTA,-1,RSI 47 neutro | SMA9<SMA21 | Abaixo SMA50 | MACD+ | Penalidade tendência | Macro -1 | MTF BAIXA (3/3) [maior:↓ medio:↓ menor:↓],-0.023,-2.0
2026-09-28 16:42:07,BNB,767.17,46.2,-5,🔴 VENDER,-0.41,📉 QUEDA,-1,RSI 46 neutro | SMA9<SMA21 | Abaixo SMA50 | MACD+ | Penalidade tendência | Macro -1 | MTF BAIXA (3/3) [maior:↓ medio:↓ menor:↓],0.0,-2.0
2026-09-28 16:42:07,ADA,0.2459,44.6,-5,🔴 VENDER,-0.39,📉 QUEDA,-1,RSI 45 baixo (atenuado) | SMA9<SMA21 | Abaixo SMA50 | MACD+ | Penalidade tendência | Macro -1 | MTF BAIXA (3/3) [maior:↓ medio:↓ menor:↓],0.0,-2.0
2026-09-28 16:42:07,PETR4,48.71,53.5,-1,🟡 AGUARDAR,-0.9,📉 QUEDA,-1,RSI 53 neutro | SMA9>SMA21 | Acima SMA50 | MACD- | Bônus tendência | Macro -1 | MTF BAIXA (2/3) [maior:↑ medio:↓ menor:↓],0.001,-2.0
2026-09-28 16:42:07,VALE3,71.33,19.9,-1,🟡 AGUARDAR,3.46,📈 ALTA,-1,RSI 20 sobrevendido | SMA9<SMA21 | Abaixo SMA50 | MACD- | Macro -1 | LSTM +3.5% | MTF BAIXA (3/3) [maior:↓ medio:↓ menor:↓],0.022,-2.0
2026-09-28 16:42:07,ITUB4,42.08,46.8,-2,🟡 AGUARDAR,-0.59,📉 QUEDA,-1,RSI 47 neutro | SMA9>SMA21 | Acima SMA50 | MACD- | Macro -1 | MTF BAIXA (2/3) [maior:↑ medio:↓ menor:↓],0.003,-2.0
2026-09-28 16:42:07,BBAS3,21.79,41.7,0,🟡 AGUARDAR,0.69,📈 ALTA,-1,RSI 42 baixo | SMA9>SMA21 | Acima SMA50 | MACD- | Bônus tendência | Macro -1 | MTF BAIXA (2/3) [maior:↑ medio:↓ menor:↓],0.008,-2.0
2026-09-28 16:42:07,WEGE3,50.84,37.7,0,🟡 AGUARDAR,0.87,📈 ALTA,-1,RSI 38 baixo | SMA9>SMA21 | Acima SMA50 | MACD- | Bônus tendência | Macro -1 | MTF BAIXA (2/3) [maior:↑ medio:↓ menor:↓],0.042,-2.0
2026-09-28 16:57:34,BTC,83681.2,55.3,-6,🔴 VENDER,-0.57,📉 QUEDA,-1,RSI 55 alto | SMA9<SMA21 | Abaixo SMA50 | MACD+ | Penalidade tendência | Macro -1 | MTF BAIXA (2/3) [maior:↓ medio:↓ menor:↑],0.032,-2.0
2026-09-28 16:57:34,ETH,2686.34,63.1,-1,🟡 AGUARDAR,-0.61,📉 QUEDA,-1,RSI 63 alto | SMA9>SMA21 | Acima SMA50 | MACD+ | Macro -1 | MTF BAIXA (2/3) [maior:↓ medio:↑ menor:↓],-0.01,-2.0
2026-09-28 16:57:34,SOL,119.23,46.5,-5,🔴 VENDER,0.5,📈 ALTA,-1,RSI 47 neutro | SMA9<SMA21 | Abaixo SMA50 | MACD+ | Penalidade tendência | Macro -1 | MTF BAIXA (3/3) [maior:↓ medio:↓ menor:↓],-0.023,-2.0
2026-09-28 16:57:34,BNB,766.76,45.7,-5,🔴 VENDER,-0.36,📉 QUEDA,-1,RSI 46 neutro | SMA9<SMA21 | Abaixo SMA50 | MACD+ | Penalidade tendência | Macro -1 | MTF BAIXA (3/3) [maior:↓ medio:↓ menor:↓],0.0,-2.0
2026-09-28 16:57:34,ADA,0.2459,44.5,-5,🔴 VENDER,-0.42,📉 QUEDA,-1,RSI 44 baixo (atenuado) | SMA9<SMA21 | Abaixo SMA50 | MACD+ | Penalidade tendência | Macro -1 | MTF BAIXA (3/3) [maior:↓ medio:↓ menor:↓],0.0,-2.0
2026-09-28 16:57:34,PETR4,49.04,55.1,-4,🔴 VENDER,-1.57,📉 QUEDA,-1,RSI 55 alto (atenuado) | SMA9>SMA21 | Acima SMA50 | MACD- | Bônus tendência | Macro -1 | LSTM -1.6% | MTF BAIXA (2/3) [maior:↑ medio:↓ menor:↓],0.001,-2.0
2026-09-28 16:57:34,VALE3,70.98,17.6,-1,🟡 AGUARDAR,3.97,📈 ALTA,-1,RSI 18 sobrevendido | SMA9<SMA21 | Abaixo SMA50 | MACD- | Macro -1 | LSTM +4.0% | MTF BAIXA (3/3) [maior:↓ medio:↓ menor:↓],0.022,-2.0
2026-09-28 16:57:34,ITUB4,41.86,45.0,-2,🟡 AGUARDAR,-0.07,📉 QUEDA,-1,RSI 45 neutro | SMA9>SMA21 | Acima SMA50 | MACD- | Macro -1 | MTF BAIXA (2/3) [maior:↑ medio:↓ menor:↓],0.003,-2.0
2026-09-28 16:57:34,BBAS3,21.65,40.0,2,🟢 COMPRAR (conf.),1.34,📈 ALTA,-1,RSI 40 baixo | SMA9>SMA21 | Acima SMA50 | MACD- | Bônus tendência | Macro -1 | LSTM +1.3% | MTF BAIXA (2/3) [maior:↑ medio:↓ menor:↓],0.008,-2.0
2026-09-28 16:57:34,WEGE3,50.62,36.6,2,🟢 COMPRAR (conf.),1.31,📈 ALTA,-1,RSI 37 baixo | SMA9>SMA21 | Acima SMA50 | MACD- | Bônus tendência | Macro -1 | LSTM +1.3% | MTF BAIXA (2/3) [maior:↑ medio:↓ menor:↓],0.042,-2.0
2026-09-28 17:14:06,BTC,84104.33,58.6,1,🟡 AGUARDAR,-1.06,📉 QUEDA,-1,RSI 59 alto | SMA9>SMA21 | Acima SMA50 | MACD+ | Macro -1 | LSTM -1.1% | MTF ALTA (2/3) [maior:↓ medio:↑ menor:↑],0.032,2.0
2026-09-28 17:14:06,ETH,2712.04,67.8,-1,🟡 AGUARDAR,-1.3,📉 QUEDA,-1,RSI 68 sobrecomprado | SMA9>SMA21 | Acima SMA50 | MACD+ | Banda sup | Macro -1 | LSTM -1.3% | MTF ALTA (2/3) [maior:↓ medio:↑ menor:↑],-0.01,2.0
2026-09-28 17:14:06,SOL,120.07,50.6,-5,🔴 VENDER,-0.2,📉 QUEDA,-1,RSI 51 neutro | SMA9<SMA21 | Abaixo SMA50 | MACD+ | Penalidade tendência | Macro -1 | MTF BAIXA (3/3) [maior:↓ medio:↓ menor:↓],-0.023,-2.0
2026-09-28 17:14:06,BNB,772.03,50.7,-7,🔴🔴 VENDA FORTE,-1.03,📉 QUEDA,-1,RSI 51 neutro | SMA9<SMA21 | Abaixo SMA50 | MACD+ | Penalidade tendência | Macro -1 | LSTM -1.0% | MTF BAIXA (2/3) [maior:↓ medio:↓ menor:↑],0.0,-2.0
2026-09-28 17:14:06,ADA,0.2491,49.4,-7,🔴🔴 VENDA FORTE,-1.55,📉 QUEDA,-1,RSI 49 neutro | SMA9<SMA21 | Abaixo SMA50 | MACD+ | Penalidade tendência | Macro -1 | LSTM -1.6% | MTF BAIXA (3/3) [maior:↓ medio:↓ menor:↓],0.0,-2.0
2026-09-28 17:14:06,PETR4,49.13,55.6,-4,🔴 VENDER,-1.75,📉 QUEDA,-1,RSI 56 alto (atenuado) | SMA9>SMA21 | Acima SMA50 | MACD- | Bônus tendência | Macro -1 | LSTM -1.8% | MTF BAIXA (2/3) [maior:↑ medio:↓ menor:↓],0.001,-2.0
2026-09-28 17:14:06,VALE3,71.07,18.2,-1,🟡 AGUARDAR,3.84,📈 ALTA,-1,RSI 18 sobrevendido | SMA9<SMA21 | Abaixo SMA50 | MACD- | Macro -1 | LSTM +3.8% | MTF BAIXA (3/3) [maior:↓ medio:↓ menor:↓],0.022,-2.0
2026-09-28 17:14:06,ITUB4,41.9,45.3,-2,🟡 AGUARDAR,-0.16,📉 QUEDA,-1,RSI 45 neutro | SMA9>SMA21 | Acima SMA50 | MACD- | Macro -1 | MTF BAIXA (2/3) [maior:↑ medio:↓ menor:↓],0.003,-2.0
2026-09-28 17:14:06,BBAS3,21.62,39.6,2,🟢 COMPRAR (conf.),1.48,📈 ALTA,-1,RSI 40 baixo | SMA9>SMA21 | Acima SMA50 | MACD- | Bônus tendência | Macro -1 | LSTM +1.5% | MTF BAIXA (2/3) [maior:↑ medio:↓ menor:↓],0.008,-2.0
2026-09-28 17:14:06,WEGE3,50.62,36.6,2,🟢 COMPRAR (conf.),1.31,📈 ALTA,-1,RSI 37 baixo | SMA9>SMA21 | Acima SMA50 | MACD- | Bônus tendência | Macro -1 | LSTM +1.3% | MTF BAIXA (2/3) [maior:↑ medio:↓ menor:↓],0.042,-2.0
2026-09-28 17:31:21,BTC,83967.1,57.2,0,🟡 AGUARDAR,-0.9,📉 QUEDA,-1,RSI 57 alto | SMA9>SMA21 | Abaixo SMA50 | MACD+ | Penalidade tendência | Macro -1 | MTF ALTA (2/3) [maior:↓ medio:↑ menor:↑],0.032,2.0
2026-09-28 17:31:21,ETH,2702.79,65.7,2,🟡 AGUARDAR,-0.96,📉 QUEDA,-1,RSI 66 sobrecomprado | SMA9>SMA21 | Acima SMA50 | MACD+ | Macro -1 | MTF ALTA (2/3) [maior:↓ medio:↑ menor:↑],-0.01,2.0
2026-09-28 17:31:21,SOL,119.84,49.3,-5,🔴 VENDER,-0.0,📉 QUEDA,-1,RSI 49 neutro | SMA9<SMA21 | Abaixo SMA50 | MACD+ | Penalidade tendência | Macro -1 | MTF BAIXA (2/3) [maior:↓ medio:↓ menor:↑],-0.023,-2.0
2026-09-28 17:31:21,BNB,769.63,48.2,-5,🔴 VENDER,-0.72,📉 QUEDA,-1,RSI 48 neutro | SMA9<SMA21 | Abaixo SMA50 | MACD+ | Penalidade tendência | Macro -1 | MTF BAIXA (2/3) [maior:↓ medio:↓ menor:↑],0.0,-2.0
2026-09-28 17:31:21,ADA,0.2486,48.7,-7,🔴🔴 VENDA FORTE,-1.32,📉 QUEDA,-1,RSI 49 neutro | SMA9<SMA21 | Abaixo SMA50 | MACD+ | Penalidade tendência | Macro -1 | LSTM -1.3% | MTF BAIXA (2/3) [maior:↓ medio:↓ menor:↑],0.0,-2.0
2026-09-28 17:31:21,PETR4,48.71,53.5,-1,🟡 AGUARDAR,-0.9,📉 QUEDA,-1,RSI 53 neutro | SMA9>SMA21 | Acima SMA50 | MACD- | Bônus tendência | Macro -1 | MTF BAIXA (2/3) [maior:↑ medio:↓ menor:↓],0.001,-2.0
2026-09-28 17:31:21,VALE3,71.21,19.1,-1,🟡 AGUARDAR,3.63,📈 ALTA,-1,RSI 19 sobrevendido | SMA9<SMA21 | Abaixo SMA50 | MACD- | Macro -1 | LSTM +3.6% | MTF BAIXA (3/3) [maior:↓ medio:↓ menor:↓],0.022,-2.0
2026-09-28 17:31:21,ITUB4,42.0,46.1,-2,🟡 AGUARDAR,-0.41,📉 QUEDA,-1,RSI 46 neutro | SMA9>SMA21 | Acima SMA50 | MACD- | Macro -1 | MTF BAIXA (2/3) [maior:↑ medio:↓ menor:↓],0.003,-2.0
2026-09-28 17:31:21,BBAS3,21.63,39.7,2,🟢 COMPRAR (conf.),1.43,📈 ALTA,-1,RSI 40 baixo | SMA9>SMA21 | Acima SMA50 | MACD- | Bônus tendência | Macro -1 | LSTM +1.4% | MTF BAIXA (2/3) [maior:↑ medio:↓ menor:↓],0.008,-2.0
2026-09-28 17:31:21,WEGE3,50.71,37.0,2,🟢 COMPRAR (conf.),1.13,📈 ALTA,-1,RSI 37 baixo | SMA9>SMA21 | Acima SMA50 | MACD- | Bônus tendência | Macro -1 | LSTM +1.1% | MTF BAIXA (2/3) [maior:↑ medio:↓ menor:↓],0.042,-2.0
2026-09-28 17:55:12,BTC,83841.42,55.2,-6,🔴 VENDER,-0.75,📉 QUEDA,-1,RSI 55 alto | SMA9<SMA21 | Abaixo SMA50 | MACD+ | Penalidade tendência | Macro -1 | MTF BAIXA (2/3) [maior:↓ medio:↓ menor:↑],0.032,-2.0
2026-09-28 17:55:12,ETH,2693.04,63.2,3,🟢 COMPRAR,-0.64,📉 QUEDA,-1,RSI 63 alto | SMA9>SMA21 | Acima SMA50 | MACD+ | Macro -1 | MTF ALTA (2/3) [maior:↓ medio:↑ menor:↑],-0.01,2.0
2026-09-28 17:55:12,SOL,119.62,48.1,-5,🔴 VENDER,0.17,📈 ALTA,-1,RSI 48 neutro | SMA9<SMA21 | Abaixo SMA50 | MACD+ | Penalidade tendência | Macro -1 | MTF BAIXA (2/3) [maior:↓ medio:↓ menor:↑],-0.023,-2.0
2026-09-28 17:55:12,BNB,769.27,47.8,-5,🔴 VENDER,-0.68,📉 QUEDA,-1,RSI 48 neutro | SMA9<SMA21 | Abaixo SMA50 | MACD+ | Penalidade tendência | Macro -1 | MTF BAIXA (2/3) [maior:↓ medio:↓ menor:↑],0.0,-2.0
2026-09-28 17:55:12,ADA,0.2481,48.0,-7,🔴🔴 VENDA FORTE,-1.11,📉 QUEDA,-1,RSI 48 neutro | SMA9<SMA21 | Abaixo SMA50 | MACD+ | Penalidade tendência | Macro -1 | LSTM -1.1% | MTF BAIXA (2/3) [maior:↓ medio:↓ menor:↑],0.0,-2.0
2026-09-28 17:55:12,PETR4,48.72,53.5,-1,🟡 AGUARDAR,-0.92,📉 QUEDA,-1,RSI 54 neutro | SMA9>SMA21 | Acima SMA50 | MACD- | Bônus tendência | Macro -1 | MTF BAIXA (2/3) [maior:↑ medio:↓ menor:↓],0.001,-2.0
2026-09-28 17:55:12,VALE3,71.11,18.5,-1,🟡 AGUARDAR,3.78,📈 ALTA,-1,RSI 18 sobrevendido | SMA9<SMA21 | Abaixo SMA50 | MACD- | Macro -1 | LSTM +3.8% | MTF BAIXA (3/3) [maior:↓ medio:↓ menor:↓],0.022,-2.0
2026-09-28 17:55:12,ITUB4,41.87,45.1,-2,🟡 AGUARDAR,-0.09,📉 QUEDA,-1,RSI 45 neutro | SMA9>SMA21 | Acima SMA50 | MACD- | Macro -1 | MTF BAIXA (2/3) [maior:↑ medio:↓ menor:↓],0.003,-2.0
2026-09-28 17:55:12,BBAS3,21.59,39.2,2,🟢 COMPRAR (conf.),1.62,📈 ALTA,-1,RSI 39 baixo | SMA9>SMA21 | Acima SMA50 | MACD- | Bônus tendência | Macro -1 | LSTM +1.6% | MTF BAIXA (2/3) [maior:↑ medio:↓ menor:↓],0.008,-2.0
2026-09-28 17:55:12,WEGE3,50.6,36.5,2,🟢 COMPRAR (conf.),1.35,📈 ALTA,-1,RSI 36 baixo | SMA9>SMA21 | Acima SMA50 | MACD- | Bônus tendência | Macro -1 | LSTM +1.4% | MTF BAIXA (2/3) [maior:↑ medio:↓ menor:↓],0.042,-2.0
2026-09-28 18:13:03,BTC,83928.87,62.2,0,🟡 AGUARDAR,-0.84,📉 QUEDA,-1,RSI 62 alto | SMA9>SMA21 | Abaixo SMA50 | MACD+ | Penalidade tendência | Macro -1 | MTF ALTA (2/3) [maior:↓ medio:↑ menor:↑],0.032,2.0
2026-09-28 18:13:03,ETH,2696.53,67.6,2,🟡 AGUARDAR,-0.55,📉 QUEDA,-1,RSI 68 sobrecomprado | SMA9>SMA21 | Acima SMA50 | MACD+ | Macro -1 | MTF ALTA (2/3) [maior:↓ medio:↑ menor:↑],-0.01,2.0
2026-09-28 18:13:03,SOL,119.82,54.3,-5,🔴 VENDER,0.04,📈 ALTA,-1,RSI 54 neutro | SMA9<SMA21 | Abaixo SMA50 | MACD+ | Penalidade tendência | Macro -1 | MTF BAIXA (2/3) [maior:↓ medio:↓ menor:↑],-0.023,-2.0
2026-09-28 18:13:03,BNB,770.38,55.4,-6,🔴 VENDER,-0.78,📉 QUEDA,-1,RSI 55 alto | SMA9<SMA21 | Abaixo SMA50 | MACD+ | Penalidade tendência | Macro -1 | MTF BAIXA (2/3) [maior:↓ medio:↓ menor:↑],0.0,-2.0
2026-09-28 18:13:03,ADA,0.2504,54.4,-7,🔴🔴 VENDA FORTE,-1.71,📉 QUEDA,-1,RSI 54 neutro | SMA9<SMA21 | Abaixo SMA50 | MACD+ | Penalidade tendência | Macro -1 | LSTM -1.7% | MTF BAIXA (2/3) [maior:↓ medio:↓ menor:↑],0.0,-2.0
2026-09-28 18:13:03,PETR4,48.75,53.7,-1,🟡 AGUARDAR,-0.98,📉 QUEDA,-1,RSI 54 neutro | SMA9>SMA21 | Acima SMA50 | MACD- | Bônus tendência | Macro -1 | MTF BAIXA (2/3) [maior:↑ medio:↓ menor:↓],0.001,-2.0
2026-09-28 18:13:03,VALE3,71.05,18.1,-1,🟡 AGUARDAR,3.86,📈 ALTA,-1,RSI 18 sobrevendido | SMA9<SMA21 | Abaixo SMA50 | MACD- | Macro -1 | LSTM +3.9% | MTF BAIXA (3/3) [maior:↓ medio:↓ menor:↓],0.022,-2.0
2026-09-28 18:13:03,ITUB4,41.9,45.3,-2,🟡 AGUARDAR,-0.17,📉 QUEDA,-1,RSI 45 neutro | SMA9>SMA21 | Acima SMA50 | MACD- | Macro -1 | MTF BAIXA (2/3) [maior:↑ medio:↓ menor:↓],0.003,-2.0
2026-09-28 18:13:03,BBAS3,21.55,38.9,2,🟢 COMPRAR (conf.),1.81,📈 ALTA,-1,RSI 39 baixo | SMA9>SMA21 | Acima SMA50 | MACD- | Bônus tendência | Macro -1 | LSTM +1.8% | MTF BAIXA (2/3) [maior:↑ medio:↓ menor:↓],0.008,-2.0
2026-09-28 18:13:03,WEGE3,50.53,36.2,0,🟡 AGUARDAR,1.49,📈 ALTA,-1,RSI 36 baixo | SMA9<SMA21 | Acima SMA50 | MACD- | Bônus tendência | Macro -1 | LSTM +1.5% | MTF BAIXA (3/3) [maior:↓ medio:↓ menor:↓],0.042,-2.0
2026-09-28 18:34:19,BTC,83789.26,60.1,0,🟡 AGUARDAR,-0.68,📉 QUEDA,-1,RSI 60 alto | SMA9>SMA21 | Abaixo SMA50 | MACD+ | Penalidade tendência | Macro -1 | MTF ALTA (2/3) [maior:↓ medio:↑ menor:↑],0.032,2.0
2026-09-28 18:34:19,ETH,2688.36,63.9,3,🟢 COMPRAR,-0.28,📉 QUEDA,-1,RSI 64 alto | SMA9>SMA21 | Acima SMA50 | MACD+ | Macro -1 | MTF ALTA (2/3) [maior:↓ medio:↑ menor:↑],-0.01,2.0
2026-09-28 18:34:19,SOL,119.42,51.8,-5,🔴 VENDER,0.35,📈 ALTA,-1,RSI 52 neutro | SMA9<SMA21 | Abaixo SMA50 | MACD+ | Penalidade tendência | Macro -1 | MTF BAIXA (2/3) [maior:↓ medio:↓ menor:↑],-0.023,-2.0
2026-09-28 18:34:19,BNB,768.43,53.1,-5,🔴 VENDER,-0.54,📉 QUEDA,-1,RSI 53 neutro | SMA9<SMA21 | Abaixo SMA50 | MACD+ | Penalidade tendência | Macro -1 | MTF BAIXA (2/3) [maior:↓ medio:↓ menor:↑],0.0,-2.0
2026-09-28 18:34:19,ADA,0.249,52.7,-7,🔴🔴 VENDA FORTE,-1.21,📉 QUEDA,-1,RSI 53 neutro | SMA9<SMA21 | Abaixo SMA50 | MACD+ | Penalidade tendência | Macro -1 | LSTM -1.2% | MTF BAIXA (2/3) [maior:↓ medio:↓ menor:↑],0.0,-2.0
2026-09-28 18:34:19,PETR4,48.86,54.2,-3,🔴 VENDER,-1.2,📉 QUEDA,-1,RSI 54 neutro | SMA9>SMA21 | Acima SMA50 | MACD- | Bônus tendência | Macro -1 | LSTM -1.2% | MTF BAIXA (2/3) [maior:↑ medio:↓ menor:↓],0.001,-2.0
2026-09-28 18:34:19,VALE3,71.1,18.4,3,🟢 COMPRAR,3.79,📈 ALTA,-1,RSI 18 sobrevendido | SMA9<SMA21 | Abaixo SMA50 | MACD- | Macro -1 | LSTM +3.8% | MTF ALTA (2/3) [maior:↓ medio:↑ menor:↑],0.022,2.0
2026-09-28 18:34:19,ITUB4,41.85,44.9,-1,🟡 AGUARDAR,-0.05,📉 QUEDA,-1,RSI 45 baixo | SMA9>SMA21 | Acima SMA50 | MACD- | Macro -1 | MTF BAIXA (2/3) [maior:↑ medio:↓ menor:↓],0.003,-2.0
2026-09-28 18:34:19,BBAS3,21.53,38.7,2,🟢 COMPRAR (conf.),1.9,📈 ALTA,-1,RSI 39 baixo | SMA9>SMA21 | Acima SMA50 | MACD- | Bônus tendência | Macro -1 | LSTM +1.9% | MTF BAIXA (2/3) [maior:↑ medio:↓ menor:↓],0.008,-2.0
2026-09-28 18:34:19,WEGE3,50.53,36.2,0,🟡 AGUARDAR,1.49,📈 ALTA,-1,RSI 36 baixo | SMA9<SMA21 | Acima SMA50 | MACD- | Bônus tendência | Macro -1 | LSTM +1.5% | MTF BAIXA (3/3) [maior:↓ medio:↓ menor:↓],0.042,-2.0
2026-09-28 18:57:43,BTC,84007.55,63.2,0,🟡 AGUARDAR,-0.93,📉 QUEDA,-1,RSI 63 alto | SMA9>SMA21 | Abaixo SMA50 | MACD+ | Penalidade tendência | Macro -1 | MTF ALTA (2/3) [maior:↓ medio:↑ menor:↑],0.032,2.0
2026-09-28 18:57:43,ETH,2698.38,68.1,2,🟡 AGUARDAR,-0.61,📉 QUEDA,-1,RSI 68 sobrecomprado | SMA9>SMA21 | Acima SMA50 | MACD+ | Macro -1 | MTF ALTA (2/3) [maior:↓ medio:↑ menor:↑],-0.01,2.0
2026-09-28 18:57:43,SOL,119.95,55.1,-6,🔴 VENDER,-0.07,📉 QUEDA,-1,RSI 55 alto | SMA9<SMA21 | Abaixo SMA50 | MACD+ | Penalidade tendência | Macro -1 | MTF BAIXA (2/3) [maior:↓ medio:↓ menor:↑],-0.023,-2.0
2026-09-28 18:57:43,BNB,770.04,55.1,-6,🔴 VENDER,-0.74,📉 QUEDA,-1,RSI 55 alto | SMA9<SMA21 | Abaixo SMA50 | MACD+ | Penalidade tendência | Macro -1 | MTF BAIXA (2/3) [maior:↓ medio:↓ menor:↑],0.0,-2.0
2026-09-28 18:57:43,ADA,0.2496,53.4,-7,🔴🔴 VENDA FORTE,-1.44,📉 QUEDA,-1,RSI 53 neutro | SMA9<SMA21 | Abaixo SMA50 | MACD+ | Penalidade tendência | Macro -1 | LSTM -1.4% | MTF BAIXA (2/3) [maior:↓ medio:↓ menor:↑],0.0,-2.0
2026-09-28 18:57:43,PETR4,48.84,54.1,-3,🔴 VENDER,-1.16,📉 QUEDA,-1,RSI 54 neutro | SMA9>SMA21 | Acima SMA50 | MACD- | Bônus tendência | Macro -1 | LSTM -1.2% | MTF BAIXA (2/3) [maior:↑ medio:↓ menor:↓],0.001,-2.0
2026-09-28 18:57:43,VALE3,71.11,18.5,3,🟢 COMPRAR,3.78,📈 ALTA,-1,RSI 18 sobrevendido | SMA9<SMA21 | Abaixo SMA50 | MACD- | Macro -1 | LSTM +3.8% | MTF ALTA (2/3) [maior:↓ medio:↑ menor:↑],0.022,2.0
2026-09-28 18:57:43,ITUB4,41.79,44.5,-1,🟡 AGUARDAR,0.09,📈 ALTA,-1,RSI 44 baixo | SMA9>SMA21 | Acima SMA50 | MACD- | Macro -1 | MTF BAIXA (2/3) [maior:↑ medio:↓ menor:↓],0.003,-2.0
2026-09-28 18:57:43,BBAS3,21.51,38.5,2,🟢 COMPRAR (conf.),2.0,📈 ALTA,-1,RSI 39 baixo | SMA9>SMA21 | Acima SMA50 | MACD- | Bônus tendência | Macro -1 | LSTM +2.0% | MTF BAIXA (2/3) [maior:↑ medio:↓ menor:↓],0.008,-2.0
2026-09-28 18:57:43,WEGE3,50.38,35.5,0,🟡 AGUARDAR,1.8,📈 ALTA,-1,RSI 35 baixo | SMA9<SMA21 | Acima SMA50 | MACD- | Bônus tendência | Macro -1 | LSTM +1.8% | MTF BAIXA (3/3) [maior:↓ medio:↓ menor:↓],0.042,-2.0
2026-09-28 19:13:38,BTC,83719.21,58.2,0,🟡 AGUARDAR,-0.56,📉 QUEDA,-1,RSI 58 alto | SMA9>SMA21 | Abaixo SMA50 | MACD+ | Penalidade tendência | Macro -1 | MTF ALTA (2/3) [maior:↓ medio:↑ menor:↑],0.032,2.0
2026-09-28 19:13:38,ETH,2686.42,62.9,3,🟢 COMPRAR,-0.02,📉 QUEDA,-1,RSI 63 alto | SMA9>SMA21 | Acima SMA50 | MACD+ | Macro -1 | MTF ALTA (2/3) [maior:↓ medio:↑ menor:↑],-0.01,2.0
2026-09-28 19:13:38,SOL,119.28,53.4,1,🟡 AGUARDAR,0.52,📈 ALTA,-1,RSI 53 neutro | SMA9>SMA21 | Abaixo SMA50 | MACD+ | Penalidade tendência | Macro -1 | MTF ALTA (2/3) [maior:↓ medio:↑ menor:↑],-0.023,2.0
2026-09-28 19:13:38,BNB,767.18,54.2,-5,🔴 VENDER,-0.32,📉 QUEDA,-1,RSI 54 neutro | SMA9<SMA21 | Abaixo SMA50 | MACD+ | Penalidade tendência | Macro -1 | MTF BAIXA (2/3) [maior:↓ medio:↓ menor:↑],0.0,-2.0
2026-09-28 19:13:38,ADA,0.2472,52.8,-5,🔴 VENDER,-0.29,📉 QUEDA,-1,RSI 53 neutro | SMA9<SMA21 | Abaixo SMA50 | MACD+ | Penalidade tendência | Macro -1 | MTF BAIXA (2/3) [maior:↓ medio:↓ menor:↑],0.0,-2.0
2026-09-28 19:13:38,PETR4,48.87,54.3,-3,🔴 VENDER,-1.22,📉 QUEDA,-1,RSI 54 neutro | SMA9>SMA21 | Acima SMA50 | MACD- | Bônus tendência | Macro -1 | LSTM -1.2% | MTF BAIXA (2/3) [maior:↑ medio:↓ menor:↓],0.001,-2.0
2026-09-28 19:13:38,VALE3,71.09,18.4,3,🟢 COMPRAR,3.81,📈 ALTA,-1,RSI 18 sobrevendido | SMA9<SMA21 | Abaixo SMA50 | MACD- | Macro -1 | LSTM +3.8% | MTF ALTA (2/3) [maior:↓ medio:↑ menor:↑],0.022,2.0
2026-09-28 19:13:38,ITUB4,41.79,44.5,-1,🟡 AGUARDAR,0.09,📈 ALTA,-1,RSI 44 baixo | SMA9>SMA21 | Acima SMA50 | MACD- | Macro -1 | MTF BAIXA (2/3) [maior:↑ medio:↓ menor:↓],0.003,-2.0
2026-09-28 19:13:38,BBAS3,21.53,38.7,2,🟢 COMPRAR (conf.),1.9,📈 ALTA,-1,RSI 39 baixo | SMA9>SMA21 | Acima SMA50 | MACD- | Bônus tendência | Macro -1 | LSTM +1.9% | MTF BAIXA (2/3) [maior:↑ medio:↓ menor:↓],0.008,-2.0
2026-09-28 19:13:38,WEGE3,50.5,36.0,0,🟡 AGUARDAR,1.55,📈 ALTA,-1,RSI 36 baixo | SMA9<SMA21 | Acima SMA50 | MACD- | Bônus tendência | Macro -1 | LSTM +1.6% | MTF BAIXA (3/3) [maior:↓ medio:↓ menor:↓],0.042,-2.0
2026-09-28 19:29:57,BTC,83601.89,56.5,0,🟡 AGUARDAR,-0.42,📉 QUEDA,-1,RSI 56 alto | SMA9>SMA21 | Abaixo SMA50 | MACD+ | Penalidade tendência | Macro -1 | MTF ALTA (2/3) [maior:↓ medio:↑ menor:↑],0.032,2.0
2026-09-28 19:29:57,ETH,2680.31,60.6,0,🟡 AGUARDAR,0.2,📈 ALTA,-1,RSI 61 alto | SMA9>SMA21 | Abaixo SMA50 | MACD+ | Penalidade tendência | Macro -1 | MTF ALTA (2/3) [maior:↓ medio:↑ menor:↑],-0.01,2.0
2026-09-28 19:29:57,SOL,118.84,50.8,-5,🔴 VENDER,0.89,📈 ALTA,-1,RSI 51 neutro | SMA9<SMA21 | Abaixo SMA50 | MACD+ | Penalidade tendência | Macro -1 | MTF BAIXA (2/3) [maior:↓ medio:↓ menor:↑],-0.023,-2.0
2026-09-28 19:29:57,BNB,766.09,52.9,-5,🔴 VENDER,-0.19,📉 QUEDA,-1,RSI 53 neutro | SMA9<SMA21 | Abaixo SMA50 | MACD+ | Penalidade tendência | Macro -1 | MTF BAIXA (2/3) [maior:↓ medio:↓ menor:↑],0.0,-2.0
2026-09-28 19:29:57,ADA,0.2459,51.1,-5,🔴 VENDER,0.27,📈 ALTA,-1,RSI 51 neutro | SMA9<SMA21 | Abaixo SMA50 | MACD+ | Penalidade tendência | Macro -1 | MTF BAIXA (2/3) [maior:↓ medio:↓ menor:↑],0.0,-2.0
2026-09-28 19:29:57,PETR4,48.94,54.6,-3,🔴 VENDER,-1.37,📉 QUEDA,-1,RSI 55 neutro | SMA9>SMA21 | Acima SMA50 | MACD- | Bônus tendência | Macro -1 | LSTM -1.4% | MTF BAIXA (2/3) [maior:↑ medio:↓ menor:↓],0.001,-2.0
2026-09-28 19:29:57,VALE3,71.01,17.8,3,🟢 COMPRAR,3.92,📈 ALTA,-1,RSI 18 sobrevendido | SMA9<SMA21 | Abaixo SMA50 | MACD- | Macro -1 | LSTM +3.9% | MTF ALTA (2/3) [maior:↓ medio:↑ menor:↑],0.022,2.0
2026-09-28 19:29:57,ITUB4,41.69,43.7,-1,🟡 AGUARDAR,0.34,📈 ALTA,-1,RSI 44 baixo | SMA9>SMA21 | Acima SMA50 | MACD- | Macro -1 | MTF BAIXA (2/3) [maior:↑ medio:↓ menor:↓],0.003,-2.0
2026-09-28 19:29:57,BBAS3,21.49,38.4,2,🟢 COMPRAR (conf.),2.09,📈 ALTA,-1,RSI 38 baixo | SMA9>SMA21 | Acima SMA50 | MACD- | Bônus tendência | Macro -1 | LSTM +2.1% | MTF BAIXA (2/3) [maior:↑ medio:↓ menor:↓],0.008,-2.0
2026-09-28 19:29:57,WEGE3,50.16,34.5,1,🟡 AGUARDAR,2.24,📈 ALTA,-1,RSI 34 sobrevendido | SMA9<SMA21 | Acima SMA50 | MACD- | Bônus tendência | Macro -1 | LSTM +2.2% | MTF BAIXA (3/3) [maior:↓ medio:↓ menor:↓],0.042,-2.0
2026-09-28 19:46:56,BTC,83315.97,52.3,1,🟡 AGUARDAR,-0.09,📉 QUEDA,-1,RSI 52 neutro | SMA9>SMA21 | Abaixo SMA50 | MACD+ | Penalidade tendência | Macro -1 | MTF ALTA (2/3) [maior:↓ medio:↑ menor:↑],0.032,2.0
2026-09-28 19:46:56,ETH,2672.95,57.7,-4,🔴 VENDER,0.44,📈 ALTA,-1,RSI 58 alto | SMA9>SMA21 | Abaixo SMA50 | MACD+ | Penalidade tendência | Macro -1 | MTF BAIXA (2/3) [maior:↓ medio:↑ menor:↓],-0.01,-2.0
2026-09-28 19:46:56,SOL,118.36,48.2,-3,🔴 VENDER,1.27,📈 ALTA,-1,RSI 48 neutro | SMA9<SMA21 | Abaixo SMA50 | MACD+ | Penalidade tendência | Macro -1 | LSTM +1.3% | MTF BAIXA (3/3) [maior:↓ medio:↓ menor:↓],-0.023,-2.0
2026-09-28 19:46:56,BNB,762.78,49.2,-5,🔴 VENDER,0.23,📈 ALTA,-1,RSI 49 neutro | SMA9<SMA21 | Abaixo SMA50 | MACD+ | Penalidade tendência | Macro -1 | MTF BAIXA (2/3) [maior:↓ medio:↓ menor:↑],0.0,-2.0
2026-09-28 19:46:56,ADA,0.2436,48.3,-3,🔴 VENDER,1.06,📈 ALTA,-1,RSI 48 neutro | SMA9<SMA21 | Abaixo SMA50 | MACD+ | Penalidade tendência | Macro -1 | LSTM +1.1% | MTF BAIXA (2/3) [maior:↓ medio:↓ menor:↑],0.0,-2.0
2026-09-28 19:46:56,PETR4,48.93,54.6,-3,🔴 VENDER,-1.35,📉 QUEDA,-1,RSI 55 neutro | SMA9>SMA21 | Acima SMA50 | MACD- | Bônus tendência | Macro -1 | LSTM -1.4% | MTF BAIXA (2/3) [maior:↑ medio:↓ menor:↓],0.001,-2.0
2026-09-28 19:46:56,VALE3,71.21,19.1,3,🟢 COMPRAR,3.63,📈 ALTA,-1,RSI 19 sobrevendido | SMA9<SMA21 | Abaixo SMA50 | MACD- | Macro -1 | LSTM +3.6% | MTF ALTA (2/3) [maior:↓ medio:↑ menor:↑],0.022,2.0
2026-09-28 19:46:56,ITUB4,41.77,44.3,-1,🟡 AGUARDAR,0.14,📈 ALTA,-1,RSI 44 baixo | SMA9>SMA21 | Acima SMA50 | MACD- | Macro -1 | MTF BAIXA (2/3) [maior:↑ medio:↓ menor:↓],0.003,-2.0
2026-09-28 19:46:56,BBAS3,21.51,38.5,2,🟢 COMPRAR (conf.),2.0,📈 ALTA,-1,RSI 39 baixo | SMA9>SMA21 | Acima SMA50 | MACD- | Bônus tendência | Macro -1 | LSTM +2.0% | MTF BAIXA (2/3) [maior:↑ medio:↓ menor:↓],0.008,-2.0
2026-09-28 19:46:56,WEGE3,50.24,34.8,1,🟡 AGUARDAR,2.08,📈 ALTA,-1,RSI 35 sobrevendido | SMA9<SMA21 | Acima SMA50 | MACD- | Bônus tendência | Macro -1 | LSTM +2.1% | MTF BAIXA (3/3) [maior:↓ medio:↓ menor:↓],0.042,-2.0
2026-09-28 20:09:55,BTC,83527.92,57.7,-4,🔴 VENDER,-0.32,📉 QUEDA,-1,RSI 58 alto | SMA9>SMA21 | Abaixo SMA50 | MACD+ | Penalidade tendência | Macro -1 | MTF BAIXA (2/3) [maior:↓ medio:↑ menor:↓],0.032,-2.0
2026-09-28 20:09:55,ETH,2683.96,62.7,-1,🟡 AGUARDAR,0.09,📈 ALTA,-1,RSI 63 alto | SMA9>SMA21 | Acima SMA50 | MACD+ | Macro -1 | MTF BAIXA (2/3) [maior:↓ medio:↑ menor:↓],-0.01,-2.0
2026-09-28 20:09:55,SOL,118.98,55.2,-6,🔴 VENDER,0.73,📈 ALTA,-1,RSI 55 alto | SMA9<SMA21 | Abaixo SMA50 | MACD+ | Penalidade tendência | Macro -1 | MTF BAIXA (3/3) [maior:↓ medio:↓ menor:↓],-0.023,-2.0
2026-09-28 20:09:55,BNB,764.47,54.7,-5,🔴 VENDER,0.02,📈 ALTA,-1,RSI 55 neutro | SMA9<SMA21 | Abaixo SMA50 | MACD+ | Penalidade tendência | Macro -1 | MTF BAIXA (3/3) [maior:↓ medio:↓ menor:↓],0.0,-2.0
2026-09-28 20:09:55,ADA,0.2455,53.7,-5,🔴 VENDER,0.21,📈 ALTA,-1,RSI 54 neutro | SMA9<SMA21 | Abaixo SMA50 | MACD+ | Penalidade tendência | Macro -1 | MTF BAIXA (3/3) [maior:↓ medio:↓ menor:↓],0.0,-2.0
2026-09-28 20:09:55,PETR4,48.9,54.4,-4,🔴 VENDER,-1.29,📉 QUEDA,-2,RSI 54 neutro | SMA9>SMA21 | Acima SMA50 | MACD- | Bônus tendência | Macro -2 | LSTM -1.3% | MTF BAIXA (2/3) [maior:↑ medio:↓ menor:↓],0.001,-2.0
2026-09-28 20:09:55,VALE3,71.18,18.9,2,🟡 AGUARDAR,3.67,📈 ALTA,-2,RSI 19 sobrevendido | SMA9<SMA21 | Abaixo SMA50 | MACD- | Macro -2 | LSTM +3.7% | MTF ALTA (2/3) [maior:↓ medio:↑ menor:↑],0.022,2.0
2026-09-28 20:09:55,ITUB4,41.82,44.7,-2,🟡 AGUARDAR,0.02,📈 ALTA,-2,RSI 45 baixo | SMA9>SMA21 | Acima SMA50 | MACD- | Macro -2 | MTF BAIXA (2/3) [maior:↑ medio:↓ menor:↓],0.003,-2.0
2026-09-28 20:09:55,BBAS3,21.53,38.7,1,🟡 AGUARDAR,1.9,📈 ALTA,-2,RSI 39 baixo | SMA9>SMA21 | Acima SMA50 | MACD- | Bônus tendência | Macro -2 | LSTM +1.9% | MTF BAIXA (2/3) [maior:↑ medio:↓ menor:↓],0.008,-2.0
2026-09-28 20:09:55,WEGE3,50.07,34.1,0,🟡 AGUARDAR,2.43,📈 ALTA,-2,RSI 34 sobrevendido | SMA9<SMA21 | Acima SMA50 | MACD- | Bônus tendência | Macro -2 | LSTM +2.4% | MTF BAIXA (3/3) [maior:↓ medio:↓ menor:↓],0.042,-2.0
2026-09-28 21:11:00,BTC,83550.97,58.3,-4,🔴 VENDER,-0.33,📉 QUEDA,-1,RSI 58 alto | SMA9>SMA21 | Abaixo SMA50 | MACD+ | Penalidade tendência | Macro -1 | MTF BAIXA (2/3) [maior:↓ medio:↑ menor:↓],0.032,-2.0
2026-09-28 21:11:00,ETH,2685.47,61.3,-1,🟡 AGUARDAR,0.06,📈 ALTA,-1,RSI 61 alto | SMA9>SMA21 | Acima SMA50 | MACD+ | Macro -1 | MTF BAIXA (2/3) [maior:↓ medio:↑ menor:↓],-0.01,-2.0
2026-09-28 21:11:00,SOL,118.86,53.1,-5,🔴 VENDER,0.82,📈 ALTA,-1,RSI 53 neutro | SMA9<SMA21 | Abaixo SMA50 | MACD+ | Penalidade tendência | Macro -1 | MTF BAIXA (3/3) [maior:↓ medio:↓ menor:↓],-0.023,-2.0
2026-09-28 21:11:00,BNB,765.34,53.9,-5,🔴 VENDER,-0.08,📉 QUEDA,-1,RSI 54 neutro | SMA9<SMA21 | Abaixo SMA50 | MACD+ | Penalidade tendência | Macro -1 | MTF BAIXA (3/3) [maior:↓ medio:↓ menor:↓],0.0,-2.0
2026-09-28 21:11:00,ADA,0.2465,52.0,-5,🔴 VENDER,-0.03,📉 QUEDA,-1,RSI 52 neutro | SMA9<SMA21 | Abaixo SMA50 | MACD+ | Penalidade tendência | Macro -1 | MTF BAIXA (3/3) [maior:↓ medio:↓ menor:↓],0.0,-2.0
2026-09-28 21:11:00,PETR4,48.72,53.5,-2,🟡 AGUARDAR,-0.92,📉 QUEDA,-2,RSI 54 neutro | SMA9>SMA21 | Acima SMA50 | MACD- | Bônus tendência | Macro -2 | MTF BAIXA (2/3) [maior:↑ medio:↓ menor:↓],0.001,-2.0
2026-09-28 21:11:00,VALE3,71.16,18.8,2,🟡 AGUARDAR,3.7,📈 ALTA,-2,RSI 19 sobrevendido | SMA9<SMA21 | Abaixo SMA50 | MACD- | Macro -2 | LSTM +3.7% | MTF ALTA (2/3) [maior:↓ medio:↑ menor:↑],0.022,2.0
2026-09-28 21:11:00,ITUB4,41.71,43.9,-2,🟡 AGUARDAR,0.29,📈 ALTA,-2,RSI 44 baixo | SMA9>SMA21 | Acima SMA50 | MACD- | Macro -2 | MTF BAIXA (2/3) [maior:↑ medio:↓ menor:↓],0.003,-2.0
2026-09-28 21:11:00,BBAS3,21.49,38.4,1,🟡 AGUARDAR,2.09,📈 ALTA,-2,RSI 38 baixo | SMA9>SMA21 | Acima SMA50 | MACD- | Bônus tendência | Macro -2 | LSTM +2.1% | MTF BAIXA (2/3) [maior:↑ medio:↓ menor:↓],0.008,-2.0
2026-09-28 21:11:00,WEGE3,50.12,34.3,0,🟡 AGUARDAR,2.32,📈 ALTA,-2,RSI 34 sobrevendido | SMA9<SMA21 | Acima SMA50 | MACD- | Bônus tendência | Macro -2 | LSTM +2.3% | MTF BAIXA (3/3) [maior:↓ medio:↓ menor:↓],0.042,-2.0
2026-09-28 22:10:48,BTC,83129.81,56.5,-4,🔴 VENDER,0.17,📈 ALTA,-1,RSI 57 alto | SMA9>SMA21 | Abaixo SMA50 | MACD+ | Penalidade tendência | Macro -1 | MTF BAIXA (2/3) [maior:↓ medio:↑ menor:↓],0.032,-2.0
2026-09-28 22:10:48,ETH,2670.03,59.9,-4,🔴 VENDER,0.5,📈 ALTA,-1,RSI 60 alto | SMA9>SMA21 | Abaixo SMA50 | MACD+ | Penalidade tendência | Macro -1 | MTF BAIXA (2/3) [maior:↓ medio:↑ menor:↓],-0.01,-2.0
2026-09-28 22:10:48,SOL,117.25,47.6,-5,🔴 VENDER,2.04,📈 ALTA,-1,RSI 48 neutro | SMA9<SMA21 | Abaixo SMA50 | MACD- | Penalidade tendência | Macro -1 | LSTM +2.0% | MTF BAIXA (3/3) [maior:↓ medio:↓ menor:↓],-0.023,-2.0
2026-09-28 22:10:48,BNB,759.74,50.4,-7,🔴🔴 VENDA FORTE,0.6,📈 ALTA,-1,RSI 50 neutro | SMA9<SMA21 | Abaixo SMA50 | MACD- | Penalidade tendência | Macro -1 | MTF BAIXA (3/3) [maior:↓ medio:↓ menor:↓],0.0,-2.0
2026-09-28 22:10:48,ADA,0.2427,50.1,-5,🔴 VENDER,1.12,📈 ALTA,-1,RSI 50 neutro | SMA9<SMA21 | Abaixo SMA50 | MACD- | Penalidade tendência | Macro -1 | LSTM +1.1% | MTF BAIXA (3/3) [maior:↓ medio:↓ menor:↓],0.0,-2.0
2026-09-28 22:10:48,PETR4,48.72,53.5,-1,🟡 AGUARDAR,-0.92,📉 QUEDA,-1,RSI 54 neutro | SMA9>SMA21 | Acima SMA50 | MACD- | Bônus tendência | Macro -1 | MTF BAIXA (2/3) [maior:↑ medio:↓ menor:↓],0.001,-2.0
2026-09-28 22:10:48,VALE3,71.16,18.8,3,🟢 COMPRAR,3.7,📈 ALTA,-1,RSI 19 sobrevendido | SMA9<SMA21 | Abaixo SMA50 | MACD- | Macro -1 | LSTM +3.7% | MTF ALTA (2/3) [maior:↓ medio:↑ menor:↑],0.022,2.0
2026-09-28 22:10:48,ITUB4,41.71,43.9,-1,🟡 AGUARDAR,0.29,📈 ALTA,-1,RSI 44 baixo | SMA9>SMA21 | Acima SMA50 | MACD- | Macro -1 | MTF BAIXA (2/3) [maior:↑ medio:↓ menor:↓],0.003,-2.0
2026-09-28 22:10:48,BBAS3,21.49,38.4,2,🟢 COMPRAR (conf.),2.09,📈 ALTA,-1,RSI 38 baixo | SMA9>SMA21 | Acima SMA50 | MACD- | Bônus tendência | Macro -1 | LSTM +2.1% | MTF BAIXA (2/3) [maior:↑ medio:↓ menor:↓],0.008,-2.0
2026-09-28 22:10:48,WEGE3,50.12,34.3,1,🟡 AGUARDAR,2.32,📈 ALTA,-1,RSI 34 sobrevendido | SMA9<SMA21 | Acima SMA50 | MACD- | Bônus tendência | Macro -1 | LSTM +2.3% | MTF BAIXA (3/3) [maior:↓ medio:↓ menor:↓],0.042,-2.0
2026-09-28 23:10:06,BTC,83479.94,57.4,-3,🔴 VENDER,-0.23,📉 QUEDA,0,RSI 57 alto | SMA9>SMA21 | Abaixo SMA50 | MACD+ | Penalidade tendência | MTF BAIXA (2/3) [maior:↓ medio:↑ menor:↓],0.032,-2.0
2026-09-28 23:10:06,ETH,2689.75,61.5,0,🟡 AGUARDAR,-0.17,📉 QUEDA,0,RSI 61 alto | SMA9>SMA21 | Acima SMA50 | MACD+ | MTF BAIXA (2/3) [maior:↓ medio:↑ menor:↓],-0.01,-2.0
2026-09-28 23:10:06,SOL,118.66,51.2,-2,🟡 AGUARDAR,0.83,📈 ALTA,0,RSI 51 neutro | SMA9>SMA21 | Abaixo SMA50 | MACD+ | Penalidade tendência | MTF BAIXA (2/3) [maior:↓ medio:↑ menor:↓],-0.023,-2.0
2026-09-28 23:10:06,BNB,761.66,50.5,-4,🔴 VENDER,0.33,📈 ALTA,0,RSI 51 neutro | SMA9>SMA21 | Abaixo SMA50 | MACD- | Penalidade tendência | MTF BAIXA (2/3) [maior:↓ medio:↑ menor:↓],0.0,-2.0
2026-09-28 23:10:06,ADA,0.2457,50.5,-2,🟡 AGUARDAR,0.05,📈 ALTA,0,RSI 51 neutro | SMA9>SMA21 | Abaixo SMA50 | MACD+ | Penalidade tendência | MTF BAIXA (2/3) [maior:↓ medio:↑ menor:↓],0.0,-2.0
2026-09-28 23:10:06,PETR4,48.72,53.5,0,🟡 AGUARDAR,-0.92,📉 QUEDA,0,RSI 54 neutro | SMA9>SMA21 | Acima SMA50 | MACD- | Bônus tendência | MTF BAIXA (2/3) [maior:↑ medio:↓ menor:↓],0.001,-2.0
2026-09-28 23:10:06,VALE3,71.16,18.8,4,🟢 COMPRAR,3.7,📈 ALTA,0,RSI 19 sobrevendido | SMA9<SMA21 | Abaixo SMA50 | MACD- | LSTM +3.7% | MTF ALTA (2/3) [maior:↓ medio:↑ menor:↑],0.022,2.0
2026-09-28 23:10:06,ITUB4,41.71,43.9,0,🟡 AGUARDAR,0.29,📈 ALTA,0,RSI 44 baixo | SMA9>SMA21 | Acima SMA50 | MACD- | MTF BAIXA (2/3) [maior:↑ medio:↓ menor:↓],0.003,-2.0
2026-09-28 23:10:06,BBAS3,21.49,38.4,3,🟢 COMPRAR,2.09,📈 ALTA,0,RSI 38 baixo | SMA9>SMA21 | Acima SMA50 | MACD- | Bônus tendência | LSTM +2.1% | MTF BAIXA (2/3) [maior:↑ medio:↓ menor:↓],0.008,-2.0
2026-09-28 23:10:06,WEGE3,50.12,34.3,2,🟢 COMPRAR (conf.),2.32,📈 ALTA,0,RSI 34 sobrevendido | SMA9<SMA21 | Acima SMA50 | MACD- | Bônus tendência | LSTM +2.3% | MTF BAIXA (3/3) [maior:↓ medio:↓ menor:↓],0.042,-2.0
2026-09-29 00:22:51,BTC,83346.27,55.7,-4,🔴 VENDER,-0.09,📉 QUEDA,-1,RSI 56 alto | SMA9>SMA21 | Abaixo SMA50 | MACD+ | Penalidade tendência | Macro -1 | MTF BAIXA (2/3) [maior:↓ medio:↑ menor:↓],-0.036,-2.0
2026-09-29 00:22:51,ETH,2683.53,61.0,-4,🔴 VENDER,0.09,📈 ALTA,-1,RSI 61 alto | SMA9>SMA21 | Abaixo SMA50 | MACD+ | Penalidade tendência | Macro -1 | MTF BAIXA (2/3) [maior:↓ medio:↑ menor:↓],-0.018,-2.0
2026-09-29 00:22:51,SOL,118.5,51.1,-3,🔴 VENDER,1.09,📈 ALTA,-1,RSI 51 neutro | SMA9<SMA21 | Abaixo SMA50 | MACD+ | Penalidade tendência | Macro -1 | LSTM +1.1% | MTF BAIXA (3/3) [maior:↓ medio:↓ menor:↓],-0.023,-2.0
2026-09-29 00:22:51,BNB,762.88,51.2,-5,🔴 VENDER,0.22,📈 ALTA,-1,RSI 51 neutro | SMA9<SMA21 | Abaixo SMA50 | MACD+ | Penalidade tendência | Macro -1 | MTF BAIXA (3/3) [maior:↓ medio:↓ menor:↓],0.0,-2.0
2026-09-29 00:22:51,ADA,0.247,52.5,-5,🔴 VENDER,-0.32,📉 QUEDA,-1,RSI 53 neutro | SMA9<SMA21 | Abaixo SMA50 | MACD+ | Penalidade tendência | Macro -1 | MTF BAIXA (3/3) [maior:↓ medio:↓ menor:↓],0.0,-2.0
2026-09-29 00:22:51,PETR4,48.72,53.5,-2,🟡 AGUARDAR,-0.92,📉 QUEDA,-2,RSI 54 neutro | SMA9>SMA21 | Acima SMA50 | MACD- | Bônus tendência | Macro -2 | MTF BAIXA (2/3) [maior:↑ medio:↓ menor:↓],-0.071,-2.0
2026-09-29 00:22:51,VALE3,71.16,18.8,2,🟡 AGUARDAR,3.7,📈 ALTA,-2,RSI 19 sobrevendido | SMA9<SMA21 | Abaixo SMA50 | MACD- | Macro -2 | LSTM +3.7% | MTF ALTA (2/3) [maior:↓ medio:↑ menor:↑],-0.021,2.0
2026-09-29 00:22:51,ITUB4,41.71,43.9,-2,🟡 AGUARDAR,0.29,📈 ALTA,-2,RSI 44 baixo | SMA9>SMA21 | Acima SMA50 | MACD- | Macro -2 | MTF BAIXA (2/3) [maior:↑ medio:↓ menor:↓],0.006,-2.0
2026-09-29 00:22:51,BBAS3,21.49,38.4,1,🟡 AGUARDAR,2.09,📈 ALTA,-2,RSI 38 baixo | SMA9>SMA21 | Acima SMA50 | MACD- | Bônus tendência | Macro -2 | LSTM +2.1% | MTF BAIXA (2/3) [maior:↑ medio:↓ menor:↓],0.039,-2.0
2026-09-29 00:22:51,WEGE3,50.12,34.3,0,🟡 AGUARDAR,2.32,📈 ALTA,-2,RSI 34 sobrevendido | SMA9<SMA21 | Acima SMA50 | MACD- | Bônus tendência | Macro -2 | LSTM +2.3% | MTF BAIXA (3/3) [maior:↓ medio:↓ menor:↓],-0.012,-2.0
2026-09-29 01:16:11,BTC,82973.82,50.9,-3,🔴 VENDER,0.36,📈 ALTA,-1,RSI 51 neutro | SMA9>SMA21 | Abaixo SMA50 | MACD- | Penalidade tendência | Macro -1,-0.036,0.0
2026-09-29 01:16:11,ETH,2667.1,54.3,-5,🔴 VENDER,0.58,📈 ALTA,-1,RSI 54 neutro | SMA9>SMA21 | Abaixo SMA50 | MACD- | Penalidade tendência | Macro -1 | MTF BAIXA (2/3) [maior:↓ medio:↑ menor:↓],-0.018,-2.0
2026-09-29 01:16:11,SOL,117.43,44.4,-5,🔴 VENDER,1.86,📈 ALTA,-1,RSI 44 baixo (atenuado) | SMA9<SMA21 | Abaixo SMA50 | MACD- | Penalidade tendência | Macro -1 | LSTM +1.9% | MTF BAIXA (3/3) [maior:↓ medio:↓ menor:↓],-0.023,-2.0
2026-09-29 01:16:11,BNB,759.2,47.8,-5,🔴 VENDER,0.64,📈 ALTA,-1,RSI 48 neutro | SMA9>SMA21 | Abaixo SMA50 | MACD- | Penalidade tendência | Macro -1 | MTF BAIXA (2/3) [maior:↓ medio:↑ menor:↓],0.0,-2.0
2026-09-29 01:16:11,ADA,0.2443,48.7,-3,🔴 VENDER,0.72,📈 ALTA,-1,RSI 49 neutro | SMA9>SMA21 | Abaixo SMA50 | MACD+ | Penalidade tendência | Macro -1 | MTF BAIXA (2/3) [maior:↓ medio:↑ menor:↓],0.0,-2.0
2026-09-29 01:16:11,PETR4,48.72,53.5,-2,🟡 AGUARDAR,-0.92,📉 QUEDA,-2,RSI 54 neutro | SMA9>SMA21 | Acima SMA50 | MACD- | Bônus tendência | Macro -2 | MTF BAIXA (2/3) [maior:↑ medio:↓ menor:↓],-0.071,-2.0
2026-09-29 01:16:11,VALE3,71.16,18.8,2,🟡 AGUARDAR,3.7,📈 ALTA,-2,RSI 19 sobrevendido | SMA9<SMA21 | Abaixo SMA50 | MACD- | Macro -2 | LSTM +3.7% | MTF ALTA (2/3) [maior:↓ medio:↑ menor:↑],-0.021,2.0
2026-09-29 01:16:11,ITUB4,41.71,43.9,-2,🟡 AGUARDAR,0.29,📈 ALTA,-2,RSI 44 baixo | SMA9>SMA21 | Acima SMA50 | MACD- | Macro -2 | MTF BAIXA (2/3) [maior:↑ medio:↓ menor:↓],0.006,-2.0
2026-09-29 01:16:11,BBAS3,21.49,38.4,1,🟡 AGUARDAR,2.09,📈 ALTA,-2,RSI 38 baixo | SMA9>SMA21 | Acima SMA50 | MACD- | Bônus tendência | Macro -2 | LSTM +2.1% | MTF BAIXA (2/3) [maior:↑ medio:↓ menor:↓],0.039,-2.0
2026-09-29 01:16:11,WEGE3,50.12,34.3,0,🟡 AGUARDAR,2.32,📈 ALTA,-2,RSI 34 sobrevendido | SMA9<SMA21 | Acima SMA50 | MACD- | Bônus tendência | Macro -2 | LSTM +2.3% | MTF BAIXA (3/3) [maior:↓ medio:↓ menor:↓],-0.012,-2.0
2026-09-29 03:15:49,BTC,82860.87,48.0,-7,🔴🔴 VENDA FORTE,0.45,📈 ALTA,-1,RSI 48 neutro | SMA9<SMA21 | Abaixo SMA50 | MACD- | Penalidade tendência | Macro -1 | MTF BAIXA (3/3) [maior:↓ medio:↓ menor:↓],-0.036,-2.0
2026-09-29 03:15:49,ETH,2655.79,45.6,-7,🔴🔴 VENDA FORTE,0.51,📈 ALTA,-1,RSI 46 neutro | SMA9<SMA21 | Abaixo SMA50 | MACD- | Penalidade tendência | Macro -1 | MTF BAIXA (3/3) [maior:↓ medio:↓ menor:↓],-0.018,-2.0
2026-09-29 03:15:49,SOL,116.99,43.9,-5,🔴 VENDER,1.82,📈 ALTA,-1,RSI 44 baixo (atenuado) | SMA9<SMA21 | Abaixo SMA50 | MACD- | Penalidade tendência | Macro -1 | LSTM +1.8% | MTF BAIXA (3/3) [maior:↓ medio:↓ menor:↓],-0.023,-2.0
2026-09-29 03:15:49,BNB,755.54,45.6,-7,🔴🔴 VENDA FORTE,0.87,📈 ALTA,-1,RSI 46 neutro | SMA9<SMA21 | Abaixo SMA50 | MACD- | Penalidade tendência | Macro -1 | MTF BAIXA (3/3) [maior:↓ medio:↓ menor:↓],0.0,-2.0
2026-09-29 03:15:49,ADA,0.2399,48.3,-5,🔴 VENDER,1.73,📈 ALTA,-1,RSI 48 neutro | SMA9<SMA21 | Abaixo SMA50 | MACD- | Penalidade tendência | Macro -1 | LSTM +1.7% | MTF BAIXA (3/3) [maior:↓ medio:↓ menor:↓],0.0,-2.0
2026-09-29 03:15:49,PETR4,48.72,53.5,-2,🟡 AGUARDAR,-0.92,📉 QUEDA,-2,RSI 54 neutro | SMA9>SMA21 | Acima SMA50 | MACD- | Bônus tendência | Macro -2 | MTF BAIXA (2/3) [maior:↑ medio:↓ menor:↓],-0.071,-2.0
2026-09-29 03:15:49,VALE3,71.16,18.8,2,🟡 AGUARDAR,3.7,📈 ALTA,-2,RSI 19 sobrevendido | SMA9<SMA21 | Abaixo SMA50 | MACD- | Macro -2 | LSTM +3.7% | MTF ALTA (2/3) [maior:↓ medio:↑ menor:↑],-0.021,2.0
2026-09-29 03:15:49,ITUB4,41.71,43.9,-2,🟡 AGUARDAR,0.29,📈 ALTA,-2,RSI 44 baixo | SMA9>SMA21 | Acima SMA50 | MACD- | Macro -2 | MTF BAIXA (2/3) [maior:↑ medio:↓ menor:↓],0.006,-2.0
2026-09-29 03:15:49,BBAS3,21.49,38.4,1,🟡 AGUARDAR,2.09,📈 ALTA,-2,RSI 38 baixo | SMA9>SMA21 | Acima SMA50 | MACD- | Bônus tendência | Macro -2 | LSTM +2.1% | MTF BAIXA (2/3) [maior:↑ medio:↓ menor:↓],0.039,-2.0
2026-09-29 03:15:49,WEGE3,50.12,34.3,0,🟡 AGUARDAR,2.32,📈 ALTA,-2,RSI 34 sobrevendido | SMA9<SMA21 | Acima SMA50 | MACD- | Bônus tendência | Macro -2 | LSTM +2.3% | MTF BAIXA (3/3) [maior:↓ medio:↓ menor:↓],-0.012,-2.0
2026-09-29 09:17:34,BTC,83768.99,55.3,0,🟡 AGUARDAR,-0.57,📉 QUEDA,-1,RSI 55 alto | SMA9>SMA21 | Abaixo SMA50 | MACD+ | Penalidade tendência | Macro -1 | MTF ALTA (2/3) [maior:↓ medio:↑ menor:↑],-0.036,2.0
2026-09-29 09:17:34,ETH,2704.31,59.8,4,🟢 COMPRAR,-0.71,📉 QUEDA,-1,RSI 60 alto (atenuado) | SMA9>SMA21 | Acima SMA50 | MACD+ | Bônus tendência | Macro -1 | MTF ALTA (2/3) [maior:↓ medio:↑ menor:↑],-0.018,2.0
2026-09-29 09:17:34,SOL,119.02,51.6,-5,🔴 VENDER,0.13,📈 ALTA,-1,RSI 52 neutro | SMA9<SMA21 | Abaixo SMA50 | MACD+ | Penalidade tendência | Macro -1 | MTF BAIXA (2/3) [maior:↓ medio:↓ menor:↑],-0.023,-2.0
2026-09-29 09:17:34,BNB,763.16,47.8,-5,🔴 VENDER,-0.27,📉 QUEDA,-1,RSI 48 neutro | SMA9<SMA21 | Abaixo SMA50 | MACD+ | Penalidade tendência | Macro -1 | MTF BAIXA (2/3) [maior:↓ medio:↓ menor:↑],0.0,-2.0
2026-09-29 09:17:34,ADA,0.252,61.8,1,🟡 AGUARDAR,-1.49,📉 QUEDA,-1,RSI 62 alto | SMA9>SMA21 | Acima SMA50 | MACD+ | Macro -1 | LSTM -1.5% | MTF ALTA (2/3) [maior:↓ medio:↑ menor:↑],0.0,2.0
2026-09-29 09:17:34,PETR4,48.72,53.5,-1,🟡 AGUARDAR,-0.92,📉 QUEDA,-1,RSI 54 neutro | SMA9>SMA21 | Acima SMA50 | MACD- | Bônus tendência | Macro -1 | MTF BAIXA (2/3) [maior:↑ medio:↓ menor:↓],-0.071,-2.0
2026-09-29 09:17:34,VALE3,71.16,18.8,3,🟢 COMPRAR,3.7,📈 ALTA,-1,RSI 19 sobrevendido | SMA9<SMA21 | Abaixo SMA50 | MACD- | Macro -1 | LSTM +3.7% | MTF ALTA (2/3) [maior:↓ medio:↑ menor:↑],-0.021,2.0
2026-09-29 09:17:34,ITUB4,41.71,43.9,-1,🟡 AGUARDAR,0.29,📈 ALTA,-1,RSI 44 baixo | SMA9>SMA21 | Acima SMA50 | MACD- | Macro -1 | MTF BAIXA (2/3) [maior:↑ medio:↓ menor:↓],0.006,-2.0
2026-09-29 09:17:34,BBAS3,21.49,38.4,2,🟢 COMPRAR (conf.),2.09,📈 ALTA,-1,RSI 38 baixo | SMA9>SMA21 | Acima SMA50 | MACD- | Bônus tendência | Macro -1 | LSTM +2.1% | MTF BAIXA (2/3) [maior:↑ medio:↓ menor:↓],0.039,-2.0
2026-09-29 09:17:34,WEGE3,50.12,34.3,1,🟡 AGUARDAR,2.32,📈 ALTA,-1,RSI 34 sobrevendido | SMA9<SMA21 | Acima SMA50 | MACD- | Bônus tendência | Macro -1 | LSTM +2.3% | MTF BAIXA (3/3) [maior:↓ medio:↓ menor:↓],-0.012,-2.0
2026-09-29 10:16:52,BTC,84182.45,69.9,2,🟡 AGUARDAR,-0.97,📉 QUEDA,-1,RSI 70 sobrecomprado | SMA9>SMA21 | Acima SMA50 | MACD+ | Macro -1 | MTF ALTA (2/3) [maior:↓ medio:↑ menor:↑],-0.036,2.0
2026-09-29 10:16:52,ETH,2715.73,68.9,4,🟢 COMPRAR,-0.79,📉 QUEDA,-1,RSI 69 sobrecomprado (atenuado) | SMA9>SMA21 | Acima SMA50 | MACD+ | Bônus tendência | Macro -1 | MTF ALTA (2/3) [maior:↓ medio:↑ menor:↑],-0.018,2.0
2026-09-29 10:16:52,SOL,119.84,65.2,-1,🟡 AGUARDAR,-0.39,📉 QUEDA,-1,RSI 65 sobrecomprado | SMA9>SMA21 | Abaixo SMA50 | MACD+ | Penalidade tendência | Macro -1 | MTF ALTA (2/3) [maior:↓ medio:↑ menor:↑],-0.023,2.0
2026-09-29 10:16:52,BNB,764.75,55.8,-6,🔴 VENDER,-0.42,📉 QUEDA,-1,RSI 56 alto | SMA9<SMA21 | Abaixo SMA50 | MACD+ | Penalidade tendência | Macro -1 | MTF BAIXA (3/3) [maior:↓ medio:↓ menor:↓],0.0,-2.0
2026-09-29 10:16:52,ADA,0.2528,69.7,0,🟡 AGUARDAR,-1.13,📉 QUEDA,-1,RSI 70 sobrecomprado | SMA9>SMA21 | Acima SMA50 | MACD+ | Macro -1 | LSTM -1.1% | MTF ALTA (2/3) [maior:↓ medio:↑ menor:↑],0.0,2.0
2026-09-29 10:16:52,PETR4,48.72,53.5,-1,🟡 AGUARDAR,-0.92,📉 QUEDA,-1,RSI 54 neutro | SMA9>SMA21 | Acima SMA50 | MACD- | Bônus tendência | Macro -1 | MTF BAIXA (2/3) [maior:↑ medio:↓ menor:↓],-0.071,-2.0
2026-09-29 10:16:52,VALE3,71.16,18.8,3,🟢 COMPRAR,3.7,📈 ALTA,-1,RSI 19 sobrevendido | SMA9<SMA21 | Abaixo SMA50 | MACD- | Macro -1 | LSTM +3.7% | MTF ALTA (2/3) [maior:↓ medio:↑ menor:↑],-0.021,2.0
2026-09-29 10:16:52,ITUB4,41.71,43.9,-1,🟡 AGUARDAR,0.29,📈 ALTA,-1,RSI 44 baixo | SMA9>SMA21 | Acima SMA50 | MACD- | Macro -1 | MTF BAIXA (2/3) [maior:↑ medio:↓ menor:↓],0.006,-2.0
2026-09-29 10:16:52,BBAS3,21.49,38.4,2,🟢 COMPRAR (conf.),2.09,📈 ALTA,-1,RSI 38 baixo | SMA9>SMA21 | Acima SMA50 | MACD- | Bônus tendência | Macro -1 | LSTM +2.1% | MTF BAIXA (2/3) [maior:↑ medio:↓ menor:↓],0.039,-2.0
2026-09-29 10:16:52,WEGE3,50.12,34.3,1,🟡 AGUARDAR,2.32,📈 ALTA,-1,RSI 34 sobrevendido | SMA9<SMA21 | Acima SMA50 | MACD- | Bônus tendência | Macro -1 | LSTM +2.3% | MTF BAIXA (3/3) [maior:↓ medio:↓ menor:↓],-0.012,-2.0
2026-09-29 11:08:29,BTC,84042.01,61.0,3,🟢 COMPRAR,-0.75,📉 QUEDA,-1,RSI 61 alto | SMA9>SMA21 | Acima SMA50 | MACD+ | Macro -1 | MTF ALTA (2/3) [maior:↓ medio:↑ menor:↑],-0.036,2.0
2026-09-29 11:08:29,ETH,2718.36,65.2,4,🟢 COMPRAR,-0.61,📉 QUEDA,-1,RSI 65 sobrecomprado (atenuado) | SMA9>SMA21 | Acima SMA50 | MACD+ | Bônus tendência | Macro -1 | MTF ALTA (2/3) [maior:↓ medio:↑ menor:↑],-0.018,2.0
2026-09-29 11:08:29,SOL,119.45,56.7,0,🟡 AGUARDAR,0.03,📈 ALTA,-1,RSI 57 alto | SMA9>SMA21 | Abaixo SMA50 | MACD+ | Penalidade tendência | Macro -1 | MTF ALTA (2/3) [maior:↓ medio:↑ menor:↑],-0.023,2.0
2026-09-29 11:08:29,BNB,764.0,53.2,-3,🔴 VENDER,-0.27,📉 QUEDA,-1,RSI 53 neutro | SMA9>SMA21 | Abaixo SMA50 | MACD+ | Penalidade tendência | Macro -1 | MTF BAIXA (2/3) [maior:↓ medio:↑ menor:↓],0.0,-2.0
2026-09-29 11:08:29,ADA,0.2514,62.6,3,🟢 COMPRAR,-0.2,📉 QUEDA,-1,RSI 63 alto | SMA9>SMA21 | Acima SMA50 | MACD+ | Macro -1 | MTF ALTA (2/3) [maior:↓ medio:↑ menor:↑],0.0,2.0
2026-09-29 11:08:29,PETR4,48.72,53.5,-2,🟡 AGUARDAR,-0.92,📉 QUEDA,-2,RSI 54 neutro | SMA9>SMA21 | Acima SMA50 | MACD- | Bônus tendência | Macro -2 | MTF BAIXA (2/3) [maior:↑ medio:↓ menor:↓],-0.071,-2.0
2026-09-29 11:08:29,VALE3,71.16,18.8,2,🟡 AGUARDAR,3.7,📈 ALTA,-2,RSI 19 sobrevendido | SMA9<SMA21 | Abaixo SMA50 | MACD- | Macro -2 | LSTM +3.7% | MTF ALTA (2/3) [maior:↓ medio:↑ menor:↑],-0.021,2.0
2026-09-29 11:08:29,ITUB4,41.71,43.9,-2,🟡 AGUARDAR,0.29,📈 ALTA,-2,RSI 44 baixo | SMA9>SMA21 | Acima SMA50 | MACD- | Macro -2 | MTF BAIXA (2/3) [maior:↑ medio:↓ menor:↓],0.006,-2.0
2026-09-29 11:08:29,BBAS3,21.49,38.4,1,🟡 AGUARDAR,2.09,📈 ALTA,-2,RSI 38 baixo | SMA9>SMA21 | Acima SMA50 | MACD- | Bônus tendência | Macro -2 | LSTM +2.1% | MTF BAIXA (2/3) [maior:↑ medio:↓ menor:↓],0.039,-2.0
2026-09-29 11:08:29,WEGE3,50.12,34.3,0,🟡 AGUARDAR,2.32,📈 ALTA,-2,RSI 34 sobrevendido | SMA9<SMA21 | Acima SMA50 | MACD- | Bônus tendência | Macro -2 | LSTM +2.3% | MTF BAIXA (3/3) [maior:↓ medio:↓ menor:↓],-0.012,-2.0
2026-09-29 11:40:25,BTC,84218.52,63.7,3,🟢 COMPRAR,-0.95,📉 QUEDA,-1,RSI 64 alto | SMA9>SMA21 | Acima SMA50 | MACD+ | Macro -1 | MTF ALTA (2/3) [maior:↓ medio:↑ menor:↑],-0.036,2.0
2026-09-29 11:40:25,ETH,2724.7,67.1,4,🟢 COMPRAR,-0.82,📉 QUEDA,-1,RSI 67 sobrecomprado (atenuado) | SMA9>SMA21 | Acima SMA50 | MACD+ | Bônus tendência | Macro -1 | MTF ALTA (2/3) [maior:↓ medio:↑ menor:↑],-0.018,2.0
2026-09-29 11:40:25,SOL,119.73,58.5,0,🟡 AGUARDAR,-0.19,📉 QUEDA,-1,RSI 58 alto | SMA9>SMA21 | Abaixo SMA50 | MACD+ | Penalidade tendência | Macro -1 | MTF ALTA (2/3) [maior:↓ medio:↑ menor:↑],-0.023,2.0
2026-09-29 11:40:25,BNB,764.87,54.6,-3,🔴 VENDER,-0.38,📉 QUEDA,-1,RSI 55 neutro | SMA9>SMA21 | Abaixo SMA50 | MACD+ | Penalidade tendência | Macro -1 | MTF BAIXA (2/3) [maior:↓ medio:↑ menor:↓],0.0,-2.0
2026-09-29 11:40:25,ADA,0.2534,65.8,2,🟡 AGUARDAR,-0.91,📉 QUEDA,-1,RSI 66 sobrecomprado | SMA9>SMA21 | Acima SMA50 | MACD+ | Macro -1 | MTF ALTA (2/3) [maior:↓ medio:↑ menor:↑],0.0,2.0
2026-09-29 11:40:25,PETR4,48.72,53.5,-2,🟡 AGUARDAR,-0.92,📉 QUEDA,-2,RSI 54 neutro | SMA9>SMA21 | Acima SMA50 | MACD- | Bônus tendência | Macro -2 | MTF BAIXA (2/3) [maior:↑ medio:↓ menor:↓],-0.071,-2.0
2026-09-29 11:40:25,VALE3,71.16,18.8,2,🟡 AGUARDAR,3.7,📈 ALTA,-2,RSI 19 sobrevendido | SMA9<SMA21 | Abaixo SMA50 | MACD- | Macro -2 | LSTM +3.7% | MTF ALTA (2/3) [maior:↓ medio:↑ menor:↑],-0.021,2.0
2026-09-29 11:40:25,ITUB4,41.71,43.9,-2,🟡 AGUARDAR,0.29,📈 ALTA,-2,RSI 44 baixo | SMA9>SMA21 | Acima SMA50 | MACD- | Macro -2 | MTF BAIXA (2/3) [maior:↑ medio:↓ menor:↓],0.006,-2.0
2026-09-29 11:40:25,BBAS3,21.49,38.4,1,🟡 AGUARDAR,2.09,📈 ALTA,-2,RSI 38 baixo | SMA9>SMA21 | Acima SMA50 | MACD- | Bônus tendência | Macro -2 | LSTM +2.1% | MTF BAIXA (2/3) [maior:↑ medio:↓ menor:↓],0.039,-2.0
2026-09-29 11:40:25,WEGE3,50.12,34.3,0,🟡 AGUARDAR,2.32,📈 ALTA,-2,RSI 34 sobrevendido | SMA9<SMA21 | Acima SMA50 | MACD- | Bônus tendência | Macro -2 | LSTM +2.3% | MTF BAIXA (3/3) [maior:↓ medio:↓ menor:↓],-0.012,-2.0
2026-09-29 12:10:49,BTC,84295.97,65.8,2,🟡 AGUARDAR,-0.96,📉 QUEDA,-1,RSI 66 sobrecomprado | SMA9>SMA21 | Acima SMA50 | MACD+ | Macro -1 | MTF ALTA (2/3) [maior:↓ medio:↑ menor:↑],-0.036,2.0
2026-09-29 12:10:49,ETH,2729.38,67.5,4,🟢 COMPRAR,-0.66,📉 QUEDA,-1,RSI 68 sobrecomprado (atenuado) | SMA9>SMA21 | Acima SMA50 | MACD+ | Bônus tendência | Macro -1 | MTF ALTA (3/3) [maior:↑ medio:↑ menor:↑],-0.018,2.0
2026-09-29 12:10:49,SOL,120.04,58.4,3,🟢 COMPRAR,-0.3,📉 QUEDA,-1,RSI 58 alto | SMA9>SMA21 | Acima SMA50 | MACD+ | Macro -1 | MTF ALTA (2/3) [maior:↓ medio:↑ menor:↑],-0.023,2.0
2026-09-29 12:10:49,BNB,765.82,53.1,-3,🔴 VENDER,-0.43,📉 QUEDA,-1,RSI 53 neutro | SMA9>SMA21 | Abaixo SMA50 | MACD+ | Penalidade tendência | Macro -1 | MTF BAIXA (2/3) [maior:↓ medio:↑ menor:↓],0.0,-2.0
2026-09-29 12:10:49,ADA,0.2532,62.4,-1,🟡 AGUARDAR,-0.37,📉 QUEDA,-1,RSI 62 alto | SMA9>SMA21 | Acima SMA50 | MACD+ | Macro -1 | MTF BAIXA (2/3) [maior:↓ medio:↑ menor:↓],0.0,-2.0
2026-09-29 12:10:49,PETR4,48.72,53.5,-1,🟡 AGUARDAR,-0.92,📉 QUEDA,-1,RSI 54 neutro | SMA9>SMA21 | Acima SMA50 | MACD- | Bônus tendência | Macro -1 | MTF BAIXA (2/3) [maior:↑ medio:↓ menor:↓],-0.071,-2.0
2026-09-29 12:10:49,VALE3,71.16,18.8,3,🟢 COMPRAR,3.7,📈 ALTA,-1,RSI 19 sobrevendido | SMA9<SMA21 | Abaixo SMA50 | MACD- | Macro -1 | LSTM +3.7% | MTF ALTA (2/3) [maior:↓ medio:↑ menor:↑],-0.021,2.0
2026-09-29 12:10:49,ITUB4,41.71,43.9,-1,🟡 AGUARDAR,0.29,📈 ALTA,-1,RSI 44 baixo | SMA9>SMA21 | Acima SMA50 | MACD- | Macro -1 | MTF BAIXA (2/3) [maior:↑ medio:↓ menor:↓],0.006,-2.0
2026-09-29 12:10:49,BBAS3,21.49,38.4,2,🟢 COMPRAR (conf.),2.09,📈 ALTA,-1,RSI 38 baixo | SMA9>SMA21 | Acima SMA50 | MACD- | Bônus tendência | Macro -1 | LSTM +2.1% | MTF BAIXA (2/3) [maior:↑ medio:↓ menor:↓],0.039,-2.0
2026-09-29 12:10:49,WEGE3,50.12,34.3,1,🟡 AGUARDAR,2.32,📈 ALTA,-1,RSI 34 sobrevendido | SMA9<SMA21 | Acima SMA50 | MACD- | Bônus tendência | Macro -1 | LSTM +2.3% | MTF BAIXA (3/3) [maior:↓ medio:↓ menor:↓],-0.012,-2.0
2026-09-29 12:46:52,BTC,84242.38,64.5,3,🟢 COMPRAR,-0.9,📉 QUEDA,-1,RSI 65 alto | SMA9>SMA21 | Acima SMA50 | MACD+ | Macro -1 | MTF ALTA (2/3) [maior:↓ medio:↑ menor:↑],-0.036,2.0
2026-09-29 12:46:52,ETH,2735.73,69.9,4,🟢 COMPRAR,-0.86,📉 QUEDA,-1,RSI 70 sobrecomprado (atenuado) | SMA9>SMA21 | Acima SMA50 | MACD+ | Bônus tendência | Macro -1 | MTF ALTA (3/3) [maior:↑ medio:↑ menor:↑],-0.018,2.0
2026-09-29 12:46:52,SOL,120.46,61.0,3,🟢 COMPRAR,-0.63,📉 QUEDA,-1,RSI 61 alto | SMA9>SMA21 | Acima SMA50 | MACD+ | Macro -1 | MTF ALTA (2/3) [maior:↓ medio:↑ menor:↑],-0.023,2.0
2026-09-29 12:46:52,BNB,764.88,51.5,1,🟡 AGUARDAR,-0.31,📉 QUEDA,-1,RSI 51 neutro | SMA9>SMA21 | Abaixo SMA50 | MACD+ | Penalidade tendência | Macro -1 | MTF ALTA (2/3) [maior:↓ medio:↑ menor:↑],0.0,2.0
2026-09-29 12:46:52,ADA,0.2524,60.4,3,🟢 COMPRAR,-0.08,📉 QUEDA,-1,RSI 60 alto | SMA9>SMA21 | Acima SMA50 | MACD+ | Macro -1 | MTF ALTA (2/3) [maior:↓ medio:↑ menor:↑],0.0,2.0
2026-09-29 12:46:52,PETR4,48.72,53.5,-1,🟡 AGUARDAR,-0.92,📉 QUEDA,-1,RSI 54 neutro | SMA9>SMA21 | Acima SMA50 | MACD- | Bônus tendência | Macro -1 | MTF BAIXA (2/3) [maior:↑ medio:↓ menor:↓],-0.071,-2.0
2026-09-29 12:46:52,VALE3,71.16,18.8,3,🟢 COMPRAR,3.7,📈 ALTA,-1,RSI 19 sobrevendido | SMA9<SMA21 | Abaixo SMA50 | MACD- | Macro -1 | LSTM +3.7% | MTF ALTA (2/3) [maior:↓ medio:↑ menor:↑],-0.021,2.0
2026-09-29 12:46:52,ITUB4,41.71,43.9,-1,🟡 AGUARDAR,0.29,📈 ALTA,-1,RSI 44 baixo | SMA9>SMA21 | Acima SMA50 | MACD- | Macro -1 | MTF BAIXA (2/3) [maior:↑ medio:↓ menor:↓],0.006,-2.0
2026-09-29 12:46:52,BBAS3,21.49,38.4,2,🟢 COMPRAR (conf.),2.09,📈 ALTA,-1,RSI 38 baixo | SMA9>SMA21 | Acima SMA50 | MACD- | Bônus tendência | Macro -1 | LSTM +2.1% | MTF BAIXA (2/3) [maior:↑ medio:↓ menor:↓],0.039,-2.0
2026-09-29 12:46:52,WEGE3,50.12,34.3,1,🟡 AGUARDAR,2.32,📈 ALTA,-1,RSI 34 sobrevendido | SMA9<SMA21 | Acima SMA50 | MACD- | Bônus tendência | Macro -1 | LSTM +2.3% | MTF BAIXA (3/3) [maior:↓ medio:↓ menor:↓],-0.012,-2.0
2026-09-29 13:13:34,BTC,84383.15,75.6,1,🟡 AGUARDAR,-0.98,📉 QUEDA,-1,RSI 76 sobrecomprado | SMA9>SMA21 | Acima SMA50 | MACD+ | Macro -1 | MTF ALTA (2/3) [maior:↓ medio:↑ menor:↑],-0.036,2.0
2026-09-29 13:13:34,ETH,2736.12,76.9,3,🟢 COMPRAR,-0.57,📉 QUEDA,-1,RSI 77 sobrecomprado (atenuado) | SMA9>SMA21 | Acima SMA50 | MACD+ | Bônus tendência | Macro -1 | MTF ALTA (3/3) [maior:↑ medio:↑ menor:↑],-0.018,2.0
2026-09-29 13:13:34,SOL,121.02,70.2,2,🟡 AGUARDAR,-0.87,📉 QUEDA,-1,RSI 70 sobrecomprado | SMA9>SMA21 | Acima SMA50 | MACD+ | Macro -1 | MTF ALTA (2/3) [maior:↓ medio:↑ menor:↑],-0.023,2.0
2026-09-29 13:13:34,BNB,765.7,59.9,0,🟡 AGUARDAR,-0.35,📉 QUEDA,-1,RSI 60 alto | SMA9>SMA21 | Abaixo SMA50 | MACD+ | Penalidade tendência | Macro -1 | MTF ALTA (2/3) [maior:↓ medio:↑ menor:↑],0.0,2.0
2026-09-29 13:13:34,ADA,0.2526,64.1,3,🟢 COMPRAR,0.09,📈 ALTA,-1,RSI 64 alto | SMA9>SMA21 | Acima SMA50 | MACD+ | Macro -1 | MTF ALTA (2/3) [maior:↓ medio:↑ menor:↑],0.0,2.0
2026-09-29 13:13:34,PETR4,48.72,53.5,1,🟡 AGUARDAR,-0.92,📉 QUEDA,-1,RSI 54 neutro | SMA9>SMA21 | Acima SMA50 | MACD- | Bônus tendência | Macro -1,-0.071,0.0
2026-09-29 13:13:34,VALE3,71.16,18.8,1,🟡 AGUARDAR,3.7,📈 ALTA,-1,RSI 19 sobrevendido | SMA9<SMA21 | Abaixo SMA50 | MACD- | Macro -1 | LSTM +3.7%,-0.021,0.0
2026-09-29 13:13:34,ITUB4,41.71,43.9,1,🟡 AGUARDAR,0.29,📈 ALTA,-1,RSI 44 baixo | SMA9>SMA21 | Acima SMA50 | MACD- | Macro -1,0.006,0.0
2026-09-29 13:13:34,BBAS3,21.49,38.4,4,🟢 COMPRAR,2.09,📈 ALTA,-1,RSI 38 baixo | SMA9>SMA21 | Acima SMA50 | MACD- | Bônus tendência | Macro -1 | LSTM +2.1%,0.039,0.0
2026-09-29 13:13:34,WEGE3,50.12,34.3,1,🟡 AGUARDAR,2.32,📈 ALTA,-1,RSI 34 sobrevendido | SMA9<SMA21 | Acima SMA50 | MACD- | Bônus tendência | Macro -1 | LSTM +2.3% | MTF BAIXA (2/2) [maior:↓ medio:↓],-0.012,-2.0
2026-09-29 13:35:09,BTC,84059.92,67.7,2,🟡 AGUARDAR,-0.61,📉 QUEDA,-1,RSI 68 sobrecomprado | SMA9>SMA21 | Acima SMA50 | MACD+ | Macro -1 | MTF ALTA (2/3) [maior:↓ medio:↑ menor:↑],-0.036,2.0
2026-09-29 13:35:09,ETH,2726.22,69.9,4,🟢 COMPRAR,-0.26,📉 QUEDA,-1,RSI 70 sobrecomprado (atenuado) | SMA9>SMA21 | Acima SMA50 | MACD+ | Bônus tendência | Macro -1 | MTF ALTA (3/3) [maior:↑ medio:↑ menor:↑],-0.018,2.0
2026-09-29 13:35:09,SOL,120.83,69.2,2,🟡 AGUARDAR,-0.73,📉 QUEDA,-1,RSI 69 sobrecomprado | SMA9>SMA21 | Acima SMA50 | MACD+ | Macro -1 | MTF ALTA (2/3) [maior:↓ medio:↑ menor:↑],-0.023,2.0
2026-09-29 13:35:09,BNB,763.86,56.0,0,🟡 AGUARDAR,-0.12,📉 QUEDA,-1,RSI 56 alto | SMA9>SMA21 | Abaixo SMA50 | MACD+ | Penalidade tendência | Macro -1 | MTF ALTA (2/3) [maior:↓ medio:↑ menor:↑],0.0,2.0
2026-09-29 13:35:09,ADA,0.2513,60.6,3,🟢 COMPRAR,0.54,📈 ALTA,-1,RSI 61 alto | SMA9>SMA21 | Acima SMA50 | MACD+ | Macro -1 | MTF ALTA (2/3) [maior:↓ medio:↑ menor:↑],0.0,2.0
2026-09-29 13:35:09,PETR4,48.17,48.6,2,🟢 COMPRAR (conf.),0.0,📈 ALTA,-2,RSI 49 neutro | SMA9>SMA21 | Acima SMA50 | MACD- | Bônus tendência | Macro -2 | MTF ALTA (3/3) [maior:↑ medio:↑ menor:↑],-0.071,2.0
2026-09-29 13:35:09,VALE3,71.26,18.9,2,🟡 AGUARDAR,3.16,📈 ALTA,-2,RSI 19 sobrevendido | SMA9<SMA21 | Abaixo SMA50 | MACD- | Macro -2 | LSTM +3.2% | MTF ALTA (2/3) [maior:↓ medio:↑ menor:↑],-0.021,2.0
2026-09-29 13:35:09,ITUB4,41.64,50.5,-3,🔴 VENDER,0.5,📈 ALTA,-2,RSI 50 neutro | SMA9>SMA21 | Acima SMA50 | MACD- | Macro -2 | MTF BAIXA (2/3) [maior:↑ medio:↓ menor:↓],0.006,-2.0
2026-09-29 13:35:09,BBAS3,21.4,41.2,1,🟡 AGUARDAR,1.36,📈 ALTA,-2,RSI 41 baixo | SMA9>SMA21 | Acima SMA50 | MACD- | Bônus tendência | Macro -2 | LSTM +1.4% | MTF BAIXA (2/3) [maior:↑ medio:↓ menor:↓],0.039,-2.0
2026-09-29 13:35:09,WEGE3,50.07,38.7,-1,🟡 AGUARDAR,2.37,📈 ALTA,-2,RSI 39 baixo | SMA9<SMA21 | Acima SMA50 | MACD- | Bônus tendência | Macro -2 | LSTM +2.4% | MTF BAIXA (3/3) [maior:↓ medio:↓ menor:↓],-0.012,-2.0
2026-09-29 13:57:42,BTC,84309.64,74.2,2,🟡 AGUARDAR,-0.89,📉 QUEDA,-1,RSI 74 sobrecomprado | SMA9>SMA21 | Acima SMA50 | MACD+ | Macro -1 | MTF ALTA (2/3) [maior:↓ medio:↑ menor:↑],-0.036,2.0
2026-09-29 13:57:42,ETH,2730.4,73.3,4,🟢 COMPRAR,-0.37,📉 QUEDA,-1,RSI 73 sobrecomprado (atenuado) | SMA9>SMA21 | Acima SMA50 | MACD+ | Bônus tendência | Macro -1 | MTF ALTA (3/3) [maior:↑ medio:↑ menor:↑],-0.018,2.0
2026-09-29 13:57:42,SOL,121.34,70.9,0,🟡 AGUARDAR,-1.12,📉 QUEDA,-1,RSI 71 sobrecomprado | SMA9>SMA21 | Acima SMA50 | MACD+ | Macro -1 | LSTM -1.1% | MTF ALTA (2/3) [maior:↓ medio:↑ menor:↑],-0.023,2.0
2026-09-29 13:57:42,BNB,765.6,59.7,0,🟡 AGUARDAR,-0.33,📉 QUEDA,-1,RSI 60 alto | SMA9>SMA21 | Abaixo SMA50 | MACD+ | Penalidade tendência | Macro -1 | MTF ALTA (2/3) [maior:↓ medio:↑ menor:↑],0.0,2.0
2026-09-29 13:57:42,ADA,0.2522,63.3,3,🟢 COMPRAR,0.31,📈 ALTA,-1,RSI 63 alto | SMA9>SMA21 | Acima SMA50 | MACD+ | Macro -1 | MTF ALTA (2/3) [maior:↓ medio:↑ menor:↑],0.0,2.0
2026-09-29 13:57:42,PETR4,48.23,49.0,3,🟢 COMPRAR,-0.12,📉 QUEDA,-1,RSI 49 neutro | SMA9>SMA21 | Acima SMA50 | MACD- | Bônus tendência | Macro -1 | MTF ALTA (3/3) [maior:↑ medio:↑ menor:↑],-0.071,2.0
2026-09-29 13:57:42,VALE3,70.17,17.0,3,🟢 COMPRAR,4.76,📈 ALTA,-1,RSI 17 sobrevendido | SMA9<SMA21 | Abaixo SMA50 | MACD- | Macro -1 | LSTM +4.8% | MTF ALTA (2/3) [maior:↓ medio:↑ menor:↑],-0.021,2.0
2026-09-29 13:57:42,ITUB4,41.64,50.5,-2,🟡 AGUARDAR,0.5,📈 ALTA,-1,RSI 50 neutro | SMA9>SMA21 | Acima SMA50 | MACD- | Macro -1 | MTF BAIXA (2/3) [maior:↑ medio:↓ menor:↓],0.006,-2.0
2026-09-29 13:57:42,BBAS3,21.47,41.9,2,🟢 COMPRAR (conf.),1.03,📈 ALTA,-1,RSI 42 baixo | SMA9>SMA21 | Acima SMA50 | MACD- | Bônus tendência | Macro -1 | LSTM +1.0% | MTF BAIXA (2/3) [maior:↑ medio:↓ menor:↓],0.039,-2.0
2026-09-29 13:57:42,WEGE3,49.88,37.7,0,🟡 AGUARDAR,2.76,📈 ALTA,-1,RSI 38 baixo | SMA9<SMA21 | Acima SMA50 | MACD- | Bônus tendência | Macro -1 | LSTM +2.8% | MTF BAIXA (3/3) [maior:↓ medio:↓ menor:↓],-0.012,-2.0
2026-09-29 14:15:16,BTC,83905.51,67.1,2,🟡 AGUARDAR,-0.35,📉 QUEDA,-1,RSI 67 sobrecomprado | SMA9>SMA21 | Acima SMA50 | MACD+ | Macro -1 | MTF ALTA (2/3) [maior:↓ medio:↑ menor:↑],-0.036,2.0
2026-09-29 14:15:16,ETH,2716.83,72.4,4,🟢 COMPRAR,0.27,📈 ALTA,-1,RSI 72 sobrecomprado (atenuado) | SMA9>SMA21 | Acima SMA50 | MACD+ | Bônus tendência | Macro -1 | MTF ALTA (3/3) [maior:↑ medio:↑ menor:↑],-0.018,2.0
2026-09-29 14:15:16,SOL,120.43,74.8,2,🟡 AGUARDAR,-0.21,📉 QUEDA,-1,RSI 75 sobrecomprado | SMA9>SMA21 | Acima SMA50 | MACD+ | Macro -1 | MTF ALTA (2/3) [maior:↓ medio:↑ menor:↑],-0.023,2.0
2026-09-29 14:15:16,BNB,762.63,59.8,0,🟡 AGUARDAR,0.09,📈 ALTA,-1,RSI 60 alto | SMA9>SMA21 | Abaixo SMA50 | MACD+ | Penalidade tendência | Macro -1 | MTF ALTA (2/3) [maior:↓ medio:↑ menor:↑],0.0,2.0
2026-09-29 14:15:16,ADA,0.2506,68.3,-2,🟡 AGUARDAR,0.96,📈 ALTA,-1,RSI 68 sobrecomprado | SMA9>SMA21 | Acima SMA50 | MACD+ | Macro -1 | MTF BAIXA (2/3) [maior:↓ medio:↑ menor:↓],0.0,-2.0
2026-09-29 14:15:16,PETR4,48.65,51.3,2,🟢 COMPRAR (conf.),-0.98,📉 QUEDA,-2,RSI 51 neutro | SMA9>SMA21 | Acima SMA50 | MACD- | Bônus tendência | Macro -2 | MTF ALTA (3/3) [maior:↑ medio:↑ menor:↑],-0.071,2.0
2026-09-29 14:15:16,VALE3,69.98,16.7,-2,🟡 AGUARDAR,5.05,📈 ALTA,-2,RSI 17 sobrevendido | SMA9<SMA21 | Abaixo SMA50 | MACD- | Macro -2 | LSTM +5.0% | MTF BAIXA (3/3) [maior:↓ medio:↓ menor:↓],-0.021,-2.0
2026-09-29 14:15:16,ITUB4,41.68,50.9,-3,🔴 VENDER,0.4,📈 ALTA,-2,RSI 51 neutro | SMA9>SMA21 | Acima SMA50 | MACD- | Macro -2 | MTF BAIXA (2/3) [maior:↑ medio:↓ menor:↓],0.006,-2.0
2026-09-29 14:15:16,BBAS3,21.62,43.8,-1,🟡 AGUARDAR,0.33,📈 ALTA,-2,RSI 44 baixo | SMA9>SMA21 | Acima SMA50 | MACD- | Bônus tendência | Macro -2 | MTF BAIXA (2/3) [maior:↑ medio:↓ menor:↓],0.039,-2.0
2026-09-29 14:15:16,WEGE3,50.04,38.5,-1,🟡 AGUARDAR,2.43,📈 ALTA,-2,RSI 39 baixo | SMA9<SMA21 | Acima SMA50 | MACD- | Bônus tendência | Macro -2 | LSTM +2.4% | MTF BAIXA (3/3) [maior:↓ medio:↓ menor:↓],-0.012,-2.0
2026-09-29 14:34:51,BTC,83938.19,67.9,-2,🟡 AGUARDAR,-0.39,📉 QUEDA,-1,RSI 68 sobrecomprado | SMA9>SMA21 | Acima SMA50 | MACD+ | Macro -1 | MTF BAIXA (2/3) [maior:↓ medio:↑ menor:↓],-0.036,-2.0
2026-09-29 14:34:51,ETH,2716.28,72.0,4,🟢 COMPRAR,0.29,📈 ALTA,-1,RSI 72 sobrecomprado (atenuado) | SMA9>SMA21 | Acima SMA50 | MACD+ | Bônus tendência | Macro -1 | MTF ALTA (3/3) [maior:↑ medio:↑ menor:↑],-0.018,2.0
2026-09-29 14:34:51,SOL,120.73,77.8,1,🟡 AGUARDAR,-0.45,📉 QUEDA,-1,RSI 78 sobrecomprado | SMA9>SMA21 | Acima SMA50 | MACD+ | Macro -1 | MTF ALTA (2/3) [maior:↓ medio:↑ menor:↑],-0.023,2.0
2026-09-29 14:34:51,BNB,764.47,64.3,0,🟡 AGUARDAR,-0.14,📉 QUEDA,-1,RSI 64 alto | SMA9>SMA21 | Abaixo SMA50 | MACD+ | Penalidade tendência | Macro -1 | MTF ALTA (2/3) [maior:↓ medio:↑ menor:↑],0.0,2.0
2026-09-29 14:34:51,ADA,0.2527,73.5,-2,🟡 AGUARDAR,0.22,📈 ALTA,-1,RSI 73 sobrecomprado | SMA9>SMA21 | Acima SMA50 | MACD+ | Macro -1 | MTF BAIXA (2/3) [maior:↓ medio:↑ menor:↓],0.0,-2.0
2026-09-29 14:34:51,PETR4,48.54,50.7,2,🟢 COMPRAR (conf.),-0.76,📉 QUEDA,-2,RSI 51 neutro | SMA9>SMA21 | Acima SMA50 | MACD- | Bônus tendência | Macro -2 | MTF ALTA (3/3) [maior:↑ medio:↑ menor:↑],-0.071,2.0
2026-09-29 14:34:51,VALE3,69.84,16.5,-2,🟡 AGUARDAR,5.26,📈 ALTA,-2,RSI 17 sobrevendido | SMA9<SMA21 | Abaixo SMA50 | MACD- | Macro -2 | LSTM +5.3% | MTF BAIXA (3/3) [maior:↓ medio:↓ menor:↓],-0.021,-2.0
2026-09-29 14:34:51,ITUB4,41.81,52.1,-3,🔴 VENDER,0.09,📈 ALTA,-2,RSI 52 neutro | SMA9>SMA21 | Acima SMA50 | MACD- | Macro -2 | MTF BAIXA (2/3) [maior:↑ medio:↓ menor:↓],0.006,-2.0
2026-09-29 14:34:51,BBAS3,21.81,46.0,2,🟢 COMPRAR (conf.),-0.55,📉 QUEDA,-2,RSI 46 neutro | SMA9>SMA21 | Acima SMA50 | MACD- | Bônus tendência | Macro -2 | MTF ALTA (3/3) [maior:↑ medio:↑ menor:↑],0.039,2.0
2026-09-29 14:34:51,WEGE3,49.95,38.0,-1,🟡 AGUARDAR,2.61,📈 ALTA,-2,RSI 38 baixo | SMA9<SMA21 | Acima SMA50 | MACD- | Bônus tendência | Macro -2 | LSTM +2.6% | MTF BAIXA (3/3) [maior:↓ medio:↓ menor:↓],-0.012,-2.0
2026-09-29 14:58:04,BTC,83805.94,64.4,-1,🟡 AGUARDAR,-0.24,📉 QUEDA,-1,RSI 64 alto | SMA9>SMA21 | Acima SMA50 | MACD+ | Macro -1 | MTF BAIXA (2/3) [maior:↓ medio:↑ menor:↓],-0.036,-2.0
2026-09-29 14:58:04,ETH,2714.68,70.9,4,🟢 COMPRAR,0.35,📈 ALTA,-1,RSI 71 sobrecomprado (atenuado) | SMA9>SMA21 | Acima SMA50 | MACD+ | Bônus tendência | Macro -1 | MTF ALTA (2/3) [maior:↑ medio:↑ menor:↓],-0.018,2.0
2026-09-29 14:58:04,SOL,120.33,73.9,2,🟡 AGUARDAR,-0.13,📉 QUEDA,-1,RSI 74 sobrecomprado | SMA9>SMA21 | Acima SMA50 | MACD+ | Macro -1 | MTF ALTA (2/3) [maior:↓ medio:↑ menor:↑],-0.023,2.0
2026-09-29 14:58:04,BNB,764.74,64.8,-4,🔴 VENDER,-0.17,📉 QUEDA,-1,RSI 65 alto | SMA9>SMA21 | Abaixo SMA50 | MACD+ | Penalidade tendência | Macro -1 | MTF BAIXA (2/3) [maior:↓ medio:↑ menor:↓],0.0,-2.0
2026-09-29 14:58:04,ADA,0.2526,72.7,-2,🟡 AGUARDAR,0.34,📈 ALTA,-1,RSI 73 sobrecomprado | SMA9>SMA21 | Acima SMA50 | MACD+ | Macro -1 | MTF BAIXA (2/3) [maior:↓ medio:↑ menor:↓],0.0,-2.0
2026-09-29 14:58:04,PETR4,48.46,50.2,2,🟢 COMPRAR (conf.),-0.59,📉 QUEDA,-2,RSI 50 neutro | SMA9>SMA21 | Acima SMA50 | MACD- | Bônus tendência | Macro -2 | MTF ALTA (3/3) [maior:↑ medio:↑ menor:↑],-0.071,2.0
2026-09-29 14:58:04,VALE3,69.73,16.4,-2,🟡 AGUARDAR,5.43,📈 ALTA,-2,RSI 16 sobrevendido | SMA9<SMA21 | Abaixo SMA50 | MACD- | Macro -2 | LSTM +5.4% | MTF BAIXA (3/3) [maior:↓ medio:↓ menor:↓],-0.021,-2.0
2026-09-29 14:58:04,ITUB4,41.67,50.8,-3,🔴 VENDER,0.43,📈 ALTA,-2,RSI 51 neutro | SMA9>SMA21 | Acima SMA50 | MACD- | Macro -2 | MTF BAIXA (2/3) [maior:↑ medio:↓ menor:↓],0.006,-2.0
2026-09-29 14:58:04,BBAS3,21.79,45.8,2,🟢 COMPRAR (conf.),-0.45,📉 QUEDA,-2,RSI 46 neutro | SMA9>SMA21 | Acima SMA50 | MACD- | Bônus tendência | Macro -2 | MTF ALTA (3/3) [maior:↑ medio:↑ menor:↑],0.039,2.0
2026-09-29 14:58:04,WEGE3,49.85,37.5,-1,🟡 AGUARDAR,2.82,📈 ALTA,-2,RSI 38 baixo | SMA9<SMA21 | Acima SMA50 | MACD- | Bônus tendência | Macro -2 | LSTM +2.8% | MTF BAIXA (3/3) [maior:↓ medio:↓ menor:↓],-0.012,-2.0
2026-09-29 15:17:18,BTC,83446.7,58.4,-6,🔴 VENDER,0.23,📈 ALTA,-1,RSI 58 alto | SMA9>SMA21 | Abaixo SMA50 | MACD- | Penalidade tendência | Macro -1 | MTF BAIXA (2/3) [maior:↓ medio:↑ menor:↓],-0.036,-2.0
2026-09-29 15:17:18,ETH,2697.24,65.7,2,🟢 COMPRAR (conf.),0.97,📈 ALTA,-1,RSI 66 sobrecomprado (atenuado) | SMA9>SMA21 | Acima SMA50 | MACD- | Bônus tendência | Macro -1 | MTF ALTA (2/3) [maior:↑ medio:↑ menor:↓],-0.018,2.0
2026-09-29 15:17:18,SOL,119.51,67.2,-1,🟡 AGUARDAR,0.66,📈 ALTA,-1,RSI 67 sobrecomprado | SMA9>SMA21 | Abaixo SMA50 | MACD+ | Penalidade tendência | Macro -1 | MTF ALTA (2/3) [maior:↓ medio:↑ menor:↑],-0.023,2.0
2026-09-29 15:17:18,BNB,759.82,57.0,-4,🔴 VENDER,0.48,📈 ALTA,-1,RSI 57 alto | SMA9>SMA21 | Abaixo SMA50 | MACD+ | Penalidade tendência | Macro -1 | MTF BAIXA (2/3) [maior:↓ medio:↑ menor:↓],0.0,-2.0
2026-09-29 15:17:18,ADA,0.2494,70.1,0,🟡 AGUARDAR,1.49,📈 ALTA,-1,RSI 70 sobrecomprado | SMA9>SMA21 | Acima SMA50 | MACD+ | Macro -1 | LSTM +1.5% | MTF BAIXA (2/3) [maior:↓ medio:↑ menor:↓],0.0,-2.0
2026-09-29 15:17:18,PETR4,48.59,51.0,2,🟢 COMPRAR (conf.),-0.86,📉 QUEDA,-2,RSI 51 neutro | SMA9>SMA21 | Acima SMA50 | MACD- | Bônus tendência | Macro -2 | MTF ALTA (3/3) [maior:↑ medio:↑ menor:↑],-0.071,2.0
2026-09-29 15:17:18,VALE3,69.72,16.4,-2,🟡 AGUARDAR,5.44,📈 ALTA,-2,RSI 16 sobrevendido | SMA9<SMA21 | Abaixo SMA50 | MACD- | Macro -2 | LSTM +5.4% | MTF BAIXA (3/3) [maior:↓ medio:↓ menor:↓],-0.021,-2.0
2026-09-29 15:17:18,ITUB4,41.71,51.2,-3,🔴 VENDER,0.33,📈 ALTA,-2,RSI 51 neutro | SMA9>SMA21 | Acima SMA50 | MACD- | Macro -2 | MTF BAIXA (2/3) [maior:↑ medio:↓ menor:↓],0.006,-2.0
2026-09-29 15:17:18,BBAS3,21.89,46.9,2,🟢 COMPRAR (conf.),-0.91,📉 QUEDA,-2,RSI 47 neutro | SMA9>SMA21 | Acima SMA50 | MACD- | Bônus tendência | Macro -2 | MTF ALTA (3/3) [maior:↑ medio:↑ menor:↑],0.039,2.0
2026-09-29 15:17:18,WEGE3,49.87,37.6,-1,🟡 AGUARDAR,2.78,📈 ALTA,-2,RSI 38 baixo | SMA9<SMA21 | Acima SMA50 | MACD- | Bônus tendência | Macro -2 | LSTM +2.8% | MTF BAIXA (3/3) [maior:↓ medio:↓ menor:↓],-0.012,-2.0
2026-09-29 15:44:09,BTC,83130.64,53.1,-5,🔴 VENDER,0.6,📈 ALTA,-1,RSI 53 neutro | SMA9>SMA21 | Abaixo SMA50 | MACD- | Penalidade tendência | Macro -1 | MTF BAIXA (2/3) [maior:↓ medio:↑ menor:↓],-0.036,-2.0
2026-09-29 15:44:09,ETH,2678.84,57.6,-3,🔴 VENDER,1.59,📈 ALTA,-1,RSI 58 alto | SMA9>SMA21 | Abaixo SMA50 | MACD- | Macro -1 | LSTM +1.6% | MTF BAIXA (2/3) [maior:↓ medio:↑ menor:↓],-0.018,-2.0
2026-09-29 15:44:09,SOL,118.38,58.6,-2,🟡 AGUARDAR,1.58,📈 ALTA,-1,RSI 59 alto | SMA9>SMA21 | Abaixo SMA50 | MACD+ | Penalidade tendência | Macro -1 | LSTM +1.6% | MTF BAIXA (2/3) [maior:↓ medio:↑ menor:↓],-0.023,-2.0
2026-09-29 15:44:09,BNB,755.04,48.7,-3,🔴 VENDER,1.1,📈 ALTA,-1,RSI 49 neutro | SMA9>SMA21 | Abaixo SMA50 | MACD- | Penalidade tendência | Macro -1 | LSTM +1.1% | MTF BAIXA (2/3) [maior:↓ medio:↑ menor:↓],0.0,-2.0
2026-09-29 15:44:09,ADA,0.2452,58.8,-4,🔴 VENDER,3.08,📈 ALTA,-1,RSI 59 alto | SMA9>SMA21 | Abaixo SMA50 | MACD- | Penalidade tendência | Macro -1 | LSTM +3.1% | MTF BAIXA (2/3) [maior:↓ medio:↑ menor:↓],0.0,-2.0
2026-09-29 15:44:09,PETR4,48.61,51.1,2,🟢 COMPRAR (conf.),-0.9,📉 QUEDA,-2,RSI 51 neutro | SMA9>SMA21 | Acima SMA50 | MACD- | Bônus tendência | Macro -2 | MTF ALTA (3/3) [maior:↑ medio:↑ menor:↑],-0.071,2.0
2026-09-29 15:44:09,VALE3,69.38,16.0,-2,🟡 AGUARDAR,5.96,📈 ALTA,-2,RSI 16 sobrevendido | SMA9<SMA21 | Abaixo SMA50 | MACD- | Macro -2 | LSTM +6.0% | MTF BAIXA (3/3) [maior:↓ medio:↓ menor:↓],-0.021,-2.0
2026-09-29 15:44:09,ITUB4,41.66,50.7,-3,🔴 VENDER,0.45,📈 ALTA,-2,RSI 51 neutro | SMA9>SMA21 | Acima SMA50 | MACD- | Macro -2 | MTF BAIXA (2/3) [maior:↑ medio:↓ menor:↓],0.006,-2.0
2026-09-29 15:44:09,BBAS3,21.97,47.8,0,🟡 AGUARDAR,-1.27,📉 QUEDA,-2,RSI 48 neutro | SMA9>SMA21 | Acima SMA50 | MACD- | Bônus tendência | Macro -2 | LSTM -1.3% | MTF ALTA (3/3) [maior:↑ medio:↑ menor:↑],0.039,2.0
2026-09-29 15:44:09,WEGE3,49.99,38.3,-1,🟡 AGUARDAR,2.53,📈 ALTA,-2,RSI 38 baixo | SMA9<SMA21 | Acima SMA50 | MACD- | Bônus tendência | Macro -2 | LSTM +2.5% | MTF BAIXA (3/3) [maior:↓ medio:↓ menor:↓],-0.012,-2.0
2026-09-29 15:59:32,BTC,82970.33,50.6,-5,🔴 VENDER,0.78,📈 ALTA,-1,RSI 51 neutro | SMA9>SMA21 | Abaixo SMA50 | MACD- | Penalidade tendência | Macro -1 | MTF BAIXA (2/3) [maior:↓ medio:↑ menor:↓],-0.036,-2.0
2026-09-29 15:59:32,ETH,2670.89,54.6,-2,🟡 AGUARDAR,1.85,📈 ALTA,-1,RSI 55 neutro | SMA9>SMA21 | Abaixo SMA50 | MACD- | Macro -1 | LSTM +1.9% | MTF BAIXA (2/3) [maior:↓ medio:↑ menor:↓],-0.018,-2.0
2026-09-29 15:59:32,SOL,118.02,56.2,-2,🟡 AGUARDAR,1.87,📈 ALTA,-1,RSI 56 alto | SMA9>SMA21 | Abaixo SMA50 | MACD+ | Penalidade tendência | Macro -1 | LSTM +1.9% | MTF BAIXA (2/3) [maior:↓ medio:↑ menor:↓],-0.023,-2.0
2026-09-29 15:59:32,BNB,753.45,46.4,-3,🔴 VENDER,1.3,📈 ALTA,-1,RSI 46 neutro | SMA9>SMA21 | Abaixo SMA50 | MACD- | Penalidade tendência | Macro -1 | LSTM +1.3% | MTF BAIXA (2/3) [maior:↓ medio:↑ menor:↓],0.0,-2.0
2026-09-29 15:59:32,ADA,0.2436,55.3,-4,🔴 VENDER,3.68,📈 ALTA,-1,RSI 55 alto | SMA9>SMA21 | Abaixo SMA50 | MACD- | Penalidade tendência | Macro -1 | LSTM +3.7% | MTF BAIXA (2/3) [maior:↓ medio:↑ menor:↓],0.0,-2.0
2026-09-29 15:59:32,PETR4,48.63,51.2,2,🟢 COMPRAR (conf.),-0.94,📉 QUEDA,-2,RSI 51 neutro | SMA9>SMA21 | Acima SMA50 | MACD- | Bônus tendência | Macro -2 | MTF ALTA (3/3) [maior:↑ medio:↑ menor:↑],-0.071,2.0
2026-09-29 15:59:32,VALE3,69.51,16.2,-2,🟡 AGUARDAR,5.76,📈 ALTA,-2,RSI 16 sobrevendido | SMA9<SMA21 | Abaixo SMA50 | MACD- | Macro -2 | LSTM +5.8% | MTF BAIXA (3/3) [maior:↓ medio:↓ menor:↓],-0.021,-2.0
2026-09-29 15:59:32,ITUB4,41.75,51.6,-3,🔴 VENDER,0.24,📈 ALTA,-2,RSI 52 neutro | SMA9>SMA21 | Acima SMA50 | MACD- | Macro -2 | MTF BAIXA (2/3) [maior:↑ medio:↓ menor:↓],0.006,-2.0
2026-09-29 15:59:32,BBAS3,22.07,48.9,0,🟡 AGUARDAR,-1.72,📉 QUEDA,-2,RSI 49 neutro | SMA9>SMA21 | Acima SMA50 | MACD- | Bônus tendência | Macro -2 | LSTM -1.7% | MTF ALTA (3/3) [maior:↑ medio:↑ menor:↑],0.039,2.0
2026-09-29 15:59:32,WEGE3,50.03,38.5,-1,🟡 AGUARDAR,2.45,📈 ALTA,-2,RSI 38 baixo | SMA9<SMA21 | Acima SMA50 | MACD- | Bônus tendência | Macro -2 | LSTM +2.5% | MTF BAIXA (3/3) [maior:↓ medio:↓ menor:↓],-0.012,-2.0
2026-09-29 16:20:55,BTC,83134.31,51.4,-5,🔴 VENDER,0.59,📈 ALTA,-1,RSI 51 neutro | SMA9>SMA21 | Abaixo SMA50 | MACD- | Penalidade tendência | Macro -1 | MTF BAIXA (2/3) [maior:↓ medio:↑ menor:↓],-0.036,-2.0
2026-09-29 16:20:55,ETH,2680.24,55.2,1,🟡 AGUARDAR,1.28,📈 ALTA,-1,RSI 55 alto | SMA9>SMA21 | Abaixo SMA50 | MACD- | Macro -1 | LSTM +1.3% | MTF ALTA (2/3) [maior:↑ medio:↑ menor:↓],-0.018,2.0
2026-09-29 16:20:55,SOL,118.51,54.3,-3,🔴 VENDER,1.46,📈 ALTA,-1,RSI 54 neutro | SMA9>SMA21 | Abaixo SMA50 | MACD- | Penalidade tendência | Macro -1 | LSTM +1.5% | MTF BAIXA (2/3) [maior:↓ medio:↑ menor:↓],-0.023,-2.0
2026-09-29 16:20:55,BNB,756.54,47.3,-5,🔴 VENDER,0.82,📈 ALTA,-1,RSI 47 neutro | SMA9>SMA21 | Abaixo SMA50 | MACD- | Penalidade tendência | Macro -1 | MTF BAIXA (2/3) [maior:↓ medio:↑ menor:↓],0.0,-2.0
2026-09-29 16:20:55,ADA,0.2451,54.8,-3,🔴 VENDER,2.6,📈 ALTA,-1,RSI 55 neutro | SMA9>SMA21 | Abaixo SMA50 | MACD- | Penalidade tendência | Macro -1 | LSTM +2.6% | MTF BAIXA (2/3) [maior:↓ medio:↑ menor:↓],0.0,-2.0
2026-09-29 16:20:55,PETR4,48.82,52.3,0,🟡 AGUARDAR,-1.33,📉 QUEDA,-2,RSI 52 neutro | SMA9>SMA21 | Acima SMA50 | MACD- | Bônus tendência | Macro -2 | LSTM -1.3% | MTF ALTA (3/3) [maior:↑ medio:↑ menor:↑],-0.071,2.0
2026-09-29 16:20:55,VALE3,69.52,16.2,-2,🟡 AGUARDAR,5.74,📈 ALTA,-2,RSI 16 sobrevendido | SMA9<SMA21 | Abaixo SMA50 | MACD- | Macro -2 | LSTM +5.7% | MTF BAIXA (3/3) [maior:↓ medio:↓ menor:↓],-0.021,-2.0
2026-09-29 16:20:55,ITUB4,41.76,51.7,-3,🔴 VENDER,0.21,📈 ALTA,-2,RSI 52 neutro | SMA9>SMA21 | Acima SMA50 | MACD- | Macro -2 | MTF BAIXA (2/3) [maior:↑ medio:↓ menor:↓],0.006,-2.0
2026-09-29 16:20:55,BBAS3,21.99,48.0,0,🟡 AGUARDAR,-1.36,📉 QUEDA,-2,RSI 48 neutro | SMA9>SMA21 | Acima SMA50 | MACD- | Bônus tendência | Macro -2 | LSTM -1.4% | MTF ALTA (3/3) [maior:↑ medio:↑ menor:↑],0.039,2.0
2026-09-29 16:20:55,WEGE3,49.88,37.7,-1,🟡 AGUARDAR,2.76,📈 ALTA,-2,RSI 38 baixo | SMA9<SMA21 | Acima SMA50 | MACD- | Bônus tendência | Macro -2 | LSTM +2.8% | MTF BAIXA (3/3) [maior:↓ medio:↓ menor:↓],-0.012,-2.0
2026-09-29 16:44:18,BTC,83046.1,50.1,-5,🔴 VENDER,0.69,📈 ALTA,-1,RSI 50 neutro | SMA9>SMA21 | Abaixo SMA50 | MACD- | Penalidade tendência | Macro -1 | MTF BAIXA (2/3) [maior:↓ medio:↑ menor:↓],-0.036,-2.0
2026-09-29 16:44:18,ETH,2673.4,53.2,-2,🟡 AGUARDAR,1.52,📈 ALTA,-1,RSI 53 neutro | SMA9>SMA21 | Abaixo SMA50 | MACD- | Macro -1 | LSTM +1.5% | MTF BAIXA (2/3) [maior:↓ medio:↑ menor:↓],-0.018,-2.0
2026-09-29 16:44:18,SOL,118.13,52.0,-3,🔴 VENDER,1.78,📈 ALTA,-1,RSI 52 neutro | SMA9>SMA21 | Abaixo SMA50 | MACD- | Penalidade tendência | Macro -1 | LSTM +1.8% | MTF BAIXA (2/3) [maior:↓ medio:↑ menor:↓],-0.023,-2.0
2026-09-29 16:44:18,BNB,753.69,42.9,-3,🔴 VENDER,1.2,📈 ALTA,-1,RSI 43 baixo (atenuado) | SMA9>SMA21 | Abaixo SMA50 | MACD- | Penalidade tendência | Macro -1 | LSTM +1.2% | MTF BAIXA (2/3) [maior:↓ medio:↑ menor:↓],0.0,-2.0
2026-09-29 16:44:18,ADA,0.2427,50.1,-3,🔴 VENDER,3.53,📈 ALTA,-1,RSI 50 neutro | SMA9>SMA21 | Abaixo SMA50 | MACD- | Penalidade tendência | Macro -1 | LSTM +3.5% | MTF BAIXA (2/3) [maior:↓ medio:↑ menor:↓],0.0,-2.0
2026-09-29 16:44:18,PETR4,48.83,52.3,0,🟡 AGUARDAR,-1.35,📉 QUEDA,-2,RSI 52 neutro | SMA9>SMA21 | Acima SMA50 | MACD- | Bônus tendência | Macro -2 | LSTM -1.4% | MTF ALTA (3/3) [maior:↑ medio:↑ menor:↑],-0.071,2.0
2026-09-29 16:44:18,VALE3,69.61,16.3,-2,🟡 AGUARDAR,5.61,📈 ALTA,-2,RSI 16 sobrevendido | SMA9<SMA21 | Abaixo SMA50 | MACD- | Macro -2 | LSTM +5.6% | MTF BAIXA (3/3) [maior:↓ medio:↓ menor:↓],-0.021,-2.0
2026-09-29 16:44:18,ITUB4,41.79,52.0,-3,🔴 VENDER,0.14,📈 ALTA,-2,RSI 52 neutro | SMA9>SMA21 | Acima SMA50 | MACD- | Macro -2 | MTF BAIXA (2/3) [maior:↑ medio:↓ menor:↓],0.006,-2.0
2026-09-29 16:44:18,BBAS3,21.98,47.9,0,🟡 AGUARDAR,-1.31,📉 QUEDA,-2,RSI 48 neutro | SMA9>SMA21 | Acima SMA50 | MACD- | Bônus tendência | Macro -2 | LSTM -1.3% | MTF ALTA (3/3) [maior:↑ medio:↑ menor:↑],0.039,2.0
2026-09-29 16:44:18,WEGE3,49.88,37.7,-1,🟡 AGUARDAR,2.76,📈 ALTA,-2,RSI 38 baixo | SMA9<SMA21 | Acima SMA50 | MACD- | Bônus tendência | Macro -2 | LSTM +2.8% | MTF BAIXA (3/3) [maior:↓ medio:↓ menor:↓],-0.012,-2.0
2026-09-29 16:59:26,BTC,83031.76,49.9,-5,🔴 VENDER,0.71,📈 ALTA,-1,RSI 50 neutro | SMA9>SMA21 | Abaixo SMA50 | MACD- | Penalidade tendência | Macro -1 | MTF BAIXA (2/3) [maior:↓ medio:↑ menor:↓],-0.036,-2.0
2026-09-29 16:59:26,ETH,2674.97,53.6,-2,🟡 AGUARDAR,1.47,📈 ALTA,-1,RSI 54 neutro | SMA9>SMA21 | Abaixo SMA50 | MACD- | Macro -1 | LSTM +1.5% | MTF BAIXA (2/3) [maior:↓ medio:↑ menor:↓],-0.018,-2.0
2026-09-29 16:59:26,SOL,118.0,51.2,-3,🔴 VENDER,1.89,📈 ALTA,-1,RSI 51 neutro | SMA9>SMA21 | Abaixo SMA50 | MACD- | Penalidade tendência | Macro -1 | LSTM +1.9% | MTF BAIXA (2/3) [maior:↓ medio:↑ menor:↓],-0.023,-2.0
2026-09-29 16:59:26,BNB,753.33,42.4,-3,🔴 VENDER,1.24,📈 ALTA,-1,RSI 42 baixo (atenuado) | SMA9>SMA21 | Abaixo SMA50 | MACD- | Penalidade tendência | Macro -1 | LSTM +1.2% | MTF BAIXA (2/3) [maior:↓ medio:↑ menor:↓],0.0,-2.0
2026-09-29 16:59:26,ADA,0.2418,48.5,-3,🔴 VENDER,3.87,📈 ALTA,-1,RSI 49 neutro | SMA9>SMA21 | Abaixo SMA50 | MACD- | Penalidade tendência | Macro -1 | LSTM +3.9% | MTF BAIXA (2/3) [maior:↓ medio:↑ menor:↓],0.0,-2.0
2026-09-29 16:59:26,PETR4,48.79,52.1,0,🟡 AGUARDAR,-1.27,📉 QUEDA,-2,RSI 52 neutro | SMA9>SMA21 | Acima SMA50 | MACD- | Bônus tendência | Macro -2 | LSTM -1.3% | MTF ALTA (3/3) [maior:↑ medio:↑ menor:↑],-0.071,2.0
2026-09-29 16:59:26,VALE3,69.54,16.2,-2,🟡 AGUARDAR,5.71,📈 ALTA,-2,RSI 16 sobrevendido | SMA9<SMA21 | Abaixo SMA50 | MACD- | Macro -2 | LSTM +5.7% | MTF BAIXA (3/3) [maior:↓ medio:↓ menor:↓],-0.021,-2.0
2026-09-29 16:59:26,ITUB4,41.85,52.5,-3,🔴 VENDER,-0.0,📉 QUEDA,-2,RSI 53 neutro | SMA9>SMA21 | Acima SMA50 | MACD- | Macro -2 | MTF BAIXA (2/3) [maior:↑ medio:↓ menor:↓],0.006,-2.0
2026-09-29 16:59:26,BBAS3,21.98,47.9,0,🟡 AGUARDAR,-1.31,📉 QUEDA,-2,RSI 48 neutro | SMA9>SMA21 | Acima SMA50 | MACD- | Bônus tendência | Macro -2 | LSTM -1.3% | MTF ALTA (3/3) [maior:↑ medio:↑ menor:↑],0.039,2.0
2026-09-29 16:59:26,WEGE3,49.87,37.6,-1,🟡 AGUARDAR,2.78,📈 ALTA,-2,RSI 38 baixo | SMA9<SMA21 | Acima SMA50 | MACD- | Bônus tendência | Macro -2 | LSTM +2.8% | MTF BAIXA (3/3) [maior:↓ medio:↓ menor:↓],-0.012,-2.0
2026-09-29 17:16:52,BTC,83076.0,48.6,-5,🔴 VENDER,0.63,📈 ALTA,-1,RSI 49 neutro | SMA9>SMA21 | Abaixo SMA50 | MACD- | Penalidade tendência | Macro -1 | MTF BAIXA (2/3) [maior:↓ medio:↑ menor:↓],-0.036,-2.0
2026-09-29 17:16:52,ETH,2675.2,52.8,2,🟡 AGUARDAR,1.15,📈 ALTA,-1,RSI 53 neutro | SMA9>SMA21 | Abaixo SMA50 | MACD- | Macro -1 | LSTM +1.1% | MTF ALTA (2/3) [maior:↑ medio:↑ menor:↓],-0.018,2.0
2026-09-29 17:16:52,SOL,117.91,51.6,-3,🔴 VENDER,1.91,📈 ALTA,-1,RSI 52 neutro | SMA9>SMA21 | Abaixo SMA50 | MACD- | Penalidade tendência | Macro -1 | LSTM +1.9% | MTF BAIXA (2/3) [maior:↓ medio:↑ menor:↓],-0.023,-2.0
2026-09-29 17:16:52,BNB,753.36,44.9,-5,🔴 VENDER,1.14,📈 ALTA,-1,RSI 45 baixo (atenuado) | SMA9<SMA21 | Abaixo SMA50 | MACD- | Penalidade tendência | Macro -1 | LSTM +1.1% | MTF BAIXA (3/3) [maior:↓ medio:↓ menor:↓],0.0,-2.0
2026-09-29 17:16:52,ADA,0.2412,47.0,-3,🔴 VENDER,3.34,📈 ALTA,-1,RSI 47 neutro | SMA9>SMA21 | Abaixo SMA50 | MACD- | Penalidade tendência | Macro -1 | LSTM +3.3% | MTF BAIXA (2/3) [maior:↓ medio:↑ menor:↓],0.0,-2.0
2026-09-29 17:16:52,PETR4,48.81,52.2,0,🟡 AGUARDAR,-1.31,📉 QUEDA,-2,RSI 52 neutro | SMA9>SMA21 | Acima SMA50 | MACD- | Bônus tendência | Macro -2 | LSTM -1.3% | MTF ALTA (3/3) [maior:↑ medio:↑ menor:↑],-0.071,2.0
2026-09-29 17:16:52,VALE3,69.57,16.2,-2,🟡 AGUARDAR,5.67,📈 ALTA,-2,RSI 16 sobrevendido | SMA9<SMA21 | Abaixo SMA50 | MACD- | Macro -2 | LSTM +5.7% | MTF BAIXA (3/3) [maior:↓ medio:↓ menor:↓],-0.021,-2.0
2026-09-29 17:16:52,ITUB4,41.9,53.0,-3,🔴 VENDER,-0.12,📉 QUEDA,-2,RSI 53 neutro | SMA9>SMA21 | Acima SMA50 | MACD- | Macro -2 | MTF BAIXA (2/3) [maior:↑ medio:↓ menor:↓],0.006,-2.0
2026-09-29 17:16:52,BBAS3,21.98,47.9,0,🟡 AGUARDAR,-1.31,📉 QUEDA,-2,RSI 48 neutro | SMA9>SMA21 | Acima SMA50 | MACD- | Bônus tendência | Macro -2 | LSTM -1.3% | MTF ALTA (3/3) [maior:↑ medio:↑ menor:↑],0.039,2.0
2026-09-29 17:16:52,WEGE3,49.88,37.7,-1,🟡 AGUARDAR,2.76,📈 ALTA,-2,RSI 38 baixo | SMA9<SMA21 | Acima SMA50 | MACD- | Bônus tendência | Macro -2 | LSTM +2.8% | MTF BAIXA (3/3) [maior:↓ medio:↓ menor:↓],-0.012,-2.0
2026-09-29 17:42:49,BTC,83140.41,49.5,-5,🔴 VENDER,0.56,📈 ALTA,-1,RSI 50 neutro | SMA9>SMA21 | Abaixo SMA50 | MACD- | Penalidade tendência | Macro -1 | MTF BAIXA (2/3) [maior:↓ medio:↑ menor:↓],-0.036,-2.0
2026-09-29 17:42:49,ETH,2675.35,53.0,-2,🟡 AGUARDAR,1.14,📈 ALTA,-1,RSI 53 neutro | SMA9>SMA21 | Abaixo SMA50 | MACD- | Macro -1 | LSTM +1.1% | MTF BAIXA (2/3) [maior:↓ medio:↑ menor:↓],-0.018,-2.0
2026-09-29 17:42:49,SOL,117.93,51.7,-3,🔴 VENDER,1.89,📈 ALTA,-1,RSI 52 neutro | SMA9>SMA21 | Abaixo SMA50 | MACD- | Penalidade tendência | Macro -1 | LSTM +1.9% | MTF BAIXA (2/3) [maior:↓ medio:↑ menor:↓],-0.023,-2.0
2026-09-29 17:42:49,BNB,752.7,43.7,-5,🔴 VENDER,1.22,📈 ALTA,-1,RSI 44 baixo (atenuado) | SMA9<SMA21 | Abaixo SMA50 | MACD- | Penalidade tendência | Macro -1 | LSTM +1.2% | MTF BAIXA (3/3) [maior:↓ medio:↓ menor:↓],0.0,-2.0
2026-09-29 17:42:49,ADA,0.2418,48.1,-3,🔴 VENDER,3.08,📈 ALTA,-1,RSI 48 neutro | SMA9>SMA21 | Abaixo SMA50 | MACD- | Penalidade tendência | Macro -1 | LSTM +3.1% | MTF BAIXA (2/3) [maior:↓ medio:↑ menor:↓],0.0,-2.0
2026-09-29 17:42:49,PETR4,48.84,52.4,0,🟡 AGUARDAR,-1.37,📉 QUEDA,-2,RSI 52 neutro | SMA9>SMA21 | Acima SMA50 | MACD- | Bônus tendência | Macro -2 | LSTM -1.4% | MTF ALTA (3/3) [maior:↑ medio:↑ menor:↑],-0.071,2.0
2026-09-29 17:42:49,VALE3,69.39,16.0,-2,🟡 AGUARDAR,5.94,📈 ALTA,-2,RSI 16 sobrevendido | SMA9<SMA21 | Abaixo SMA50 | MACD- | Macro -2 | LSTM +5.9% | MTF BAIXA (3/3) [maior:↓ medio:↓ menor:↓],-0.021,-2.0
2026-09-29 17:42:49,ITUB4,41.85,52.5,-3,🔴 VENDER,-0.0,📉 QUEDA,-2,RSI 53 neutro | SMA9>SMA21 | Acima SMA50 | MACD- | Macro -2 | MTF BAIXA (2/3) [maior:↑ medio:↓ menor:↓],0.006,-2.0
2026-09-29 17:42:49,BBAS3,21.91,47.2,2,🟢 COMPRAR (conf.),-1.0,📉 QUEDA,-2,RSI 47 neutro | SMA9>SMA21 | Acima SMA50 | MACD- | Bônus tendência | Macro -2 | MTF ALTA (3/3) [maior:↑ medio:↑ menor:↑],0.039,2.0
2026-09-29 17:42:49,WEGE3,49.89,37.7,-1,🟡 AGUARDAR,2.74,📈 ALTA,-2,RSI 38 baixo | SMA9<SMA21 | Acima SMA50 | MACD- | Bônus tendência | Macro -2 | LSTM +2.7% | MTF BAIXA (3/3) [maior:↓ medio:↓ menor:↓],-0.012,-2.0
2026-09-29 17:57:32,BTC,82977.15,47.0,-5,🔴 VENDER,0.75,📈 ALTA,-1,RSI 47 neutro | SMA9>SMA21 | Abaixo SMA50 | MACD- | Penalidade tendência | Macro -1 | MTF BAIXA (2/3) [maior:↓ medio:↑ menor:↓],-0.036,-2.0
2026-09-29 17:57:32,ETH,2670.61,51.3,-2,🟡 AGUARDAR,1.3,📈 ALTA,-1,RSI 51 neutro | SMA9>SMA21 | Abaixo SMA50 | MACD- | Macro -1 | LSTM +1.3% | MTF BAIXA (2/3) [maior:↓ medio:↑ menor:↓],-0.018,-2.0
2026-09-29 17:57:32,SOL,117.46,48.9,-3,🔴 VENDER,2.27,📈 ALTA,-1,RSI 49 neutro | SMA9>SMA21 | Abaixo SMA50 | MACD- | Penalidade tendência | Macro -1 | LSTM +2.3% | MTF BAIXA (2/3) [maior:↓ medio:↑ menor:↓],-0.023,-2.0
2026-09-29 17:57:32,BNB,750.8,41.2,-5,🔴 VENDER,1.46,📈 ALTA,-1,RSI 41 baixo (atenuado) | SMA9<SMA21 | Abaixo SMA50 | MACD- | Penalidade tendência | Macro -1 | LSTM +1.5% | MTF BAIXA (3/3) [maior:↓ medio:↓ menor:↓],0.0,-2.0
2026-09-29 17:57:32,ADA,0.2409,46.5,-3,🔴 VENDER,3.48,📈 ALTA,-1,RSI 46 neutro | SMA9>SMA21 | Abaixo SMA50 | MACD- | Penalidade tendência | Macro -1 | LSTM +3.5% | MTF BAIXA (2/3) [maior:↓ medio:↑ menor:↓],0.0,-2.0
2026-09-29 17:57:32,PETR4,48.77,52.0,0,🟡 AGUARDAR,-1.23,📉 QUEDA,-2,RSI 52 neutro | SMA9>SMA21 | Acima SMA50 | MACD- | Bônus tendência | Macro -2 | LSTM -1.2% | MTF ALTA (3/3) [maior:↑ medio:↑ menor:↑],-0.071,2.0
2026-09-29 17:57:32,VALE3,69.53,16.2,-2,🟡 AGUARDAR,5.73,📈 ALTA,-2,RSI 16 sobrevendido | SMA9<SMA21 | Abaixo SMA50 | MACD- | Macro -2 | LSTM +5.7% | MTF BAIXA (3/3) [maior:↓ medio:↓ menor:↓],-0.021,-2.0
2026-09-29 17:57:32,ITUB4,41.99,53.8,-3,🔴 VENDER,-0.34,📉 QUEDA,-2,RSI 54 neutro | SMA9>SMA21 | Acima SMA50 | MACD- | Macro -2 | MTF BAIXA (2/3) [maior:↑ medio:↓ menor:↓],0.006,-2.0
2026-09-29 17:57:32,BBAS3,22.01,48.3,0,🟡 AGUARDAR,-1.45,📉 QUEDA,-2,RSI 48 neutro | SMA9>SMA21 | Acima SMA50 | MACD- | Bônus tendência | Macro -2 | LSTM -1.4% | MTF ALTA (3/3) [maior:↑ medio:↑ menor:↑],0.039,2.0
2026-09-29 17:57:32,WEGE3,49.94,38.0,-1,🟡 AGUARDAR,2.63,📈 ALTA,-2,RSI 38 baixo | SMA9<SMA21 | Acima SMA50 | MACD- | Bônus tendência | Macro -2 | LSTM +2.6% | MTF BAIXA (3/3) [maior:↓ medio:↓ menor:↓],-0.012,-2.0
2026-09-29 18:16:46,BTC,83463.25,51.0,-5,🔴 VENDER,0.14,📈 ALTA,-1,RSI 51 neutro | SMA9>SMA21 | Abaixo SMA50 | MACD- | Penalidade tendência | Macro -1 | MTF BAIXA (2/3) [maior:↓ medio:↑ menor:↓],-0.036,-2.0
2026-09-29 18:16:46,ETH,2687.51,54.2,2,🟡 AGUARDAR,0.38,📈 ALTA,-1,RSI 54 neutro | SMA9>SMA21 | Acima SMA50 | MACD- | Macro -1 | MTF ALTA (2/3) [maior:↑ medio:↑ menor:↓],-0.018,2.0
2026-09-29 18:16:46,SOL,118.63,52.4,-3,🔴 VENDER,1.2,📈 ALTA,-1,RSI 52 neutro | SMA9>SMA21 | Abaixo SMA50 | MACD- | Penalidade tendência | Macro -1 | LSTM +1.2% | MTF BAIXA (2/3) [maior:↓ medio:↑ menor:↓],-0.023,-2.0
2026-09-29 18:16:46,BNB,754.88,43.4,-7,🔴🔴 VENDA FORTE,0.8,📈 ALTA,-1,RSI 43 baixo (atenuado) | SMA9<SMA21 | Abaixo SMA50 | MACD- | Penalidade tendência | Macro -1 | MTF BAIXA (3/3) [maior:↓ medio:↓ menor:↓],0.0,-2.0
2026-09-29 18:16:46,ADA,0.2435,47.1,-3,🔴 VENDER,1.68,📈 ALTA,-1,RSI 47 neutro | SMA9>SMA21 | Abaixo SMA50 | MACD- | Penalidade tendência | Macro -1 | LSTM +1.7% | MTF BAIXA (2/3) [maior:↓ medio:↑ menor:↓],0.0,-2.0
2026-09-29 18:16:46,PETR4,48.77,52.0,0,🟡 AGUARDAR,-1.23,📉 QUEDA,-2,RSI 52 neutro | SMA9>SMA21 | Acima SMA50 | MACD- | Bônus tendência | Macro -2 | LSTM -1.2% | MTF ALTA (3/3) [maior:↑ medio:↑ menor:↑],-0.071,2.0
2026-09-29 18:16:46,VALE3,69.6,16.3,-2,🟡 AGUARDAR,5.62,📈 ALTA,-2,RSI 16 sobrevendido | SMA9<SMA21 | Abaixo SMA50 | MACD- | Macro -2 | LSTM +5.6% | MTF BAIXA (3/3) [maior:↓ medio:↓ menor:↓],-0.021,-2.0
2026-09-29 18:16:46,ITUB4,42.03,54.1,-3,🔴 VENDER,-0.43,📉 QUEDA,-2,RSI 54 neutro | SMA9>SMA21 | Acima SMA50 | MACD- | Macro -2 | MTF BAIXA (2/3) [maior:↑ medio:↓ menor:↓],0.006,-2.0
2026-09-29 18:16:46,BBAS3,22.06,48.8,0,🟡 AGUARDAR,-1.67,📉 QUEDA,-2,RSI 49 neutro | SMA9>SMA21 | Acima SMA50 | MACD- | Bônus tendência | Macro -2 | LSTM -1.7% | MTF ALTA (3/3) [maior:↑ medio:↑ menor:↑],0.039,2.0
2026-09-29 18:16:46,WEGE3,49.9,37.8,-1,🟡 AGUARDAR,2.72,📈 ALTA,-2,RSI 38 baixo | SMA9<SMA21 | Acima SMA50 | MACD- | Bônus tendência | Macro -2 | LSTM +2.7% | MTF BAIXA (3/3) [maior:↓ medio:↓ menor:↓],-0.012,-2.0
2026-09-29 18:45:37,BTC,83611.0,53.0,-2,🟡 AGUARDAR,-0.03,📉 QUEDA,-1,RSI 53 neutro | SMA9>SMA21 | Acima SMA50 | MACD- | Macro -1 | MTF BAIXA (2/3) [maior:↓ medio:↑ menor:↓],-0.036,-2.0
2026-09-29 18:45:37,ETH,2694.41,56.1,1,🟡 AGUARDAR,0.15,📈 ALTA,-1,RSI 56 alto | SMA9>SMA21 | Acima SMA50 | MACD- | Macro -1 | MTF ALTA (2/3) [maior:↑ medio:↑ menor:↓],-0.018,2.0
2026-09-29 18:45:37,SOL,119.18,55.3,-6,🔴 VENDER,0.76,📈 ALTA,-1,RSI 55 alto | SMA9>SMA21 | Abaixo SMA50 | MACD- | Penalidade tendência | Macro -1 | MTF BAIXA (2/3) [maior:↓ medio:↑ menor:↓],-0.023,-2.0
2026-09-29 18:45:37,BNB,755.73,45.1,-7,🔴🔴 VENDA FORTE,0.69,📈 ALTA,-1,RSI 45 neutro | SMA9<SMA21 | Abaixo SMA50 | MACD- | Penalidade tendência | Macro -1 | MTF BAIXA (3/3) [maior:↓ medio:↓ menor:↓],0.0,-2.0
2026-09-29 18:45:37,ADA,0.2451,50.1,-3,🔴 VENDER,1.09,📈 ALTA,-1,RSI 50 neutro | SMA9>SMA21 | Abaixo SMA50 | MACD- | Penalidade tendência | Macro -1 | LSTM +1.1% | MTF BAIXA (2/3) [maior:↓ medio:↑ menor:↓],0.0,-2.0
2026-09-29 18:45:37,PETR4,48.77,52.0,0,🟡 AGUARDAR,-1.23,📉 QUEDA,-2,RSI 52 neutro | SMA9>SMA21 | Acima SMA50 | MACD- | Bônus tendência | Macro -2 | LSTM -1.2% | MTF ALTA (3/3) [maior:↑ medio:↑ menor:↑],-0.071,2.0
2026-09-29 18:45:37,VALE3,69.7,16.4,-2,🟡 AGUARDAR,5.47,📈 ALTA,-2,RSI 16 sobrevendido | SMA9<SMA21 | Abaixo SMA50 | MACD- | Macro -2 | LSTM +5.5% | MTF BAIXA (3/3) [maior:↓ medio:↓ menor:↓],-0.021,-2.0
2026-09-29 18:45:37,ITUB4,42.11,54.8,-3,🔴 VENDER,-0.62,📉 QUEDA,-2,RSI 55 neutro | SMA9>SMA21 | Acima SMA50 | MACD- | Macro -2 | MTF BAIXA (2/3) [maior:↑ medio:↓ menor:↓],0.006,-2.0
2026-09-29 18:45:37,BBAS3,22.08,49.0,0,🟡 AGUARDAR,-1.76,📉 QUEDA,-2,RSI 49 neutro | SMA9>SMA21 | Acima SMA50 | MACD- | Bônus tendência | Macro -2 | LSTM -1.8% | MTF ALTA (3/3) [maior:↑ medio:↑ menor:↑],0.039,2.0
2026-09-29 18:45:37,WEGE3,50.2,39.6,-1,🟡 AGUARDAR,2.1,📈 ALTA,-2,RSI 40 baixo | SMA9<SMA21 | Acima SMA50 | MACD- | Bônus tendência | Macro -2 | LSTM +2.1% | MTF BAIXA (3/3) [maior:↓ medio:↓ menor:↓],-0.012,-2.0
2026-09-29 19:00:43,BTC,83600.04,52.9,-2,🟡 AGUARDAR,-0.02,📉 QUEDA,-1,RSI 53 neutro | SMA9>SMA21 | Acima SMA50 | MACD- | Macro -1 | MTF BAIXA (2/3) [maior:↓ medio:↑ menor:↓],-0.036,-2.0
2026-09-29 19:00:43,ETH,2694.64,56.1,1,🟡 AGUARDAR,0.15,📈 ALTA,-1,RSI 56 alto | SMA9>SMA21 | Acima SMA50 | MACD- | Macro -1 | MTF ALTA (2/3) [maior:↑ medio:↑ menor:↓],-0.018,2.0
2026-09-29 19:00:43,SOL,119.14,55.1,-6,🔴 VENDER,0.8,📈 ALTA,-1,RSI 55 alto | SMA9>SMA21 | Abaixo SMA50 | MACD- | Penalidade tendência | Macro -1 | MTF BAIXA (2/3) [maior:↓ medio:↑ menor:↓],-0.023,-2.0
2026-09-29 19:00:43,BNB,755.49,44.4,-7,🔴🔴 VENDA FORTE,0.72,📈 ALTA,-1,RSI 44 baixo (atenuado) | SMA9<SMA21 | Abaixo SMA50 | MACD- | Penalidade tendência | Macro -1 | MTF BAIXA (3/3) [maior:↓ medio:↓ menor:↓],0.0,-2.0
2026-09-29 19:00:43,ADA,0.245,49.9,-3,🔴 VENDER,1.13,📈 ALTA,-1,RSI 50 neutro | SMA9>SMA21 | Abaixo SMA50 | MACD- | Penalidade tendência | Macro -1 | LSTM +1.1% | MTF BAIXA (2/3) [maior:↓ medio:↑ menor:↓],0.0,-2.0
2026-09-29 19:00:43,PETR4,48.83,52.3,1,🟡 AGUARDAR,-1.35,📉 QUEDA,-1,RSI 52 neutro | SMA9>SMA21 | Acima SMA50 | MACD- | Bônus tendência | Macro -1 | LSTM -1.4% | MTF ALTA (3/3) [maior:↑ medio:↑ menor:↑],-0.071,2.0
2026-09-29 19:00:43,VALE3,69.78,16.5,-1,🟡 AGUARDAR,5.35,📈 ALTA,-1,RSI 16 sobrevendido | SMA9<SMA21 | Abaixo SMA50 | MACD- | Macro -1 | LSTM +5.3% | MTF BAIXA (3/3) [maior:↓ medio:↓ menor:↓],-0.021,-2.0
2026-09-29 19:00:43,ITUB4,42.2,55.5,-3,🔴 VENDER,-0.83,📉 QUEDA,-1,RSI 56 alto | SMA9>SMA21 | Acima SMA50 | MACD- | Macro -1 | MTF BAIXA (2/3) [maior:↑ medio:↓ menor:↓],0.006,-2.0
2026-09-29 19:00:43,BBAS3,22.14,49.6,0,🚫 BLOQUEADO,-2.03,📉 QUEDA,-1,LSTM -2.0% (queda forte),0.039,2.0
2026-09-29 19:00:43,WEGE3,50.19,39.6,0,🟡 AGUARDAR,2.12,📈 ALTA,-1,RSI 40 baixo | SMA9<SMA21 | Acima SMA50 | MACD- | Bônus tendência | Macro -1 | LSTM +2.1% | MTF BAIXA (3/3) [maior:↓ medio:↓ menor:↓],-0.012,-2.0
2026-09-29 19:20:01,BTC,83611.5,43.7,-3,🔴 VENDER,-0.05,📉 QUEDA,-1,RSI 44 baixo | SMA9<SMA21 | Acima SMA50 | MACD- | Macro -1 | MTF BAIXA (2/3) [maior:↓ medio:↓ menor:↑],-0.036,-2.0
2026-09-29 19:20:01,ETH,2697.16,46.8,2,🟡 AGUARDAR,-0.13,📉 QUEDA,-1,RSI 47 neutro | SMA9>SMA21 | Acima SMA50 | MACD- | Macro -1 | MTF ALTA (3/3) [maior:↑ medio:↑ menor:↑],-0.018,2.0
2026-09-29 19:20:01,SOL,119.32,50.7,1,🟡 AGUARDAR,0.61,📈 ALTA,-1,RSI 51 neutro | SMA9>SMA21 | Abaixo SMA50 | MACD+ | Penalidade tendência | Macro -1 | MTF ALTA (2/3) [maior:↓ medio:↑ menor:↑],-0.023,2.0
2026-09-29 19:20:01,BNB,755.07,29.5,-6,🔴 VENDER,0.65,📈 ALTA,-1,RSI 30 sobrevendido (atenuado) | SMA9<SMA21 | Abaixo SMA50 | MACD- | Penalidade tendência | Macro -1 | MTF BAIXA (3/3) [maior:↓ medio:↓ menor:↓],0.0,-2.0
2026-09-29 19:20:01,ADA,0.2451,42.5,-7,🔴🔴 VENDA FORTE,0.66,📈 ALTA,-1,RSI 42 baixo (atenuado) | SMA9<SMA21 | Abaixo SMA50 | MACD- | Penalidade tendência | Macro -1 | MTF BAIXA (3/3) [maior:↓ medio:↓ menor:↓],0.0,-2.0
2026-09-29 19:20:01,PETR4,48.81,52.2,1,🟡 AGUARDAR,-1.31,📉 QUEDA,-1,RSI 52 neutro | SMA9>SMA21 | Acima SMA50 | MACD- | Bônus tendência | Macro -1 | LSTM -1.3% | MTF ALTA (3/3) [maior:↑ medio:↑ menor:↑],-0.071,2.0
2026-09-29 19:20:01,VALE3,69.78,16.5,-1,🟡 AGUARDAR,5.35,📈 ALTA,-1,RSI 16 sobrevendido | SMA9<SMA21 | Abaixo SMA50 | MACD- | Macro -1 | LSTM +5.3% | MTF BAIXA (3/3) [maior:↓ medio:↓ menor:↓],-0.021,-2.0
2026-09-29 19:20:01,ITUB4,42.11,54.8,-2,🟡 AGUARDAR,-0.62,📉 QUEDA,-1,RSI 55 neutro | SMA9>SMA21 | Acima SMA50 | MACD- | Macro -1 | MTF BAIXA (2/3) [maior:↑ medio:↓ menor:↓],0.006,-2.0
2026-09-29 19:20:01,BBAS3,22.03,48.5,1,🟡 AGUARDAR,-1.54,📉 QUEDA,-1,RSI 48 neutro | SMA9>SMA21 | Acima SMA50 | MACD- | Bônus tendência | Macro -1 | LSTM -1.5% | MTF ALTA (3/3) [maior:↑ medio:↑ menor:↑],0.039,2.0
2026-09-29 19:20:01,WEGE3,49.98,38.2,0,🟡 AGUARDAR,2.55,📈 ALTA,-1,RSI 38 baixo | SMA9<SMA21 | Acima SMA50 | MACD- | Bônus tendência | Macro -1 | LSTM +2.5% | MTF BAIXA (3/3) [maior:↓ medio:↓ menor:↓],-0.012,-2.0
2026-09-29 19:41:55,BTC,83468.89,41.8,-5,🔴 VENDER,0.11,📈 ALTA,-1,RSI 42 baixo | SMA9<SMA21 | Abaixo SMA50 | MACD- | Macro -1 | MTF BAIXA (2/3) [maior:↓ medio:↓ menor:↑],-0.036,-2.0
2026-09-29 19:41:55,ETH,2692.78,45.2,2,🟡 AGUARDAR,0.01,📈 ALTA,-1,RSI 45 neutro | SMA9>SMA21 | Acima SMA50 | MACD- | Macro -1 | MTF ALTA (3/3) [maior:↑ medio:↑ menor:↑],-0.018,2.0
2026-09-29 19:41:55,SOL,119.04,49.0,-1,🟡 AGUARDAR,0.84,📈 ALTA,-1,RSI 49 neutro | SMA9>SMA21 | Abaixo SMA50 | MACD- | Penalidade tendência | Macro -1 | MTF ALTA (2/3) [maior:↓ medio:↑ menor:↑],-0.023,2.0
2026-09-29 19:41:55,BNB,754.61,29.0,-6,🔴 VENDER,0.71,📈 ALTA,-1,RSI 29 sobrevendido (atenuado) | SMA9<SMA21 | Abaixo SMA50 | MACD- | Penalidade tendência | Macro -1 | MTF BAIXA (3/3) [maior:↓ medio:↓ menor:↓],0.0,-2.0
2026-09-29 19:41:55,ADA,0.2448,41.7,-7,🔴🔴 VENDA FORTE,0.74,📈 ALTA,-1,RSI 42 baixo (atenuado) | SMA9<SMA21 | Abaixo SMA50 | MACD- | Penalidade tendência | Macro -1 | MTF BAIXA (3/3) [maior:↓ medio:↓ menor:↓],0.0,-2.0
2026-09-29 19:41:55,PETR4,48.87,52.6,0,🟡 AGUARDAR,-1.43,📉 QUEDA,-2,RSI 53 neutro | SMA9>SMA21 | Acima SMA50 | MACD- | Bônus tendência | Macro -2 | LSTM -1.4% | MTF ALTA (3/3) [maior:↑ medio:↑ menor:↑],-0.071,2.0
2026-09-29 19:41:55,VALE3,69.6,16.3,-2,🟡 AGUARDAR,5.62,📈 ALTA,-2,RSI 16 sobrevendido | SMA9<SMA21 | Abaixo SMA50 | MACD- | Macro -2 | LSTM +5.6% | MTF BAIXA (3/3) [maior:↓ medio:↓ menor:↓],-0.021,-2.0
2026-09-29 19:41:55,ITUB4,42.22,55.7,-4,🔴 VENDER,-0.88,📉 QUEDA,-2,RSI 56 alto | SMA9>SMA21 | Acima SMA50 | MACD- | Macro -2 | MTF BAIXA (2/3) [maior:↑ medio:↓ menor:↓],0.006,-2.0
2026-09-29 19:41:55,BBAS3,22.05,48.7,0,🟡 AGUARDAR,-1.63,📉 QUEDA,-2,RSI 49 neutro | SMA9>SMA21 | Acima SMA50 | MACD- | Bônus tendência | Macro -2 | LSTM -1.6% | MTF ALTA (3/3) [maior:↑ medio:↑ menor:↑],0.039,2.0
2026-09-29 19:41:55,WEGE3,50.24,40.0,-1,🟡 AGUARDAR,2.02,📈 ALTA,-2,RSI 40 baixo | SMA9<SMA21 | Acima SMA50 | MACD- | Bônus tendência | Macro -2 | LSTM +2.0% | MTF BAIXA (3/3) [maior:↓ medio:↓ menor:↓],-0.012,-2.0
2026-09-29 19:56:02,BTC,83519.28,42.5,-5,🔴 VENDER,0.06,📈 ALTA,-1,RSI 42 baixo | SMA9<SMA21 | Abaixo SMA50 | MACD- | Macro -1 | MTF BAIXA (2/3) [maior:↓ medio:↓ menor:↑],-0.036,-2.0
2026-09-29 19:56:02,ETH,2690.05,44.3,3,🟢 COMPRAR,0.1,📈 ALTA,-1,RSI 44 baixo | SMA9>SMA21 | Acima SMA50 | MACD- | Macro -1 | MTF ALTA (3/3) [maior:↑ medio:↑ menor:↑],-0.018,2.0
2026-09-29 19:56:02,SOL,118.76,47.4,1,🟡 AGUARDAR,1.07,📈 ALTA,-1,RSI 47 neutro | SMA9>SMA21 | Abaixo SMA50 | MACD- | Penalidade tendência | Macro -1 | LSTM +1.1% | MTF ALTA (2/3) [maior:↓ medio:↑ menor:↑],-0.023,2.0
2026-09-29 19:56:02,BNB,754.6,28.9,-6,🔴 VENDER,0.72,📈 ALTA,-1,RSI 29 sobrevendido (atenuado) | SMA9<SMA21 | Abaixo SMA50 | MACD- | Penalidade tendência | Macro -1 | MTF BAIXA (2/3) [maior:↓ medio:↓ menor:↑],0.0,-2.0
2026-09-29 19:56:02,ADA,0.243,39.0,-5,🔴 VENDER,1.39,📈 ALTA,-1,RSI 39 baixo (atenuado) | SMA9<SMA21 | Abaixo SMA50 | MACD- | Penalidade tendência | Macro -1 | LSTM +1.4% | MTF BAIXA (2/3) [maior:↓ medio:↓ menor:↑],0.0,-2.0
2026-09-29 19:56:02,PETR4,48.97,53.1,0,🟡 AGUARDAR,-1.63,📉 QUEDA,-2,RSI 53 neutro | SMA9>SMA21 | Acima SMA50 | MACD- | Bônus tendência | Macro -2 | LSTM -1.6% | MTF ALTA (3/3) [maior:↑ medio:↑ menor:↑],-0.071,2.0
2026-09-29 19:56:02,VALE3,69.62,16.3,-2,🟡 AGUARDAR,5.59,📈 ALTA,-2,RSI 16 sobrevendido | SMA9<SMA21 | Abaixo SMA50 | MACD- | Macro -2 | LSTM +5.6% | MTF BAIXA (3/3) [maior:↓ medio:↓ menor:↓],-0.021,-2.0
2026-09-29 19:56:02,ITUB4,42.31,56.4,-6,🔴 VENDER,-1.09,📉 QUEDA,-2,RSI 56 alto | SMA9>SMA21 | Acima SMA50 | MACD- | Macro -2 | LSTM -1.1% | MTF BAIXA (2/3) [maior:↑ medio:↓ menor:↓],0.006,-2.0
2026-09-29 19:56:02,BBAS3,22.14,49.6,0,🚫 BLOQUEADO,-2.03,📉 QUEDA,-2,LSTM -2.0% (queda forte),0.039,2.0
2026-09-29 19:56:02,WEGE3,50.36,41.0,-1,🟡 AGUARDAR,1.78,📈 ALTA,-2,RSI 41 baixo | SMA9<SMA21 | Acima SMA50 | MACD- | Bônus tendência | Macro -2 | LSTM +1.8% | MTF BAIXA (3/3) [maior:↓ medio:↓ menor:↓],-0.012,-2.0
2026-09-29 20:11:55,BTC,83487.46,42.4,-5,🔴 VENDER,0.07,📈 ALTA,-1,RSI 42 baixo | SMA9<SMA21 | Abaixo SMA50 | MACD- | Macro -1 | MTF BAIXA (2/3) [maior:↓ medio:↓ menor:↑],-0.036,-2.0
2026-09-29 20:11:55,ETH,2685.98,40.6,1,🟡 AGUARDAR,0.06,📈 ALTA,-1,RSI 41 baixo | SMA9<SMA21 | Acima SMA50 | MACD- | Macro -1 | MTF ALTA (2/3) [maior:↑ medio:↓ menor:↑],-0.018,2.0
2026-09-29 20:11:55,SOL,118.62,44.8,1,🟡 AGUARDAR,1.13,📈 ALTA,-1,RSI 45 baixo (atenuado) | SMA9>SMA21 | Abaixo SMA50 | MACD- | Penalidade tendência | Macro -1 | LSTM +1.1% | MTF ALTA (2/3) [maior:↓ medio:↑ menor:↑],-0.023,2.0
2026-09-29 20:11:55,BNB,754.6,29.8,-6,🔴 VENDER,0.6,📈 ALTA,-1,RSI 30 sobrevendido (atenuado) | SMA9<SMA21 | Abaixo SMA50 | MACD- | Penalidade tendência | Macro -1 | MTF BAIXA (2/3) [maior:↓ medio:↓ menor:↑],0.0,-2.0
2026-09-29 20:11:55,ADA,0.2432,32.5,-6,🔴 VENDER,0.83,📈 ALTA,-1,RSI 32 sobrevendido (atenuado) | SMA9<SMA21 | Abaixo SMA50 | MACD- | Penalidade tendência | Macro -1 | MTF BAIXA (2/3) [maior:↓ medio:↓ menor:↑],0.0,-2.0
2026-09-29 20:11:55,PETR4,49.03,53.4,0,🟡 AGUARDAR,-1.75,📉 QUEDA,-2,RSI 53 neutro | SMA9>SMA21 | Acima SMA50 | MACD- | Bônus tendência | Macro -2 | LSTM -1.8% | MTF ALTA (3/3) [maior:↑ medio:↑ menor:↑],-0.071,2.0
2026-09-29 20:11:55,VALE3,69.5,16.1,-2,🟡 AGUARDAR,5.77,📈 ALTA,-2,RSI 16 sobrevendido | SMA9<SMA21 | Abaixo SMA50 | MACD- | Macro -2 | LSTM +5.8% | MTF BAIXA (3/3) [maior:↓ medio:↓ menor:↓],-0.021,-2.0
2026-09-29 20:11:55,ITUB4,42.27,56.1,-4,🔴 VENDER,-1.0,📉 QUEDA,-2,RSI 56 alto | SMA9>SMA21 | Acima SMA50 | MACD- | Macro -2 | MTF BAIXA (2/3) [maior:↑ medio:↓ menor:↓],0.006,-2.0
2026-09-29 20:11:55,BBAS3,22.07,48.9,0,🟡 AGUARDAR,-1.72,📉 QUEDA,-2,RSI 49 neutro | SMA9>SMA21 | Acima SMA50 | MACD- | Bônus tendência | Macro -2 | LSTM -1.7% | MTF ALTA (3/3) [maior:↑ medio:↑ menor:↑],0.039,2.0
2026-09-29 20:11:55,WEGE3,50.29,40.4,-1,🟡 AGUARDAR,1.92,📈 ALTA,-2,RSI 40 baixo | SMA9<SMA21 | Acima SMA50 | MACD- | Bônus tendência | Macro -2 | LSTM +1.9% | MTF BAIXA (3/3) [maior:↓ medio:↓ menor:↓],-0.012,-2.0
2026-09-29 21:10:53,BTC,83529.03,44.7,-3,🔴 VENDER,0.0,📈 ALTA,-1,RSI 45 baixo | SMA9<SMA21 | Acima SMA50 | MACD- | Macro -1 | MTF BAIXA (2/3) [maior:↓ medio:↓ menor:↑],-0.036,-2.0
2026-09-29 21:10:53,ETH,2687.37,41.9,1,🟡 AGUARDAR,-0.13,📉 QUEDA,-1,RSI 42 baixo | SMA9<SMA21 | Acima SMA50 | MACD- | Macro -1 | MTF ALTA (2/3) [maior:↑ medio:↓ menor:↑],-0.018,2.0
2026-09-29 21:10:53,SOL,119.05,49.5,-7,🔴🔴 VENDA FORTE,0.74,📈 ALTA,-1,RSI 49 neutro | SMA9<SMA21 | Abaixo SMA50 | MACD- | Penalidade tendência | Macro -1 | MTF BAIXA (2/3) [maior:↓ medio:↓ menor:↑],-0.023,-2.0
2026-09-29 21:10:53,BNB,757.83,39.6,-7,🔴🔴 VENDA FORTE,0.11,📈 ALTA,-1,RSI 40 baixo (atenuado) | SMA9<SMA21 | Abaixo SMA50 | MACD- | Penalidade tendência | Macro -1 | MTF BAIXA (2/3) [maior:↓ medio:↓ menor:↑],0.0,-2.0
2026-09-29 21:10:53,ADA,0.245,34.7,-6,🔴 VENDER,-0.14,📉 QUEDA,-1,RSI 35 sobrevendido (atenuado) | SMA9<SMA21 | Abaixo SMA50 | MACD- | Penalidade tendência | Macro -1 | MTF BAIXA (2/3) [maior:↓ medio:↓ menor:↑],0.0,-2.0
2026-09-29 21:10:53,PETR4,49.1,53.8,0,🟡 AGUARDAR,-1.89,📉 QUEDA,-2,RSI 54 neutro | SMA9>SMA21 | Acima SMA50 | MACD- | Bônus tendência | Macro -2 | LSTM -1.9% | MTF ALTA (3/3) [maior:↑ medio:↑ menor:↑],-0.071,2.0
2026-09-29 21:10:53,VALE3,69.61,16.3,-2,🟡 AGUARDAR,5.61,📈 ALTA,-2,RSI 16 sobrevendido | SMA9<SMA21 | Abaixo SMA50 | MACD- | Macro -2 | LSTM +5.6% | MTF BAIXA (3/3) [maior:↓ medio:↓ menor:↓],-0.021,-2.0
2026-09-29 21:10:53,ITUB4,42.3,56.3,-6,🔴 VENDER,-1.07,📉 QUEDA,-2,RSI 56 alto | SMA9>SMA21 | Acima SMA50 | MACD- | Macro -2 | LSTM -1.1% | MTF BAIXA (2/3) [maior:↑ medio:↓ menor:↓],0.006,-2.0
2026-09-29 21:10:53,BBAS3,22.04,48.6,0,🟡 AGUARDAR,-1.58,📉 QUEDA,-2,RSI 49 neutro | SMA9>SMA21 | Acima SMA50 | MACD- | Bônus tendência | Macro -2 | LSTM -1.6% | MTF ALTA (3/3) [maior:↑ medio:↑ menor:↑],0.039,2.0
2026-09-29 21:10:53,WEGE3,50.29,40.4,-1,🟡 AGUARDAR,1.92,📈 ALTA,-2,RSI 40 baixo | SMA9<SMA21 | Acima SMA50 | MACD- | Bônus tendência | Macro -2 | LSTM +1.9% | MTF BAIXA (3/3) [maior:↓ medio:↓ menor:↓],-0.012,-2.0
2026-09-29 22:10:39,BTC,83557.54,37.7,-3,🔴 VENDER,-0.05,📉 QUEDA,-1,RSI 38 baixo | SMA9<SMA21 | Acima SMA50 | MACD- | Macro -1 | MTF BAIXA (2/3) [maior:↓ medio:↓ menor:↑],-0.036,-2.0
2026-09-29 22:10:39,ETH,2681.02,36.7,-3,🔴 VENDER,-0.08,📉 QUEDA,-1,RSI 37 baixo | SMA9<SMA21 | Acima SMA50 | MACD- | Macro -1 | MTF BAIXA (2/3) [maior:↑ medio:↓ menor:↓],-0.018,-2.0
2026-09-29 22:10:39,SOL,119.25,46.0,-2,🟡 AGUARDAR,0.55,📈 ALTA,-1,RSI 46 neutro | SMA9<SMA21 | Acima SMA50 | MACD+ | Macro -1 | MTF BAIXA (2/3) [maior:↓ medio:↓ menor:↑],-0.023,-2.0
2026-09-29 22:10:39,BNB,758.32,39.1,-5,🔴 VENDER,-0.02,📉 QUEDA,-1,RSI 39 baixo (atenuado) | SMA9<SMA21 | Abaixo SMA50 | MACD+ | Penalidade tendência | Macro -1 | MTF BAIXA (2/3) [maior:↓ medio:↓ menor:↑],0.0,-2.0
2026-09-29 22:10:39,ADA,0.2451,33.9,-4,🔴 VENDER,-0.4,📉 QUEDA,-1,RSI 34 sobrevendido | SMA9<SMA21 | Abaixo SMA50 | MACD- | Macro -1 | MTF BAIXA (2/3) [maior:↓ medio:↓ menor:↑],0.0,-2.0
2026-09-29 22:10:39,PETR4,49.1,53.8,1,🟡 AGUARDAR,-1.89,📉 QUEDA,-1,RSI 54 neutro | SMA9>SMA21 | Acima SMA50 | MACD- | Bônus tendência | Macro -1 | LSTM -1.9% | MTF ALTA (3/3) [maior:↑ medio:↑ menor:↑],-0.071,2.0
2026-09-29 22:10:39,VALE3,69.61,16.3,-1,🟡 AGUARDAR,5.61,📈 ALTA,-1,RSI 16 sobrevendido | SMA9<SMA21 | Abaixo SMA50 | MACD- | Macro -1 | LSTM +5.6% | MTF BAIXA (3/3) [maior:↓ medio:↓ menor:↓],-0.021,-2.0
2026-09-29 22:10:39,ITUB4,42.3,56.3,-5,🔴 VENDER,-1.07,📉 QUEDA,-1,RSI 56 alto | SMA9>SMA21 | Acima SMA50 | MACD- | Macro -1 | LSTM -1.1% | MTF BAIXA (2/3) [maior:↑ medio:↓ menor:↓],0.006,-2.0
2026-09-29 22:10:39,BBAS3,22.04,48.6,1,🟡 AGUARDAR,-1.58,📉 QUEDA,-1,RSI 49 neutro | SMA9>SMA21 | Acima SMA50 | MACD- | Bônus tendência | Macro -1 | LSTM -1.6% | MTF ALTA (3/3) [maior:↑ medio:↑ menor:↑],0.039,2.0
2026-09-29 22:10:39,WEGE3,50.29,40.4,0,🟡 AGUARDAR,1.92,📈 ALTA,-1,RSI 40 baixo | SMA9<SMA21 | Acima SMA50 | MACD- | Bônus tendência | Macro -1 | LSTM +1.9% | MTF BAIXA (3/3) [maior:↓ medio:↓ menor:↓],-0.012,-2.0
2026-09-29 23:09:56,BTC,83744.84,45.2,-2,🟡 AGUARDAR,-0.28,📉 QUEDA,-1,RSI 45 neutro | SMA9<SMA21 | Acima SMA50 | MACD+ | Macro -1 | MTF BAIXA (2/3) [maior:↓ medio:↓ menor:↑],-0.036,-2.0
2026-09-29 23:09:56,ETH,2684.24,39.0,-3,🔴 VENDER,-0.3,📉 QUEDA,-1,RSI 39 baixo | SMA9<SMA21 | Acima SMA50 | MACD- | Macro -1 | MTF BAIXA (2/3) [maior:↑ medio:↓ menor:↓],-0.018,-2.0
2026-09-29 23:09:56,SOL,119.37,49.9,-2,🟡 AGUARDAR,0.44,📈 ALTA,-1,RSI 50 neutro | SMA9<SMA21 | Acima SMA50 | MACD+ | Macro -1 | MTF BAIXA (2/3) [maior:↓ medio:↓ menor:↑],-0.023,-2.0
2026-09-29 23:09:56,BNB,759.72,43.3,-5,🔴 VENDER,-0.23,📉 QUEDA,-1,RSI 43 baixo (atenuado) | SMA9<SMA21 | Abaixo SMA50 | MACD+ | Penalidade tendência | Macro -1 | MTF BAIXA (2/3) [maior:↓ medio:↓ menor:↑],0.0,-2.0
2026-09-29 23:09:56,ADA,0.2458,38.7,-5,🔴 VENDER,-0.83,📉 QUEDA,-1,RSI 39 baixo | SMA9<SMA21 | Abaixo SMA50 | MACD- | Macro -1 | MTF BAIXA (2/3) [maior:↓ medio:↓ menor:↑],0.0,-2.0
2026-09-29 23:09:56,PETR4,49.1,53.8,0,🟡 AGUARDAR,-1.89,📉 QUEDA,-2,RSI 54 neutro | SMA9>SMA21 | Acima SMA50 | MACD- | Bônus tendência | Macro -2 | LSTM -1.9% | MTF ALTA (3/3) [maior:↑ medio:↑ menor:↑],-0.071,2.0
2026-09-29 23:09:56,VALE3,69.61,16.3,-2,🟡 AGUARDAR,5.61,📈 ALTA,-2,RSI 16 sobrevendido | SMA9<SMA21 | Abaixo SMA50 | MACD- | Macro -2 | LSTM +5.6% | MTF BAIXA (3/3) [maior:↓ medio:↓ menor:↓],-0.021,-2.0
2026-09-29 23:09:56,ITUB4,42.3,56.3,-6,🔴 VENDER,-1.07,📉 QUEDA,-2,RSI 56 alto | SMA9>SMA21 | Acima SMA50 | MACD- | Macro -2 | LSTM -1.1% | MTF BAIXA (2/3) [maior:↑ medio:↓ menor:↓],0.006,-2.0
2026-09-29 23:09:56,BBAS3,22.04,48.6,0,🟡 AGUARDAR,-1.58,📉 QUEDA,-2,RSI 49 neutro | SMA9>SMA21 | Acima SMA50 | MACD- | Bônus tendência | Macro -2 | LSTM -1.6% | MTF ALTA (3/3) [maior:↑ medio:↑ menor:↑],0.039,2.0
2026-09-29 23:09:56,WEGE3,50.29,40.4,-1,🟡 AGUARDAR,1.92,📈 ALTA,-2,RSI 40 baixo | SMA9<SMA21 | Acima SMA50 | MACD- | Bônus tendência | Macro -2 | LSTM +1.9% | MTF BAIXA (3/3) [maior:↓ medio:↓ menor:↓],-0.012,-2.0
2026-09-30 00:23:51,BTC,83400.7,39.0,-5,🔴 VENDER,0.12,📈 ALTA,-1,RSI 39 baixo | SMA9<SMA21 | Abaixo SMA50 | MACD- | Macro -1 | MTF BAIXA (3/3) [maior:↓ medio:↓ menor:↓],-0.038,-2.0
2026-09-30 00:23:51,ETH,2667.3,34.1,-4,🔴 VENDER,0.27,📈 ALTA,-1,RSI 34 sobrevendido | SMA9<SMA21 | Abaixo SMA50 | MACD- | Macro -1 | MTF BAIXA (2/3) [maior:↑ medio:↓ menor:↓],0.031,-2.0
2026-09-30 00:23:51,SOL,118.51,44.3,-3,🔴 VENDER,1.14,📈 ALTA,-1,RSI 44 baixo | SMA9<SMA21 | Abaixo SMA50 | MACD- | Macro -1 | LSTM +1.1% | MTF BAIXA (3/3) [maior:↓ medio:↓ menor:↓],-0.023,-2.0
2026-09-30 00:23:51,BNB,756.98,38.6,-5,🔴 VENDER,0.11,📈 ALTA,-1,RSI 39 baixo (atenuado) | SMA9<SMA21 | Abaixo SMA50 | MACD+ | Penalidade tendência | Macro -1 | MTF BAIXA (2/3) [maior:↓ medio:↓ menor:↑],0.0,-2.0
2026-09-30 00:23:51,ADA,0.2421,32.6,-4,🔴 VENDER,0.54,📈 ALTA,-1,RSI 33 sobrevendido | SMA9<SMA21 | Abaixo SMA50 | MACD- | Macro -1 | MTF BAIXA (3/3) [maior:↓ medio:↓ menor:↓],0.0,-2.0
2026-09-30 00:23:51,PETR4,49.1,53.8,0,🟡 AGUARDAR,-1.89,📉 QUEDA,-2,RSI 54 neutro | SMA9>SMA21 | Acima SMA50 | MACD- | Bônus tendência | Macro -2 | LSTM -1.9% | MTF ALTA (3/3) [maior:↑ medio:↑ menor:↑],-0.009,2.0
2026-09-30 00:23:51,VALE3,69.61,16.3,-2,🟡 AGUARDAR,5.61,📈 ALTA,-2,RSI 16 sobrevendido | SMA9<SMA21 | Abaixo SMA50 | MACD- | Macro -2 | LSTM +5.6% | MTF BAIXA (3/3) [maior:↓ medio:↓ menor:↓],0.025,-2.0
2026-09-30 00:23:51,ITUB4,42.3,56.3,-6,🔴 VENDER,-1.07,📉 QUEDA,-2,RSI 56 alto | SMA9>SMA21 | Acima SMA50 | MACD- | Macro -2 | LSTM -1.1% | MTF BAIXA (2/3) [maior:↑ medio:↓ menor:↓],0.036,-2.0
2026-09-30 00:23:51,BBAS3,22.04,48.6,0,🟡 AGUARDAR,-1.58,📉 QUEDA,-2,RSI 49 neutro | SMA9>SMA21 | Acima SMA50 | MACD- | Bônus tendência | Macro -2 | LSTM -1.6% | MTF ALTA (3/3) [maior:↑ medio:↑ menor:↑],0.017,2.0
2026-09-30 00:23:51,WEGE3,50.29,40.4,-1,🟡 AGUARDAR,1.92,📈 ALTA,-2,RSI 40 baixo | SMA9<SMA21 | Acima SMA50 | MACD- | Bônus tendência | Macro -2 | LSTM +1.9% | MTF BAIXA (3/3) [maior:↓ medio:↓ menor:↓],-0.026,-2.0
2026-09-30 01:19:09,BTC,83384.16,29.3,-4,🔴 VENDER,0.11,📈 ALTA,-1,RSI 29 sobrevendido | SMA9<SMA21 | Abaixo SMA50 | MACD- | Macro -1 | MTF BAIXA (3/3) [maior:↓ medio:↓ menor:↓],-0.038,-2.0
2026-09-30 01:19:09,ETH,2671.15,26.1,-4,🔴 VENDER,0.01,📈 ALTA,-1,RSI 26 sobrevendido | SMA9<SMA21 | Abaixo SMA50 | MACD- | Macro -1 | MTF BAIXA (2/3) [maior:↑ medio:↓ menor:↓],0.031,-2.0
2026-09-30 01:19:09,SOL,119.23,43.8,-1,🟡 AGUARDAR,0.54,📈 ALTA,-1,RSI 44 baixo | SMA9<SMA21 | Acima SMA50 | MACD+ | Macro -1 | MTF BAIXA (2/3) [maior:↓ medio:↓ menor:↑],-0.023,-2.0
2026-09-30 01:19:09,BNB,760.45,39.0,-5,🔴 VENDER,-0.34,📉 QUEDA,-1,RSI 39 baixo (atenuado) | SMA9<SMA21 | Abaixo SMA50 | MACD+ | Penalidade tendência | Macro -1 | MTF BAIXA (2/3) [maior:↓ medio:↓ menor:↑],0.0,-2.0
2026-09-30 01:19:09,ADA,0.2454,31.7,-4,🔴 VENDER,-0.74,📉 QUEDA,-1,RSI 32 sobrevendido | SMA9<SMA21 | Abaixo SMA50 | MACD- | Macro -1 | MTF BAIXA (2/3) [maior:↓ medio:↓ menor:↑],0.0,-2.0
2026-09-30 01:19:09,PETR4,49.1,53.8,0,🟡 AGUARDAR,-1.89,📉 QUEDA,-2,RSI 54 neutro | SMA9>SMA21 | Acima SMA50 | MACD- | Bônus tendência | Macro -2 | LSTM -1.9% | MTF ALTA (3/3) [maior:↑ medio:↑ menor:↑],-0.009,2.0
2026-09-30 01:19:09,VALE3,69.61,16.3,-2,🟡 AGUARDAR,5.61,📈 ALTA,-2,RSI 16 sobrevendido | SMA9<SMA21 | Abaixo SMA50 | MACD- | Macro -2 | LSTM +5.6% | MTF BAIXA (3/3) [maior:↓ medio:↓ menor:↓],0.025,-2.0
2026-09-30 01:19:09,ITUB4,42.3,56.3,-6,🔴 VENDER,-1.07,📉 QUEDA,-2,RSI 56 alto | SMA9>SMA21 | Acima SMA50 | MACD- | Macro -2 | LSTM -1.1% | MTF BAIXA (2/3) [maior:↑ medio:↓ menor:↓],0.036,-2.0
2026-09-30 01:19:09,BBAS3,22.04,48.6,0,🟡 AGUARDAR,-1.58,📉 QUEDA,-2,RSI 49 neutro | SMA9>SMA21 | Acima SMA50 | MACD- | Bônus tendência | Macro -2 | LSTM -1.6% | MTF ALTA (3/3) [maior:↑ medio:↑ menor:↑],0.017,2.0
2026-09-30 01:19:09,WEGE3,50.29,40.4,-1,🟡 AGUARDAR,1.92,📈 ALTA,-2,RSI 40 baixo | SMA9<SMA21 | Acima SMA50 | MACD- | Bônus tendência | Macro -2 | LSTM +1.9% | MTF BAIXA (3/3) [maior:↓ medio:↓ menor:↓],-0.026,-2.0
2026-09-30 03:16:29,BTC,83260.64,29.4,-4,🔴 VENDER,0.21,📈 ALTA,-1,RSI 29 sobrevendido | SMA9<SMA21 | Abaixo SMA50 | MACD- | Macro -1 | MTF BAIXA (3/3) [maior:↓ medio:↓ menor:↓],-0.038,-2.0
2026-09-30 03:16:29,ETH,2671.24,24.9,-3,🔴 VENDER,-0.2,📉 QUEDA,-1,RSI 25 sobrevendido | SMA9<SMA21 | Abaixo SMA50 | MACD- | Macro -1 | MTF BAIXA (2/3) [maior:↑ medio:↓ menor:↓],0.031,-2.0
2026-09-30 03:16:29,SOL,119.5,38.9,-1,🟡 AGUARDAR,0.37,📈 ALTA,-1,RSI 39 baixo | SMA9<SMA21 | Acima SMA50 | MACD+ | Macro -1 | MTF BAIXA (2/3) [maior:↓ medio:↓ menor:↑],-0.023,-2.0
2026-09-30 03:16:29,BNB,761.32,43.4,-5,🔴 VENDER,-0.4,📉 QUEDA,-1,RSI 43 baixo (atenuado) | SMA9<SMA21 | Abaixo SMA50 | MACD+ | Penalidade tendência | Macro -1 | MTF BAIXA (2/3) [maior:↓ medio:↓ menor:↑],0.0,-2.0
2026-09-30 03:16:29,ADA,0.2446,32.5,-4,🔴 VENDER,-0.42,📉 QUEDA,-1,RSI 33 sobrevendido | SMA9<SMA21 | Abaixo SMA50 | MACD- | Macro -1 | MTF BAIXA (2/3) [maior:↓ medio:↓ menor:↑],0.0,-2.0
2026-09-30 03:16:29,PETR4,48.72,53.5,2,🟢 COMPRAR (conf.),-0.92,📉 QUEDA,-2,RSI 54 neutro | SMA9>SMA21 | Acima SMA50 | MACD- | Bônus tendência | Macro -2 | MTF ALTA (3/3) [maior:↑ medio:↑ menor:↑],-0.009,2.0
2026-09-30 03:16:29,VALE3,71.16,18.8,-2,🟡 AGUARDAR,3.7,📈 ALTA,-2,RSI 19 sobrevendido | SMA9<SMA21 | Abaixo SMA50 | MACD- | Macro -2 | LSTM +3.7% | MTF BAIXA (3/3) [maior:↓ medio:↓ menor:↓],0.025,-2.0
2026-09-30 03:16:29,ITUB4,41.71,43.9,-2,🟡 AGUARDAR,0.29,📈 ALTA,-2,RSI 44 baixo | SMA9>SMA21 | Acima SMA50 | MACD- | Macro -2 | MTF BAIXA (2/3) [maior:↑ medio:↓ menor:↓],0.036,-2.0
2026-09-30 03:16:29,BBAS3,21.49,38.4,5,🟢 COMPRAR,2.09,📈 ALTA,-2,RSI 38 baixo | SMA9>SMA21 | Acima SMA50 | MACD- | Bônus tendência | Macro -2 | LSTM +2.1% | MTF ALTA (3/3) [maior:↑ medio:↑ menor:↑],0.017,2.0
2026-09-30 03:16:29,WEGE3,50.12,34.3,0,🟡 AGUARDAR,2.32,📈 ALTA,-2,RSI 34 sobrevendido | SMA9<SMA21 | Acima SMA50 | MACD- | Bônus tendência | Macro -2 | LSTM +2.3% | MTF BAIXA (3/3) [maior:↓ medio:↓ menor:↓],-0.026,-2.0
2026-09-30 09:16:36,BTC,83237.02,41.4,-5,🔴 VENDER,0.03,📈 ALTA,-1,RSI 41 baixo | SMA9<SMA21 | Abaixo SMA50 | MACD- | Macro -1 | MTF BAIXA (3/3) [maior:↓ medio:↓ menor:↓],-0.038,-2.0
2026-09-30 09:16:36,ETH,2676.87,41.9,-1,🟡 AGUARDAR,-0.51,📉 QUEDA,-1,RSI 42 baixo | SMA9<SMA21 | Abaixo SMA50 | MACD- | Macro -1 | MTF ALTA (2/3) [maior:↑ medio:↓ menor:↑],0.031,2.0
2026-09-30 09:16:36,SOL,118.58,45.2,-7,🔴🔴 VENDA FORTE,0.91,📈 ALTA,-1,RSI 45 neutro | SMA9<SMA21 | Abaixo SMA50 | MACD- | Penalidade tendência | Macro -1 | MTF BAIXA (3/3) [maior:↓ medio:↓ menor:↓],-0.023,-2.0
2026-09-30 09:16:36,BNB,761.52,57.5,-1,🟡 AGUARDAR,-0.21,📉 QUEDA,-1,RSI 57 alto | SMA9>SMA21 | Acima SMA50 | MACD+ | Macro -1 | MTF BAIXA (2/3) [maior:↓ medio:↑ menor:↓],0.0,-2.0
2026-09-30 09:16:36,ADA,0.246,54.9,1,🟡 AGUARDAR,-0.68,📉 QUEDA,-1,RSI 55 neutro | SMA9>SMA21 | Abaixo SMA50 | MACD+ | Penalidade tendência | Macro -1 | MTF ALTA (2/3) [maior:↓ medio:↑ menor:↑],0.0,2.0
2026-09-30 09:16:36,PETR4,49.1,53.8,0,🟡 AGUARDAR,-1.89,📉 QUEDA,-2,RSI 54 neutro | SMA9>SMA21 | Acima SMA50 | MACD- | Bônus tendência | Macro -2 | LSTM -1.9% | MTF ALTA (3/3) [maior:↑ medio:↑ menor:↑],-0.009,2.0
2026-09-30 09:16:36,VALE3,69.61,16.3,-2,🟡 AGUARDAR,5.61,📈 ALTA,-2,RSI 16 sobrevendido | SMA9<SMA21 | Abaixo SMA50 | MACD- | Macro -2 | LSTM +5.6% | MTF BAIXA (3/3) [maior:↓ medio:↓ menor:↓],0.025,-2.0
2026-09-30 09:16:36,ITUB4,42.3,56.3,-6,🔴 VENDER,-1.07,📉 QUEDA,-2,RSI 56 alto | SMA9>SMA21 | Acima SMA50 | MACD- | Macro -2 | LSTM -1.1% | MTF BAIXA (2/3) [maior:↑ medio:↓ menor:↓],0.036,-2.0
2026-09-30 09:16:36,BBAS3,22.04,48.6,0,🟡 AGUARDAR,-1.58,📉 QUEDA,-2,RSI 49 neutro | SMA9>SMA21 | Acima SMA50 | MACD- | Bônus tendência | Macro -2 | LSTM -1.6% | MTF ALTA (3/3) [maior:↑ medio:↑ menor:↑],0.017,2.0
2026-09-30 09:16:36,WEGE3,50.29,40.4,-1,🟡 AGUARDAR,1.92,📈 ALTA,-2,RSI 40 baixo | SMA9<SMA21 | Acima SMA50 | MACD- | Bônus tendência | Macro -2 | LSTM +1.9% | MTF BAIXA (3/3) [maior:↓ medio:↓ menor:↓],-0.026,-2.0
2026-09-30 10:17:22,BTC,83664.93,54.2,-2,🟡 AGUARDAR,-0.48,📉 QUEDA,-1,RSI 54 neutro | SMA9<SMA21 | Acima SMA50 | MACD+ | Macro -1 | MTF BAIXA (2/3) [maior:↓ medio:↓ menor:↑],-0.038,-2.0
2026-09-30 10:17:22,ETH,2688.33,57.0,1,🟡 AGUARDAR,-0.77,📉 QUEDA,-1,RSI 57 alto | SMA9<SMA21 | Acima SMA50 | MACD+ | Macro -1 | MTF ALTA (2/3) [maior:↑ medio:↓ menor:↑],0.031,2.0
2026-09-30 10:17:22,SOL,119.32,53.9,4,🟢 COMPRAR,0.31,📈 ALTA,-1,RSI 54 neutro | SMA9>SMA21 | Acima SMA50 | MACD+ | Macro -1 | MTF ALTA (2/3) [maior:↓ medio:↑ menor:↑],-0.023,2.0
2026-09-30 10:17:22,BNB,766.87,67.2,2,🟡 AGUARDAR,-0.82,📉 QUEDA,-1,RSI 67 sobrecomprado | SMA9>SMA21 | Acima SMA50 | MACD+ | Macro -1 | MTF ALTA (2/3) [maior:↓ medio:↑ menor:↑],0.0,2.0
2026-09-30 10:17:22,ADA,0.2472,61.0,3,🟢 COMPRAR,-0.85,📉 QUEDA,-1,RSI 61 alto | SMA9>SMA21 | Acima SMA50 | MACD+ | Macro -1 | MTF ALTA (2/3) [maior:↓ medio:↑ menor:↑],0.0,2.0
2026-09-30 10:17:22,PETR4,49.1,53.8,1,🟡 AGUARDAR,-1.89,📉 QUEDA,-1,RSI 54 neutro | SMA9>SMA21 | Acima SMA50 | MACD- | Bônus tendência | Macro -1 | LSTM -1.9% | MTF ALTA (3/3) [maior:↑ medio:↑ menor:↑],-0.009,2.0
2026-09-30 10:17:22,VALE3,69.61,16.3,-1,🟡 AGUARDAR,5.61,📈 ALTA,-1,RSI 16 sobrevendido | SMA9<SMA21 | Abaixo SMA50 | MACD- | Macro -1 | LSTM +5.6% | MTF BAIXA (3/3) [maior:↓ medio:↓ menor:↓],0.025,-2.0
2026-09-30 10:17:22,ITUB4,42.3,56.3,-5,🔴 VENDER,-1.07,📉 QUEDA,-1,RSI 56 alto | SMA9>SMA21 | Acima SMA50 | MACD- | Macro -1 | LSTM -1.1% | MTF BAIXA (2/3) [maior:↑ medio:↓ menor:↓],0.036,-2.0
2026-09-30 10:17:22,BBAS3,22.04,48.6,1,🟡 AGUARDAR,-1.58,📉 QUEDA,-1,RSI 49 neutro | SMA9>SMA21 | Acima SMA50 | MACD- | Bônus tendência | Macro -1 | LSTM -1.6% | MTF ALTA (3/3) [maior:↑ medio:↑ menor:↑],0.017,2.0
2026-09-30 10:17:22,WEGE3,50.29,40.4,0,🟡 AGUARDAR,1.92,📈 ALTA,-1,RSI 40 baixo | SMA9<SMA21 | Acima SMA50 | MACD- | Bônus tendência | Macro -1 | LSTM +1.9% | MTF BAIXA (3/3) [maior:↓ medio:↓ menor:↓],-0.026,-2.0
2026-09-30 11:08:49,BTC,83726.33,52.8,-2,🟡 AGUARDAR,-0.53,📉 QUEDA,-1,RSI 53 neutro | SMA9<SMA21 | Acima SMA50 | MACD+ | Macro -1 | MTF BAIXA (2/3) [maior:↓ medio:↓ menor:↑],-0.038,-2.0
2026-09-30 11:08:49,ETH,2688.28,54.4,2,🟡 AGUARDAR,-0.6,📉 QUEDA,-1,RSI 54 neutro | SMA9<SMA21 | Acima SMA50 | MACD+ | Macro -1 | MTF ALTA (2/3) [maior:↑ medio:↓ menor:↑],0.031,2.0
2026-09-30 11:08:49,SOL,119.35,52.1,4,🟢 COMPRAR,0.34,📈 ALTA,-1,RSI 52 neutro | SMA9>SMA21 | Acima SMA50 | MACD+ | Macro -1 | MTF ALTA (2/3) [maior:↓ medio:↑ menor:↑],-0.023,2.0
2026-09-30 11:08:49,BNB,767.84,63.9,3,🟢 COMPRAR,-0.83,📉 QUEDA,-1,RSI 64 alto | SMA9>SMA21 | Acima SMA50 | MACD+ | Macro -1 | MTF ALTA (2/3) [maior:↓ medio:↑ menor:↑],0.0,2.0
2026-09-30 11:08:49,ADA,0.2471,57.4,3,🟢 COMPRAR,-0.48,📉 QUEDA,-1,RSI 57 alto | SMA9>SMA21 | Acima SMA50 | MACD+ | Macro -1 | MTF ALTA (2/3) [maior:↓ medio:↑ menor:↑],0.0,2.0
2026-09-30 11:08:49,PETR4,49.1,53.8,1,🟡 AGUARDAR,-1.89,📉 QUEDA,-1,RSI 54 neutro | SMA9>SMA21 | Acima SMA50 | MACD- | Bônus tendência | Macro -1 | LSTM -1.9% | MTF ALTA (3/3) [maior:↑ medio:↑ menor:↑],-0.009,2.0
2026-09-30 11:08:49,VALE3,69.61,16.3,-1,🟡 AGUARDAR,5.61,📈 ALTA,-1,RSI 16 sobrevendido | SMA9<SMA21 | Abaixo SMA50 | MACD- | Macro -1 | LSTM +5.6% | MTF BAIXA (3/3) [maior:↓ medio:↓ menor:↓],0.025,-2.0
2026-09-30 11:08:49,ITUB4,42.3,56.3,-5,🔴 VENDER,-1.07,📉 QUEDA,-1,RSI 56 alto | SMA9>SMA21 | Acima SMA50 | MACD- | Macro -1 | LSTM -1.1% | MTF BAIXA (2/3) [maior:↑ medio:↓ menor:↓],0.036,-2.0
2026-09-30 11:08:49,BBAS3,22.04,48.6,1,🟡 AGUARDAR,-1.58,📉 QUEDA,-1,RSI 49 neutro | SMA9>SMA21 | Acima SMA50 | MACD- | Bônus tendência | Macro -1 | LSTM -1.6% | MTF ALTA (3/3) [maior:↑ medio:↑ menor:↑],0.017,2.0
2026-09-30 11:08:49,WEGE3,50.29,40.4,0,🟡 AGUARDAR,1.92,📈 ALTA,-1,RSI 40 baixo | SMA9<SMA21 | Acima SMA50 | MACD- | Bônus tendência | Macro -1 | LSTM +1.9% | MTF BAIXA (3/3) [maior:↓ medio:↓ menor:↓],-0.026,-2.0
2026-09-30 11:40:58,BTC,83897.84,56.5,3,🟢 COMPRAR,-0.73,📉 QUEDA,-1,RSI 56 alto | SMA9>SMA21 | Acima SMA50 | MACD+ | Macro -1 | MTF ALTA (2/3) [maior:↓ medio:↑ menor:↑],-0.038,2.0
2026-09-30 11:40:58,ETH,2698.18,61.0,3,🟢 COMPRAR,-0.91,📉 QUEDA,-1,RSI 61 alto | SMA9>SMA21 | Acima SMA50 | MACD+ | Macro -1 | MTF ALTA (3/3) [maior:↑ medio:↑ menor:↑],0.031,2.0
2026-09-30 11:40:58,SOL,119.67,55.1,3,🟢 COMPRAR,0.08,📈 ALTA,-1,RSI 55 alto | SMA9>SMA21 | Acima SMA50 | MACD+ | Macro -1 | MTF ALTA (2/3) [maior:↓ medio:↑ menor:↑],-0.023,2.0
2026-09-30 11:40:58,BNB,769.4,67.4,0,🟡 AGUARDAR,-1.02,📉 QUEDA,-1,RSI 67 sobrecomprado | SMA9>SMA21 | Acima SMA50 | MACD+ | Macro -1 | LSTM -1.0% | MTF ALTA (2/3) [maior:↓ medio:↑ menor:↑],0.0,2.0
2026-09-30 11:40:58,ADA,0.2483,62.4,3,🟢 COMPRAR,-0.91,📉 QUEDA,-1,RSI 62 alto | SMA9>SMA21 | Acima SMA50 | MACD+ | Macro -1 | MTF ALTA (2/3) [maior:↓ medio:↑ menor:↑],0.0,2.0
2026-09-30 11:40:58,PETR4,49.1,53.8,0,🟡 AGUARDAR,-1.89,📉 QUEDA,-2,RSI 54 neutro | SMA9>SMA21 | Acima SMA50 | MACD- | Bônus tendência | Macro -2 | LSTM -1.9% | MTF ALTA (3/3) [maior:↑ medio:↑ menor:↑],-0.009,2.0
2026-09-30 11:40:58,VALE3,69.61,16.3,-2,🟡 AGUARDAR,5.61,📈 ALTA,-2,RSI 16 sobrevendido | SMA9<SMA21 | Abaixo SMA50 | MACD- | Macro -2 | LSTM +5.6% | MTF BAIXA (3/3) [maior:↓ medio:↓ menor:↓],0.025,-2.0
2026-09-30 11:40:58,ITUB4,42.3,56.3,-6,🔴 VENDER,-1.07,📉 QUEDA,-2,RSI 56 alto | SMA9>SMA21 | Acima SMA50 | MACD- | Macro -2 | LSTM -1.1% | MTF BAIXA (2/3) [maior:↑ medio:↓ menor:↓],0.036,-2.0
2026-09-30 11:40:58,BBAS3,22.04,48.6,0,🟡 AGUARDAR,-1.58,📉 QUEDA,-2,RSI 49 neutro | SMA9>SMA21 | Acima SMA50 | MACD- | Bônus tendência | Macro -2 | LSTM -1.6% | MTF ALTA (3/3) [maior:↑ medio:↑ menor:↑],0.017,2.0
2026-09-30 11:40:58,WEGE3,50.29,40.4,-1,🟡 AGUARDAR,1.92,📈 ALTA,-2,RSI 40 baixo | SMA9<SMA21 | Acima SMA50 | MACD- | Bônus tendência | Macro -2 | LSTM +1.9% | MTF BAIXA (3/3) [maior:↓ medio:↓ menor:↓],-0.026,-2.0
2026-09-30 12:11:12,BTC,83788.66,53.2,4,🟢 COMPRAR,-0.58,📉 QUEDA,-1,RSI 53 neutro | SMA9>SMA21 | Acima SMA50 | MACD+ | Macro -1 | MTF ALTA (2/3) [maior:↓ medio:↑ menor:↑],-0.038,2.0
2026-09-30 12:11:12,ETH,2693.97,60.7,3,🟢 COMPRAR,-0.58,📉 QUEDA,-1,RSI 61 alto | SMA9>SMA21 | Acima SMA50 | MACD+ | Macro -1 | MTF ALTA (3/3) [maior:↑ medio:↑ menor:↑],0.031,2.0
2026-09-30 12:11:12,SOL,119.48,53.3,5,🟢 COMPRAR,0.28,📈 ALTA,-1,RSI 53 neutro | SMA9>SMA21 | Acima SMA50 | MACD+ | Bônus tendência | Macro -1 | MTF ALTA (2/3) [maior:↓ medio:↑ menor:↑],-0.023,2.0
2026-09-30 12:11:12,BNB,768.62,65.2,2,🟡 AGUARDAR,-0.79,📉 QUEDA,-1,RSI 65 sobrecomprado | SMA9>SMA21 | Acima SMA50 | MACD+ | Macro -1 | MTF ALTA (2/3) [maior:↓ medio:↑ menor:↑],0.0,2.0
2026-09-30 12:11:12,ADA,0.2481,62.5,3,🟢 COMPRAR,-0.55,📉 QUEDA,-1,RSI 62 alto | SMA9>SMA21 | Acima SMA50 | MACD+ | Macro -1 | MTF ALTA (2/3) [maior:↓ medio:↑ menor:↑],0.0,2.0
2026-09-30 12:11:12,PETR4,49.1,53.8,1,🟡 AGUARDAR,-1.89,📉 QUEDA,-1,RSI 54 neutro | SMA9>SMA21 | Acima SMA50 | MACD- | Bônus tendência | Macro -1 | LSTM -1.9% | MTF ALTA (3/3) [maior:↑ medio:↑ menor:↑],-0.009,2.0
2026-09-30 12:11:12,VALE3,69.61,16.3,-1,🟡 AGUARDAR,5.61,📈 ALTA,-1,RSI 16 sobrevendido | SMA9<SMA21 | Abaixo SMA50 | MACD- | Macro -1 | LSTM +5.6% | MTF BAIXA (3/3) [maior:↓ medio:↓ menor:↓],0.025,-2.0
2026-09-30 12:11:12,ITUB4,42.3,56.3,-5,🔴 VENDER,-1.07,📉 QUEDA,-1,RSI 56 alto | SMA9>SMA21 | Acima SMA50 | MACD- | Macro -1 | LSTM -1.1% | MTF BAIXA (2/3) [maior:↑ medio:↓ menor:↓],0.036,-2.0
2026-09-30 12:11:12,BBAS3,22.04,48.6,1,🟡 AGUARDAR,-1.58,📉 QUEDA,-1,RSI 49 neutro | SMA9>SMA21 | Acima SMA50 | MACD- | Bônus tendência | Macro -1 | LSTM -1.6% | MTF ALTA (3/3) [maior:↑ medio:↑ menor:↑],0.017,2.0
2026-09-30 12:11:12,WEGE3,50.29,40.4,0,🟡 AGUARDAR,1.92,📈 ALTA,-1,RSI 40 baixo | SMA9<SMA21 | Acima SMA50 | MACD- | Bônus tendência | Macro -1 | LSTM +1.9% | MTF BAIXA (3/3) [maior:↓ medio:↓ menor:↓],-0.026,-2.0
2026-09-30 12:49:18,BTC,85053.72,69.8,0,🚫 BLOQUEADO,-2.01,📉 QUEDA,-1,LSTM -2.0% (queda forte),-0.038,2.0
2026-09-30 12:49:18,ETH,2732.1,74.7,-1,🟡 AGUARDAR,-1.81,📉 QUEDA,-1,RSI 75 sobrecomprado | SMA9>SMA21 | Acima SMA50 | MACD+ | Banda sup | Macro -1 | LSTM -1.8% | MTF ALTA (3/3) [maior:↑ medio:↑ menor:↑],0.031,2.0
2026-09-30 12:49:18,SOL,121.61,65.7,2,🟢 COMPRAR (conf.),-1.39,📉 QUEDA,-1,RSI 66 sobrecomprado (atenuado) | SMA9>SMA21 | Acima SMA50 | MACD+ | Banda sup (força) | Bônus tendência | Macro -1 | LSTM -1.4% | MTF ALTA (2/3) [maior:↓ medio:↑ menor:↑],-0.023,2.0
2026-09-30 12:49:18,BNB,775.21,73.4,-1,🟡 AGUARDAR,-1.6,📉 QUEDA,-1,RSI 73 sobrecomprado | SMA9>SMA21 | Acima SMA50 | MACD+ | Banda sup | Macro -1 | LSTM -1.6% | MTF ALTA (2/3) [maior:↓ medio:↑ menor:↑],0.0,2.0
2026-09-30 12:49:18,ADA,0.253,72.8,0,🚫 BLOQUEADO,-2.2,📉 QUEDA,-1,LSTM -2.2% (queda forte),0.0,2.0
2026-09-30 12:49:18,PETR4,49.1,53.8,1,🟡 AGUARDAR,-1.89,📉 QUEDA,-1,RSI 54 neutro | SMA9>SMA21 | Acima SMA50 | MACD- | Bônus tendência | Macro -1 | LSTM -1.9% | MTF ALTA (3/3) [maior:↑ medio:↑ menor:↑],-0.009,2.0
2026-09-30 12:49:18,VALE3,69.61,16.3,-1,🟡 AGUARDAR,5.61,📈 ALTA,-1,RSI 16 sobrevendido | SMA9<SMA21 | Abaixo SMA50 | MACD- | Macro -1 | LSTM +5.6% | MTF BAIXA (3/3) [maior:↓ medio:↓ menor:↓],0.025,-2.0
2026-09-30 12:49:18,ITUB4,42.3,56.3,-5,🔴 VENDER,-1.07,📉 QUEDA,-1,RSI 56 alto | SMA9>SMA21 | Acima SMA50 | MACD- | Macro -1 | LSTM -1.1% | MTF BAIXA (2/3) [maior:↑ medio:↓ menor:↓],0.036,-2.0
2026-09-30 12:49:18,BBAS3,22.04,48.6,1,🟡 AGUARDAR,-1.58,📉 QUEDA,-1,RSI 49 neutro | SMA9>SMA21 | Acima SMA50 | MACD- | Bônus tendência | Macro -1 | LSTM -1.6% | MTF ALTA (3/3) [maior:↑ medio:↑ menor:↑],0.017,2.0
2026-09-30 12:49:18,WEGE3,50.29,40.4,0,🟡 AGUARDAR,1.92,📈 ALTA,-1,RSI 40 baixo | SMA9<SMA21 | Acima SMA50 | MACD- | Bônus tendência | Macro -1 | LSTM +1.9% | MTF BAIXA (3/3) [maior:↓ medio:↓ menor:↓],-0.026,-2.0
2026-09-30 13:14:19,BTC,85377.1,76.6,0,🚫 BLOQUEADO,-2.26,📉 QUEDA,-1,LSTM -2.3% (queda forte),-0.038,2.0
2026-09-30 13:14:19,ETH,2733.21,78.9,-2,🟡 AGUARDAR,-1.47,📉 QUEDA,-1,RSI 79 sobrecomprado | SMA9>SMA21 | Acima SMA50 | MACD+ | Banda sup | Macro -1 | LSTM -1.5% | MTF ALTA (3/3) [maior:↑ medio:↑ menor:↑],0.031,2.0
2026-09-30 13:14:19,SOL,122.34,70.2,2,🟢 COMPRAR (conf.),-1.76,📉 QUEDA,-1,RSI 70 sobrecomprado (atenuado) | SMA9>SMA21 | Acima SMA50 | MACD+ | Banda sup (força) | Bônus tendência | Macro -1 | LSTM -1.8% | MTF ALTA (2/3) [maior:↓ medio:↑ menor:↑],-0.023,2.0
2026-09-30 13:14:19,BNB,777.28,73.7,2,🟢 COMPRAR (conf.),-1.65,📉 QUEDA,-1,RSI 74 sobrecomprado (atenuado) | SMA9>SMA21 | Acima SMA50 | MACD+ | Bônus tendência | Macro -1 | LSTM -1.6% | MTF ALTA (2/3) [maior:↓ medio:↑ menor:↑],0.0,2.0
2026-09-30 13:14:19,ADA,0.2541,73.5,-1,🟡 AGUARDAR,-1.98,📉 QUEDA,-1,RSI 73 sobrecomprado | SMA9>SMA21 | Acima SMA50 | MACD+ | Banda sup | Macro -1 | LSTM -2.0% | MTF ALTA (2/3) [maior:↓ medio:↑ menor:↑],0.0,2.0
2026-09-30 13:14:19,PETR4,49.1,53.8,1,🟡 AGUARDAR,-1.89,📉 QUEDA,-1,RSI 54 neutro | SMA9>SMA21 | Acima SMA50 | MACD- | Bônus tendência | Macro -1 | LSTM -1.9% | MTF ALTA (2/2) [maior:↑ medio:↑],-0.009,2.0
2026-09-30 13:14:19,VALE3,69.61,16.3,-1,🟡 AGUARDAR,5.61,📈 ALTA,-1,RSI 16 sobrevendido | SMA9<SMA21 | Abaixo SMA50 | MACD- | Macro -1 | LSTM +5.6% | MTF BAIXA (2/2) [maior:↓ medio:↓],0.025,-2.0
2026-09-30 13:14:19,ITUB4,42.3,56.3,-3,🔴 VENDER,-1.07,📉 QUEDA,-1,RSI 56 alto | SMA9>SMA21 | Acima SMA50 | MACD- | Macro -1 | LSTM -1.1%,0.036,0.0
2026-09-30 13:14:19,BBAS3,22.04,48.6,1,🟡 AGUARDAR,-1.58,📉 QUEDA,-1,RSI 49 neutro | SMA9>SMA21 | Acima SMA50 | MACD- | Bônus tendência | Macro -1 | LSTM -1.6% | MTF ALTA (2/2) [maior:↑ medio:↑],0.017,2.0
2026-09-30 13:14:19,WEGE3,50.29,40.4,0,🟡 AGUARDAR,1.92,📈 ALTA,-1,RSI 40 baixo | SMA9<SMA21 | Acima SMA50 | MACD- | Bônus tendência | Macro -1 | LSTM +1.9% | MTF BAIXA (2/2) [maior:↓ medio:↓],-0.026,-2.0
2026-09-30 13:34:25,BTC,85207.81,75.0,0,🚫 BLOQUEADO,-2.07,📉 QUEDA,-1,LSTM -2.1% (queda forte),-0.038,2.0
2026-09-30 13:34:25,ETH,2722.72,73.3,0,🟡 AGUARDAR,-1.11,📉 QUEDA,-1,RSI 73 sobrecomprado | SMA9>SMA21 | Acima SMA50 | MACD+ | Macro -1 | LSTM -1.1% | MTF ALTA (3/3) [maior:↑ medio:↑ menor:↑],0.031,2.0
2026-09-30 13:34:25,SOL,121.99,68.6,2,🟢 COMPRAR (conf.),-1.49,📉 QUEDA,-1,RSI 69 sobrecomprado (atenuado) | SMA9>SMA21 | Acima SMA50 | MACD+ | Banda sup (força) | Bônus tendência | Macro -1 | LSTM -1.5% | MTF ALTA (2/3) [maior:↓ medio:↑ menor:↑],-0.023,2.0
2026-09-30 13:34:25,BNB,774.81,70.4,2,🟢 COMPRAR (conf.),-1.36,📉 QUEDA,-1,RSI 70 sobrecomprado (atenuado) | SMA9>SMA21 | Acima SMA50 | MACD+ | Bônus tendência | Macro -1 | LSTM -1.4% | MTF ALTA (2/3) [maior:↓ medio:↑ menor:↑],0.0,2.0
2026-09-30 13:34:25,ADA,0.2552,74.6,0,🚫 BLOQUEADO,-2.3,📉 QUEDA,-1,LSTM -2.3% (queda forte),0.0,2.0
2026-09-30 13:34:25,PETR4,49.64,52.9,0,🚫 BLOQUEADO,-3.0,📉 QUEDA,-1,LSTM -3.0% (queda forte),-0.009,2.0
2026-09-30 13:34:25,VALE3,70.25,21.2,-4,🔴 VENDER,4.22,📈 ALTA,-1,RSI 21 sobrevendido (atenuado) | SMA9<SMA21 | Abaixo SMA50 | MACD- | Penalidade tendência | Macro -1 | LSTM +4.2% | MTF BAIXA (3/3) [maior:↓ medio:↓ menor:↓],0.025,-2.0
2026-09-30 13:34:25,ITUB4,42.78,54.0,0,🚫 BLOQUEADO,-2.15,📉 QUEDA,-1,LSTM -2.1% (queda forte),0.036,2.0
2026-09-30 13:34:25,BBAS3,22.27,44.1,0,🚫 BLOQUEADO,-3.2,📉 QUEDA,-1,LSTM -3.2% (queda forte),0.017,2.0
2026-09-30 13:34:25,WEGE3,50.34,36.6,0,🟡 AGUARDAR,1.73,📈 ALTA,-1,RSI 37 baixo | SMA9<SMA21 | Acima SMA50 | MACD- | Bônus tendência | Macro -1 | LSTM +1.7% | MTF BAIXA (3/3) [maior:↓ medio:↓ menor:↓],-0.026,-2.0
2026-09-30 13:57:44,BTC,84476.35,62.3,2,🟢 COMPRAR (conf.),-1.25,📉 QUEDA,-1,RSI 62 alto (atenuado) | SMA9>SMA21 | Acima SMA50 | MACD+ | Bônus tendência | Macro -1 | LSTM -1.2% | MTF ALTA (3/3) [maior:↑ medio:↑ menor:↑],-0.038,2.0
2026-09-30 13:57:44,ETH,2706.06,63.5,3,🟢 COMPRAR,-0.59,📉 QUEDA,-1,RSI 64 alto | SMA9>SMA21 | Acima SMA50 | MACD+ | Macro -1 | MTF ALTA (3/3) [maior:↑ medio:↑ menor:↑],0.031,2.0
2026-09-30 13:57:44,SOL,120.75,60.1,4,🟢 COMPRAR,-0.53,📉 QUEDA,-1,RSI 60 alto (atenuado) | SMA9>SMA21 | Acima SMA50 | MACD+ | Bônus tendência | Macro -1 | MTF ALTA (2/3) [maior:↓ medio:↑ menor:↑],-0.023,2.0
2026-09-30 13:57:44,BNB,770.28,62.6,4,🟢 COMPRAR,-0.79,📉 QUEDA,-1,RSI 63 alto (atenuado) | SMA9>SMA21 | Acima SMA50 | MACD+ | Bônus tendência | Macro -1 | MTF ALTA (2/3) [maior:↓ medio:↑ menor:↑],0.0,2.0
2026-09-30 13:57:44,ADA,0.2513,65.3,0,🟡 AGUARDAR,-1.05,📉 QUEDA,-1,RSI 65 sobrecomprado | SMA9>SMA21 | Acima SMA50 | MACD+ | Macro -1 | LSTM -1.1% | MTF ALTA (2/3) [maior:↓ medio:↑ menor:↑],0.0,2.0
2026-09-30 13:57:44,PETR4,49.31,51.1,0,🚫 BLOQUEADO,-2.35,📉 QUEDA,-1,LSTM -2.4% (queda forte),-0.009,2.0
2026-09-30 13:57:44,VALE3,69.78,18.4,-4,🔴 VENDER,4.92,📈 ALTA,-1,RSI 18 sobrevendido (atenuado) | SMA9<SMA21 | Abaixo SMA50 | MACD- | Penalidade tendência | Macro -1 | LSTM +4.9% | MTF BAIXA (3/3) [maior:↓ medio:↓ menor:↓],0.025,-2.0
2026-09-30 13:57:44,ITUB4,43.1,56.6,0,🚫 BLOQUEADO,-2.88,📉 QUEDA,-1,LSTM -2.9% (queda forte),0.036,2.0
2026-09-30 13:57:44,BBAS3,22.37,45.3,0,🚫 BLOQUEADO,-3.63,📉 QUEDA,-1,LSTM -3.6% (queda forte),0.017,2.0
2026-09-30 13:57:44,WEGE3,49.91,34.3,1,🟡 AGUARDAR,2.61,📈 ALTA,-1,RSI 34 sobrevendido | SMA9<SMA21 | Acima SMA50 | MACD- | Bônus tendência | Macro -1 | LSTM +2.6% | MTF BAIXA (3/3) [maior:↓ medio:↓ menor:↓],-0.026,-2.0
2026-09-30 14:17:40,BTC,84171.23,58.4,4,🟢 COMPRAR,-0.8,📉 QUEDA,-1,RSI 58 alto (atenuado) | SMA9>SMA21 | Acima SMA50 | MACD+ | Bônus tendência | Macro -1 | MTF ALTA (2/3) [maior:↓ medio:↑ menor:↑],-0.038,2.0
2026-09-30 14:17:40,ETH,2696.0,59.1,3,🟢 COMPRAR,0.03,📈 ALTA,-1,RSI 59 alto | SMA9>SMA21 | Acima SMA50 | MACD+ | Macro -1 | MTF ALTA (3/3) [maior:↑ medio:↑ menor:↑],0.031,2.0
2026-09-30 14:17:40,SOL,120.07,53.5,5,🟢 COMPRAR,0.19,📈 ALTA,-1,RSI 54 neutro | SMA9>SMA21 | Acima SMA50 | MACD+ | Bônus tendência | Macro -1 | MTF ALTA (2/3) [maior:↓ medio:↑ menor:↑],-0.023,2.0
2026-09-30 14:17:40,BNB,769.43,60.8,4,🟢 COMPRAR,-0.53,📉 QUEDA,-1,RSI 61 alto (atenuado) | SMA9>SMA21 | Acima SMA50 | MACD+ | Bônus tendência | Macro -1 | MTF ALTA (2/3) [maior:↓ medio:↑ menor:↑],0.0,2.0
2026-09-30 14:17:40,ADA,0.2496,59.9,3,🟢 COMPRAR,0.06,📈 ALTA,-1,RSI 60 alto | SMA9>SMA21 | Acima SMA50 | MACD+ | Macro -1 | MTF ALTA (2/3) [maior:↓ medio:↑ menor:↑],0.0,2.0
2026-09-30 14:17:40,PETR4,49.47,52.0,0,🚫 BLOQUEADO,-2.67,📉 QUEDA,-1,LSTM -2.7% (queda forte),-0.009,2.0
2026-09-30 14:17:40,VALE3,70.0,19.7,-4,🔴 VENDER,4.59,📈 ALTA,-1,RSI 20 sobrevendido (atenuado) | SMA9<SMA21 | Abaixo SMA50 | MACD- | Penalidade tendência | Macro -1 | LSTM +4.6% | MTF BAIXA (3/3) [maior:↓ medio:↓ menor:↓],0.025,-2.0
2026-09-30 14:17:40,ITUB4,43.18,57.2,0,🚫 BLOQUEADO,-3.06,📉 QUEDA,-1,LSTM -3.1% (queda forte),0.036,2.0
2026-09-30 14:17:40,BBAS3,22.44,46.2,0,🚫 BLOQUEADO,-3.93,📉 QUEDA,-1,LSTM -3.9% (queda forte),0.017,2.0
2026-09-30 14:17:40,WEGE3,49.88,34.1,1,🟡 AGUARDAR,2.67,📈 ALTA,-1,RSI 34 sobrevendido | SMA9<SMA21 | Acima SMA50 | MACD- | Bônus tendência | Macro -1 | LSTM +2.7% | MTF BAIXA (3/3) [maior:↓ medio:↓ menor:↓],-0.026,-2.0
2026-09-30 14:45:35,BTC,83546.55,51.3,2,🟡 AGUARDAR,-0.09,📉 QUEDA,-1,RSI 51 neutro | SMA9>SMA21 | Abaixo SMA50 | MACD+ | Macro -1 | MTF ALTA (2/3) [maior:↓ medio:↑ menor:↑],-0.038,2.0
2026-09-30 14:45:35,ETH,2673.83,50.9,2,🟡 AGUARDAR,0.75,📈 ALTA,-1,RSI 51 neutro | SMA9>SMA21 | Abaixo SMA50 | MACD+ | Macro -1 | MTF ALTA (3/3) [maior:↑ medio:↑ menor:↑],0.031,2.0
2026-09-30 14:45:35,SOL,118.58,46.2,4,🟢 COMPRAR,1.38,📈 ALTA,-1,RSI 46 neutro | SMA9>SMA21 | Abaixo SMA50 | MACD+ | Macro -1 | LSTM +1.4% | MTF ALTA (2/3) [maior:↓ medio:↑ menor:↑],-0.023,2.0
2026-09-30 14:45:35,BNB,764.64,54.8,5,🟢 COMPRAR,0.07,📈 ALTA,-1,RSI 55 neutro | SMA9>SMA21 | Acima SMA50 | MACD+ | Bônus tendência | Macro -1 | MTF ALTA (2/3) [maior:↓ medio:↑ menor:↑],0.0,2.0
2026-09-30 14:45:35,ADA,0.2439,47.9,4,🟢 COMPRAR,2.14,📈 ALTA,-1,RSI 48 neutro | SMA9>SMA21 | Abaixo SMA50 | MACD+ | Macro -1 | LSTM +2.1% | MTF ALTA (2/3) [maior:↓ medio:↑ menor:↑],0.0,2.0
2026-09-30 14:45:35,PETR4,49.62,52.8,0,🚫 BLOQUEADO,-2.96,📉 QUEDA,-1,LSTM -3.0% (queda forte),-0.009,2.0
2026-09-30 14:45:35,VALE3,70.32,21.6,-4,🔴 VENDER,4.11,📈 ALTA,-1,RSI 22 sobrevendido (atenuado) | SMA9<SMA21 | Abaixo SMA50 | MACD- | Penalidade tendência | Macro -1 | LSTM +4.1% | MTF BAIXA (3/3) [maior:↓ medio:↓ menor:↓],0.025,-2.0
2026-09-30 14:45:35,ITUB4,43.37,58.6,0,🚫 BLOQUEADO,-3.49,📉 QUEDA,-1,LSTM -3.5% (queda forte),0.036,2.0
2026-09-30 14:45:35,BBAS3,22.62,48.1,0,🚫 BLOQUEADO,-4.7,📉 QUEDA,-1,LSTM -4.7% (queda forte),0.017,2.0
2026-09-30 14:45:35,WEGE3,50.07,35.0,0,🟡 AGUARDAR,2.28,📈 ALTA,-1,RSI 35 baixo | SMA9<SMA21 | Acima SMA50 | MACD- | Bônus tendência | Macro -1 | LSTM +2.3% | MTF BAIXA (3/3) [maior:↓ medio:↓ menor:↓],-0.026,-2.0
2026-09-30 15:04:01,BTC,83786.57,54.3,1,🟡 AGUARDAR,-0.3,📉 QUEDA,-1,RSI 54 neutro | SMA9>SMA21 | Acima SMA50 | MACD+ | Bônus tendência | Macro -1 | MTF BAIXA (2/3) [maior:↓ medio:↑ menor:↓],-0.038,-2.0
2026-09-30 15:04:01,ETH,2678.87,51.8,2,🟡 AGUARDAR,0.59,📈 ALTA,-1,RSI 52 neutro | SMA9>SMA21 | Abaixo SMA50 | MACD+ | Macro -1 | MTF ALTA (2/3) [maior:↑ medio:↑ menor:↓],0.031,2.0
2026-09-30 15:04:01,SOL,118.91,46.5,-2,🟡 AGUARDAR,1.14,📈 ALTA,-1,RSI 46 neutro | SMA9>SMA21 | Abaixo SMA50 | MACD- | Macro -1 | LSTM +1.1% | MTF BAIXA (2/3) [maior:↓ medio:↑ menor:↓],-0.023,-2.0
2026-09-30 15:04:01,BNB,766.92,55.2,0,🟡 AGUARDAR,-0.12,📉 QUEDA,-1,RSI 55 alto (atenuado) | SMA9>SMA21 | Acima SMA50 | MACD+ | Bônus tendência | Macro -1 | MTF BAIXA (2/3) [maior:↓ medio:↑ menor:↓],0.0,-2.0
2026-09-30 15:04:01,ADA,0.2452,49.4,0,🟡 AGUARDAR,1.52,📈 ALTA,-1,RSI 49 neutro | SMA9>SMA21 | Abaixo SMA50 | MACD+ | Macro -1 | LSTM +1.5% | MTF BAIXA (2/3) [maior:↓ medio:↑ menor:↓],0.0,-2.0
2026-09-30 15:04:01,PETR4,49.54,52.4,0,🚫 BLOQUEADO,-2.8,📉 QUEDA,-1,LSTM -2.8% (queda forte),-0.009,2.0
2026-09-30 15:04:01,VALE3,70.02,19.8,-4,🔴 VENDER,4.56,📈 ALTA,-1,RSI 20 sobrevendido (atenuado) | SMA9<SMA21 | Abaixo SMA50 | MACD- | Penalidade tendência | Macro -1 | LSTM +4.6% | MTF BAIXA (3/3) [maior:↓ medio:↓ menor:↓],0.025,-2.0
2026-09-30 15:04:01,ITUB4,43.58,60.0,0,🚫 BLOQUEADO,-3.95,📉 QUEDA,-1,LSTM -4.0% (queda forte),0.036,2.0
2026-09-30 15:04:01,BBAS3,22.58,47.7,0,🚫 BLOQUEADO,-4.53,📉 QUEDA,-1,LSTM -4.5% (queda forte),0.017,2.0
2026-09-30 15:04:01,WEGE3,50.02,34.8,1,🟡 AGUARDAR,2.38,📈 ALTA,-1,RSI 35 sobrevendido | SMA9<SMA21 | Acima SMA50 | MACD- | Bônus tendência | Macro -1 | LSTM +2.4% | MTF BAIXA (3/3) [maior:↓ medio:↓ menor:↓],-0.026,-2.0
2026-09-30 15:33:04,BTC,84107.76,57.1,0,🟡 AGUARDAR,-0.67,📉 QUEDA,-1,RSI 57 alto (atenuado) | SMA9>SMA21 | Acima SMA50 | MACD+ | Bônus tendência | Macro -1 | MTF BAIXA (2/3) [maior:↓ medio:↑ menor:↓],-0.038,-2.0
2026-09-30 15:33:04,ETH,2683.11,53.0,2,🟡 AGUARDAR,0.47,📈 ALTA,-1,RSI 53 neutro | SMA9>SMA21 | Abaixo SMA50 | MACD+ | Macro -1 | MTF ALTA (2/3) [maior:↑ medio:↑ menor:↓],0.031,2.0
2026-09-30 15:33:04,SOL,119.04,47.2,3,🟢 COMPRAR,1.04,📈 ALTA,-1,RSI 47 neutro | SMA9>SMA21 | Acima SMA50 | MACD+ | Bônus tendência | Macro -1 | LSTM +1.0% | MTF BAIXA (2/3) [maior:↓ medio:↑ menor:↓],-0.023,-2.0
2026-09-30 15:33:04,BNB,768.0,56.0,0,🟡 AGUARDAR,-0.25,📉 QUEDA,-1,RSI 56 alto (atenuado) | SMA9>SMA21 | Acima SMA50 | MACD+ | Bônus tendência | Macro -1 | MTF BAIXA (2/3) [maior:↓ medio:↑ menor:↓],0.0,-2.0
2026-09-30 15:33:04,ADA,0.2459,50.6,0,🟡 AGUARDAR,1.35,📈 ALTA,-1,RSI 51 neutro | SMA9>SMA21 | Abaixo SMA50 | MACD+ | Macro -1 | LSTM +1.4% | MTF BAIXA (2/3) [maior:↓ medio:↑ menor:↓],0.0,-2.0
2026-09-30 15:33:04,PETR4,49.54,52.4,0,🚫 BLOQUEADO,-2.8,📉 QUEDA,-1,LSTM -2.8% (queda forte),-0.009,2.0
2026-09-30 15:33:04,VALE3,69.86,18.9,-4,🔴 VENDER,4.8,📈 ALTA,-1,RSI 19 sobrevendido (atenuado) | SMA9<SMA21 | Abaixo SMA50 | MACD- | Penalidade tendência | Macro -1 | LSTM +4.8% | MTF BAIXA (3/3) [maior:↓ medio:↓ menor:↓],0.025,-2.0
2026-09-30 15:33:04,ITUB4,43.97,62.4,0,🚫 BLOQUEADO,-4.8,📉 QUEDA,-1,LSTM -4.8% (queda forte),0.036,2.0
2026-09-30 15:33:04,BBAS3,22.62,48.1,0,🚫 BLOQUEADO,-4.7,📉 QUEDA,-1,LSTM -4.7% (queda forte),0.017,2.0
2026-09-30 15:33:04,WEGE3,50.05,34.9,1,🟡 AGUARDAR,2.32,📈 ALTA,-1,RSI 35 sobrevendido | SMA9<SMA21 | Acima SMA50 | MACD- | Bônus tendência | Macro -1 | LSTM +2.3% | MTF BAIXA (3/3) [maior:↓ medio:↓ menor:↓],-0.026,-2.0
2026-09-30 15:57:53,BTC,84096.61,57.1,0,🟡 AGUARDAR,-0.66,📉 QUEDA,-1,RSI 57 alto (atenuado) | SMA9>SMA21 | Acima SMA50 | MACD+ | Bônus tendência | Macro -1 | MTF BAIXA (2/3) [maior:↓ medio:↑ menor:↓],-0.038,-2.0
2026-09-30 15:57:53,ETH,2683.19,53.1,2,🟡 AGUARDAR,0.45,📈 ALTA,-1,RSI 53 neutro | SMA9>SMA21 | Abaixo SMA50 | MACD+ | Macro -1 | MTF ALTA (2/3) [maior:↑ medio:↑ menor:↓],0.031,2.0
2026-09-30 15:57:53,SOL,119.32,48.5,1,🟡 AGUARDAR,0.81,📈 ALTA,-1,RSI 48 neutro | SMA9>SMA21 | Acima SMA50 | MACD+ | Bônus tendência | Macro -1 | MTF BAIXA (2/3) [maior:↓ medio:↑ menor:↓],-0.023,-2.0
2026-09-30 15:57:53,BNB,769.31,57.4,0,🟡 AGUARDAR,-0.41,📉 QUEDA,-1,RSI 57 alto (atenuado) | SMA9>SMA21 | Acima SMA50 | MACD+ | Bônus tendência | Macro -1 | MTF BAIXA (2/3) [maior:↓ medio:↑ menor:↓],0.0,-2.0
2026-09-30 15:57:53,ADA,0.247,52.5,0,🟡 AGUARDAR,0.88,📈 ALTA,-1,RSI 52 neutro | SMA9>SMA21 | Acima SMA50 | MACD+ | Macro -1 | MTF BAIXA (2/3) [maior:↓ medio:↑ menor:↓],0.0,-2.0
2026-09-30 15:57:53,PETR4,49.5,52.2,0,🚫 BLOQUEADO,-2.73,📉 QUEDA,-1,LSTM -2.7% (queda forte),-0.009,2.0
2026-09-30 15:57:53,VALE3,69.53,17.2,-4,🔴 VENDER,5.29,📈 ALTA,-1,RSI 17 sobrevendido (atenuado) | SMA9<SMA21 | Abaixo SMA50 | MACD- | Penalidade tendência | Macro -1 | LSTM +5.3% | MTF BAIXA (3/3) [maior:↓ medio:↓ menor:↓],0.025,-2.0
2026-09-30 15:57:53,ITUB4,43.96,62.4,0,🚫 BLOQUEADO,-4.78,📉 QUEDA,-1,LSTM -4.8% (queda forte),0.036,2.0
2026-09-30 15:57:53,BBAS3,22.52,47.1,0,🚫 BLOQUEADO,-4.28,📉 QUEDA,-1,LSTM -4.3% (queda forte),0.017,2.0
2026-09-30 15:57:53,WEGE3,49.77,33.6,2,🟢 COMPRAR (conf.),2.9,📈 ALTA,-1,RSI 34 sobrevendido | SMA9<SMA21 | Acima SMA50 | MACD- | Banda inf | Bônus tendência | Macro -1 | LSTM +2.9% | MTF BAIXA (3/3) [maior:↓ medio:↓ menor:↓],-0.026,-2.0
2026-09-30 16:17:09,BTC,84297.7,59.5,0,🟡 AGUARDAR,-0.82,📉 QUEDA,-1,RSI 59 alto (atenuado) | SMA9>SMA21 | Acima SMA50 | MACD+ | Bônus tendência | Macro -1 | MTF BAIXA (2/3) [maior:↓ medio:↑ menor:↓],-0.038,-2.0
2026-09-30 16:17:09,ETH,2687.71,55.2,3,🟢 COMPRAR,0.27,📈 ALTA,-1,RSI 55 alto | SMA9>SMA21 | Acima SMA50 | MACD+ | Macro -1 | MTF ALTA (2/3) [maior:↑ medio:↑ menor:↓],0.031,2.0
2026-09-30 16:17:09,SOL,119.66,52.6,1,🟡 AGUARDAR,0.56,📈 ALTA,-1,RSI 53 neutro | SMA9>SMA21 | Acima SMA50 | MACD+ | Bônus tendência | Macro -1 | MTF BAIXA (2/3) [maior:↓ medio:↑ menor:↓],-0.023,-2.0
2026-09-30 16:17:09,BNB,770.03,60.7,0,🟡 AGUARDAR,-0.4,📉 QUEDA,-1,RSI 61 alto (atenuado) | SMA9>SMA21 | Acima SMA50 | MACD+ | Bônus tendência | Macro -1 | MTF BAIXA (2/3) [maior:↓ medio:↑ menor:↓],0.0,-2.0
2026-09-30 16:17:09,ADA,0.2485,58.3,-1,🟡 AGUARDAR,0.31,📈 ALTA,-1,RSI 58 alto | SMA9>SMA21 | Acima SMA50 | MACD+ | Macro -1 | MTF BAIXA (2/3) [maior:↓ medio:↑ menor:↓],0.0,-2.0
2026-09-30 16:17:09,PETR4,49.57,52.6,0,🚫 BLOQUEADO,-2.86,📉 QUEDA,-1,LSTM -2.9% (queda forte),-0.009,2.0
2026-09-30 16:17:09,VALE3,69.85,18.8,-4,🔴 VENDER,4.81,📈 ALTA,-1,RSI 19 sobrevendido (atenuado) | SMA9<SMA21 | Abaixo SMA50 | MACD- | Penalidade tendência | Macro -1 | LSTM +4.8% | MTF BAIXA (3/3) [maior:↓ medio:↓ menor:↓],0.025,-2.0
2026-09-30 16:17:09,ITUB4,44.07,63.0,0,🚫 BLOQUEADO,-5.02,📉 QUEDA,-1,LSTM -5.0% (queda forte),0.036,2.0
2026-09-30 16:17:09,BBAS3,22.6,47.9,0,🚫 BLOQUEADO,-4.62,📉 QUEDA,-1,LSTM -4.6% (queda forte),0.017,2.0
2026-09-30 16:17:09,WEGE3,49.81,33.8,1,🟡 AGUARDAR,2.81,📈 ALTA,-1,RSI 34 sobrevendido | SMA9<SMA21 | Acima SMA50 | MACD- | Bônus tendência | Macro -1 | LSTM +2.8% | MTF BAIXA (3/3) [maior:↓ medio:↓ menor:↓],-0.026,-2.0
2026-09-30 16:43:07,BTC,84249.98,59.1,0,🟡 AGUARDAR,-0.77,📉 QUEDA,-1,RSI 59 alto (atenuado) | SMA9>SMA21 | Acima SMA50 | MACD+ | Bônus tendência | Macro -1 | MTF BAIXA (2/3) [maior:↓ medio:↑ menor:↓],-0.038,-2.0
2026-09-30 16:43:07,ETH,2686.58,54.8,2,🟡 AGUARDAR,0.32,📈 ALTA,-1,RSI 55 neutro | SMA9>SMA21 | Abaixo SMA50 | MACD+ | Macro -1 | MTF ALTA (2/3) [maior:↑ medio:↑ menor:↓],0.031,2.0
2026-09-30 16:43:07,SOL,119.92,53.7,1,🟡 AGUARDAR,0.36,📈 ALTA,-1,RSI 54 neutro | SMA9>SMA21 | Acima SMA50 | MACD+ | Bônus tendência | Macro -1 | MTF BAIXA (2/3) [maior:↓ medio:↑ menor:↓],-0.023,-2.0
2026-09-30 16:43:07,BNB,769.55,60.5,0,🟡 AGUARDAR,-0.34,📉 QUEDA,-1,RSI 61 alto (atenuado) | SMA9>SMA21 | Acima SMA50 | MACD+ | Bônus tendência | Macro -1 | MTF BAIXA (2/3) [maior:↓ medio:↑ menor:↓],0.0,-2.0
2026-09-30 16:43:07,ADA,0.249,59.0,-1,🟡 AGUARDAR,0.18,📈 ALTA,-1,RSI 59 alto | SMA9>SMA21 | Acima SMA50 | MACD+ | Macro -1 | MTF BAIXA (2/3) [maior:↓ medio:↑ menor:↓],0.0,-2.0
2026-09-30 16:43:07,PETR4,49.6,52.7,0,🚫 BLOQUEADO,-2.92,📉 QUEDA,-1,LSTM -2.9% (queda forte),-0.009,2.0
2026-09-30 16:43:07,VALE3,69.98,19.6,-4,🔴 VENDER,4.62,📈 ALTA,-1,RSI 20 sobrevendido (atenuado) | SMA9<SMA21 | Abaixo SMA50 | MACD- | Penalidade tendência | Macro -1 | LSTM +4.6% | MTF BAIXA (3/3) [maior:↓ medio:↓ menor:↓],0.025,-2.0
2026-09-30 16:43:07,ITUB4,44.22,63.8,0,🚫 BLOQUEADO,-5.34,📉 QUEDA,-1,LSTM -5.3% (queda forte),0.036,2.0
2026-09-30 16:43:07,BBAS3,22.64,48.4,0,🚫 BLOQUEADO,-4.78,📉 QUEDA,-1,LSTM -4.8% (queda forte),0.017,2.0
2026-09-30 16:43:07,WEGE3,49.88,34.1,1,🟡 AGUARDAR,2.67,📈 ALTA,-1,RSI 34 sobrevendido | SMA9<SMA21 | Acima SMA50 | MACD- | Bônus tendência | Macro -1 | LSTM +2.7% | MTF BAIXA (3/3) [maior:↓ medio:↓ menor:↓],-0.026,-2.0
2026-09-30 16:58:13,BTC,84274.98,59.3,0,🟡 AGUARDAR,-0.79,📉 QUEDA,-1,RSI 59 alto (atenuado) | SMA9>SMA21 | Acima SMA50 | MACD+ | Bônus tendência | Macro -1 | MTF BAIXA (2/3) [maior:↓ medio:↑ menor:↓],-0.038,-2.0
2026-09-30 16:58:13,ETH,2693.43,56.7,3,🟢 COMPRAR,0.08,📈 ALTA,-1,RSI 57 alto | SMA9>SMA21 | Acima SMA50 | MACD+ | Macro -1 | MTF ALTA (2/3) [maior:↑ medio:↑ menor:↓],0.031,2.0
2026-09-30 16:58:13,SOL,120.32,55.3,0,🟡 AGUARDAR,0.04,📈 ALTA,-1,RSI 55 alto (atenuado) | SMA9>SMA21 | Acima SMA50 | MACD+ | Bônus tendência | Macro -1 | MTF BAIXA (2/3) [maior:↓ medio:↑ menor:↓],-0.023,-2.0
2026-09-30 16:58:13,BNB,769.79,60.5,0,🟡 AGUARDAR,-0.37,📉 QUEDA,-1,RSI 61 alto (atenuado) | SMA9>SMA21 | Acima SMA50 | MACD+ | Bônus tendência | Macro -1 | MTF BAIXA (2/3) [maior:↓ medio:↑ menor:↓],0.0,-2.0
2026-09-30 16:58:13,ADA,0.2494,59.7,-1,🟡 AGUARDAR,-0.04,📉 QUEDA,-1,RSI 60 alto | SMA9>SMA21 | Acima SMA50 | MACD+ | Macro -1 | MTF BAIXA (2/3) [maior:↓ medio:↑ menor:↓],0.0,-2.0
2026-09-30 16:58:13,PETR4,49.75,53.5,0,🚫 BLOQUEADO,-3.21,📉 QUEDA,-1,LSTM -3.2% (queda forte),-0.009,2.0
2026-09-30 16:58:13,VALE3,70.22,21.0,-4,🔴 VENDER,4.26,📈 ALTA,-1,RSI 21 sobrevendido (atenuado) | SMA9<SMA21 | Abaixo SMA50 | MACD- | Penalidade tendência | Macro -1 | LSTM +4.3% | MTF BAIXA (3/3) [maior:↓ medio:↓ menor:↓],0.025,-2.0
2026-09-30 16:58:13,ITUB4,44.21,63.8,0,🚫 BLOQUEADO,-5.32,📉 QUEDA,-1,LSTM -5.3% (queda forte),0.036,2.0
2026-09-30 16:58:13,BBAS3,22.7,49.0,0,🚫 BLOQUEADO,-5.04,📉 QUEDA,-1,LSTM -5.0% (queda forte),0.017,2.0
2026-09-30 16:58:13,WEGE3,49.87,34.1,1,🟡 AGUARDAR,2.69,📈 ALTA,-1,RSI 34 sobrevendido | SMA9<SMA21 | Acima SMA50 | MACD- | Bônus tendência | Macro -1 | LSTM +2.7% | MTF BAIXA (3/3) [maior:↓ medio:↓ menor:↓],-0.026,-2.0
2026-09-30 17:15:20,BTC,84222.23,59.7,0,🟡 AGUARDAR,-0.66,📉 QUEDA,-1,RSI 60 alto (atenuado) | SMA9>SMA21 | Acima SMA50 | MACD+ | Bônus tendência | Macro -1 | MTF BAIXA (2/3) [maior:↓ medio:↑ menor:↓],-0.038,-2.0
2026-09-30 17:15:20,ETH,2690.43,56.3,3,🟢 COMPRAR,0.19,📈 ALTA,-1,RSI 56 alto | SMA9>SMA21 | Acima SMA50 | MACD+ | Macro -1 | MTF ALTA (2/3) [maior:↑ medio:↑ menor:↓],0.031,2.0
2026-09-30 17:15:20,SOL,120.18,56.5,0,🟡 AGUARDAR,0.23,📈 ALTA,-1,RSI 57 alto (atenuado) | SMA9>SMA21 | Acima SMA50 | MACD+ | Bônus tendência | Macro -1 | MTF BAIXA (2/3) [maior:↓ medio:↑ menor:↓],-0.023,-2.0
2026-09-30 17:15:20,BNB,769.69,59.1,0,🟡 AGUARDAR,-0.27,📉 QUEDA,-1,RSI 59 alto (atenuado) | SMA9>SMA21 | Acima SMA50 | MACD+ | Bônus tendência | Macro -1 | MTF BAIXA (2/3) [maior:↓ medio:↑ menor:↓],0.0,-2.0
2026-09-30 17:15:20,ADA,0.2486,57.5,-1,🟡 AGUARDAR,0.41,📈 ALTA,-1,RSI 57 alto | SMA9>SMA21 | Acima SMA50 | MACD+ | Macro -1 | MTF BAIXA (2/3) [maior:↓ medio:↑ menor:↓],0.0,-2.0
2026-09-30 17:15:20,PETR4,49.65,53.0,0,🚫 BLOQUEADO,-3.02,📉 QUEDA,-1,LSTM -3.0% (queda forte),-0.009,2.0
2026-09-30 17:15:20,VALE3,70.11,20.4,-4,🔴 VENDER,4.42,📈 ALTA,-1,RSI 20 sobrevendido (atenuado) | SMA9<SMA21 | Abaixo SMA50 | MACD- | Penalidade tendência | Macro -1 | LSTM +4.4% | MTF BAIXA (3/3) [maior:↓ medio:↓ menor:↓],0.025,-2.0
2026-09-30 17:15:20,ITUB4,44.08,63.0,0,🚫 BLOQUEADO,-5.04,📉 QUEDA,-1,LSTM -5.0% (queda forte),0.036,2.0
2026-09-30 17:15:20,BBAS3,22.68,48.8,0,🚫 BLOQUEADO,-4.95,📉 QUEDA,-1,LSTM -5.0% (queda forte),0.017,2.0
2026-09-30 17:15:20,WEGE3,49.71,33.3,2,🟢 COMPRAR (conf.),3.02,📈 ALTA,-1,RSI 33 sobrevendido | SMA9<SMA21 | Acima SMA50 | MACD- | Banda inf | Bônus tendência | Macro -1 | LSTM +3.0% | MTF BAIXA (3/3) [maior:↓ medio:↓ menor:↓],-0.026,-2.0
2026-09-30 17:33:01,BTC,84033.59,57.7,0,🟡 AGUARDAR,-0.44,📉 QUEDA,-1,RSI 58 alto (atenuado) | SMA9>SMA21 | Acima SMA50 | MACD+ | Bônus tendência | Macro -1 | MTF BAIXA (2/3) [maior:↓ medio:↑ menor:↓],-0.038,-2.0
2026-09-30 17:33:01,ETH,2681.69,53.6,-4,🔴 VENDER,0.49,📈 ALTA,-1,RSI 54 neutro | SMA9>SMA21 | Abaixo SMA50 | MACD- | Macro -1 | MTF BAIXA (2/3) [maior:↓ medio:↑ menor:↓],0.031,-2.0
2026-09-30 17:33:01,SOL,119.46,53.1,1,🟡 AGUARDAR,0.81,📈 ALTA,-1,RSI 53 neutro | SMA9>SMA21 | Acima SMA50 | MACD+ | Bônus tendência | Macro -1 | MTF BAIXA (2/3) [maior:↓ medio:↑ menor:↓],-0.023,-2.0
2026-09-30 17:33:01,BNB,768.87,58.0,0,🟡 AGUARDAR,-0.16,📉 QUEDA,-1,RSI 58 alto (atenuado) | SMA9>SMA21 | Acima SMA50 | MACD+ | Bônus tendência | Macro -1 | MTF BAIXA (2/3) [maior:↓ medio:↑ menor:↓],0.0,-2.0
2026-09-30 17:33:01,ADA,0.2473,55.1,-1,🟡 AGUARDAR,0.85,📈 ALTA,-1,RSI 55 alto | SMA9>SMA21 | Acima SMA50 | MACD+ | Macro -1 | MTF BAIXA (2/3) [maior:↓ medio:↑ menor:↓],0.0,-2.0
2026-09-30 17:33:01,PETR4,49.72,53.4,0,🚫 BLOQUEADO,-3.16,📉 QUEDA,-1,LSTM -3.2% (queda forte),-0.009,2.0
2026-09-30 17:33:01,VALE3,70.17,20.7,-4,🔴 VENDER,4.33,📈 ALTA,-1,RSI 21 sobrevendido (atenuado) | SMA9<SMA21 | Abaixo SMA50 | MACD- | Penalidade tendência | Macro -1 | LSTM +4.3% | MTF BAIXA (3/3) [maior:↓ medio:↓ menor:↓],0.025,-2.0
2026-09-30 17:33:01,ITUB4,44.14,63.4,0,🚫 BLOQUEADO,-5.17,📉 QUEDA,-1,LSTM -5.2% (queda forte),0.036,2.0
2026-09-30 17:33:01,BBAS3,22.79,49.9,0,🚫 BLOQUEADO,-5.41,📉 QUEDA,-1,LSTM -5.4% (queda forte),0.017,2.0
2026-09-30 17:33:01,WEGE3,49.82,33.8,1,🟡 AGUARDAR,2.79,📈 ALTA,-1,RSI 34 sobrevendido | SMA9<SMA21 | Acima SMA50 | MACD- | Bônus tendência | Macro -1 | LSTM +2.8% | MTF BAIXA (3/3) [maior:↓ medio:↓ menor:↓],-0.026,-2.0
2026-09-30 17:55:37,BTC,83958.96,57.0,0,🟡 AGUARDAR,-0.35,📉 QUEDA,-1,RSI 57 alto (atenuado) | SMA9>SMA21 | Acima SMA50 | MACD+ | Bônus tendência | Macro -1 | MTF BAIXA (2/3) [maior:↓ medio:↑ menor:↓],-0.038,-2.0
2026-09-30 17:55:37,ETH,2678.44,52.6,-5,🔴 VENDER,0.59,📈 ALTA,-1,RSI 53 neutro | SMA9>SMA21 | Abaixo SMA50 | MACD- | Penalidade tendência | Macro -1 | MTF BAIXA (2/3) [maior:↓ medio:↑ menor:↓],0.031,-2.0
2026-09-30 17:55:37,SOL,118.97,50.9,-2,🟡 AGUARDAR,1.2,📈 ALTA,-1,RSI 51 neutro | SMA9>SMA21 | Abaixo SMA50 | MACD- | Macro -1 | LSTM +1.2% | MTF BAIXA (2/3) [maior:↓ medio:↑ menor:↓],-0.023,-2.0
2026-09-30 17:55:37,BNB,768.58,57.4,4,🟢 COMPRAR,-0.13,📉 QUEDA,-1,RSI 57 alto (atenuado) | SMA9>SMA21 | Acima SMA50 | MACD+ | Bônus tendência | Macro -1 | MTF ALTA (2/3) [maior:↓ medio:↑ menor:↑],0.0,2.0
2026-09-30 17:55:37,ADA,0.2457,52.5,-3,🔴 VENDER,1.39,📈 ALTA,-1,RSI 52 neutro | SMA9>SMA21 | Abaixo SMA50 | MACD- | Penalidade tendência | Macro -1 | LSTM +1.4% | MTF BAIXA (2/3) [maior:↓ medio:↑ menor:↓],0.0,-2.0
2026-09-30 17:55:37,PETR4,49.75,53.5,0,🚫 BLOQUEADO,-3.21,📉 QUEDA,-1,LSTM -3.2% (queda forte),-0.009,2.0
2026-09-30 17:55:37,VALE3,70.25,21.2,-4,🔴 VENDER,4.22,📈 ALTA,-1,RSI 21 sobrevendido (atenuado) | SMA9<SMA21 | Abaixo SMA50 | MACD- | Penalidade tendência | Macro -1 | LSTM +4.2% | MTF BAIXA (3/3) [maior:↓ medio:↓ menor:↓],0.025,-2.0
2026-09-30 17:55:37,ITUB4,44.24,63.9,0,🚫 BLOQUEADO,-5.39,📉 QUEDA,-1,LSTM -5.4% (queda forte),0.036,2.0
2026-09-30 17:55:37,BBAS3,23.0,51.9,0,🚫 BLOQUEADO,-6.27,📉 QUEDA,-1,LSTM -6.3% (queda forte),0.017,2.0
2026-09-30 17:55:37,WEGE3,49.78,33.7,2,🟢 COMPRAR (conf.),2.88,📈 ALTA,-1,RSI 34 sobrevendido | SMA9<SMA21 | Acima SMA50 | MACD- | Banda inf | Bônus tendência | Macro -1 | LSTM +2.9% | MTF BAIXA (3/3) [maior:↓ medio:↓ menor:↓],-0.026,-2.0
2026-09-30 18:12:45,BTC,84009.52,56.1,0,🟡 AGUARDAR,-0.35,📉 QUEDA,-1,RSI 56 alto (atenuado) | SMA9>SMA21 | Acima SMA50 | MACD+ | Bônus tendência | Macro -1 | MTF BAIXA (2/3) [maior:↓ medio:↑ menor:↓],-0.038,-2.0
2026-09-30 18:12:45,ETH,2682.02,52.3,-4,🔴 VENDER,0.38,📈 ALTA,-1,RSI 52 neutro | SMA9>SMA21 | Abaixo SMA50 | MACD- | Macro -1 | MTF BAIXA (2/3) [maior:↓ medio:↑ menor:↓],0.031,-2.0
2026-09-30 18:12:45,SOL,118.99,49.7,-2,🟡 AGUARDAR,1.19,📈 ALTA,-1,RSI 50 neutro | SMA9>SMA21 | Abaixo SMA50 | MACD- | Macro -1 | LSTM +1.2% | MTF BAIXA (2/3) [maior:↓ medio:↑ menor:↓],-0.023,-2.0
2026-09-30 18:12:45,BNB,769.07,56.2,4,🟢 COMPRAR,-0.12,📉 QUEDA,-1,RSI 56 alto (atenuado) | SMA9>SMA21 | Acima SMA50 | MACD+ | Bônus tendência | Macro -1 | MTF ALTA (2/3) [maior:↓ medio:↑ menor:↑],0.0,2.0
2026-09-30 18:12:45,ADA,0.2457,49.9,-2,🟡 AGUARDAR,1.3,📈 ALTA,-1,RSI 50 neutro | SMA9>SMA21 | Abaixo SMA50 | MACD- | Macro -1 | LSTM +1.3% | MTF BAIXA (2/3) [maior:↓ medio:↑ menor:↓],0.0,-2.0
2026-09-30 18:12:45,PETR4,49.88,54.2,0,🚫 BLOQUEADO,-3.47,📉 QUEDA,-1,LSTM -3.5% (queda forte),-0.009,2.0
2026-09-30 18:12:45,VALE3,70.2,20.9,-4,🔴 VENDER,4.29,📈 ALTA,-1,RSI 21 sobrevendido (atenuado) | SMA9<SMA21 | Abaixo SMA50 | MACD- | Penalidade tendência | Macro -1 | LSTM +4.3% | MTF BAIXA (3/3) [maior:↓ medio:↓ menor:↓],0.025,-2.0
2026-09-30 18:12:45,ITUB4,44.53,65.4,0,🚫 BLOQUEADO,-6.0,📉 QUEDA,-1,LSTM -6.0% (queda forte),0.036,2.0
2026-09-30 18:12:45,BBAS3,23.02,52.1,0,🚫 BLOQUEADO,-6.36,📉 QUEDA,-1,LSTM -6.4% (queda forte),0.017,2.0
2026-09-30 18:12:45,WEGE3,49.72,33.4,2,🟢 COMPRAR (conf.),3.0,📈 ALTA,-1,RSI 33 sobrevendido | SMA9<SMA21 | Acima SMA50 | MACD- | Banda inf | Bônus tendência | Macro -1 | LSTM +3.0% | MTF BAIXA (3/3) [maior:↓ medio:↓ menor:↓],-0.026,-2.0
2026-09-30 18:33:30,BTC,83826.38,54.3,1,🟡 AGUARDAR,-0.14,📉 QUEDA,-1,RSI 54 neutro | SMA9>SMA21 | Acima SMA50 | MACD+ | Bônus tendência | Macro -1 | MTF BAIXA (2/3) [maior:↓ medio:↑ menor:↓],-0.038,-2.0
2026-09-30 18:33:30,ETH,2676.92,50.8,-5,🔴 VENDER,0.55,📈 ALTA,-1,RSI 51 neutro | SMA9>SMA21 | Abaixo SMA50 | MACD- | Penalidade tendência | Macro -1 | MTF BAIXA (2/3) [maior:↓ medio:↑ menor:↓],0.031,-2.0
2026-09-30 18:33:30,SOL,118.68,48.5,-2,🟡 AGUARDAR,1.44,📈 ALTA,-1,RSI 48 neutro | SMA9>SMA21 | Abaixo SMA50 | MACD- | Macro -1 | LSTM +1.4% | MTF BAIXA (2/3) [maior:↓ medio:↑ menor:↓],-0.023,-2.0
2026-09-30 18:33:30,BNB,768.21,55.1,4,🟢 COMPRAR,-0.01,📉 QUEDA,-1,RSI 55 alto (atenuado) | SMA9>SMA21 | Acima SMA50 | MACD+ | Bônus tendência | Macro -1 | MTF ALTA (2/3) [maior:↓ medio:↑ menor:↑],0.0,2.0
2026-09-30 18:33:30,ADA,0.2447,48.3,-2,🟡 AGUARDAR,1.69,📈 ALTA,-1,RSI 48 neutro | SMA9>SMA21 | Abaixo SMA50 | MACD- | Macro -1 | LSTM +1.7% | MTF BAIXA (2/3) [maior:↓ medio:↑ menor:↓],0.0,-2.0
2026-09-30 18:33:30,PETR4,49.78,53.7,0,🚫 BLOQUEADO,-3.27,📉 QUEDA,-1,LSTM -3.3% (queda forte),-0.009,2.0
2026-09-30 18:33:30,VALE3,70.05,20.0,-4,🔴 VENDER,4.51,📈 ALTA,-1,RSI 20 sobrevendido (atenuado) | SMA9<SMA21 | Abaixo SMA50 | MACD- | Penalidade tendência | Macro -1 | LSTM +4.5% | MTF BAIXA (3/3) [maior:↓ medio:↓ menor:↓],0.025,-2.0
2026-09-30 18:33:30,ITUB4,44.28,64.1,0,🚫 BLOQUEADO,-5.47,📉 QUEDA,-1,LSTM -5.5% (queda forte),0.036,2.0
2026-09-30 18:33:30,BBAS3,22.94,51.4,0,🚫 BLOQUEADO,-6.03,📉 QUEDA,-1,LSTM -6.0% (queda forte),0.017,2.0
2026-09-30 18:33:30,WEGE3,49.53,32.5,2,🟢 COMPRAR (conf.),3.39,📈 ALTA,-1,RSI 33 sobrevendido | SMA9<SMA21 | Acima SMA50 | MACD- | Banda inf | Bônus tendência | Macro -1 | LSTM +3.4% | MTF BAIXA (3/3) [maior:↓ medio:↓ menor:↓],-0.026,-2.0
2026-09-30 18:59:15,BTC,83948.37,55.5,0,🟡 AGUARDAR,-0.28,📉 QUEDA,-1,RSI 56 alto (atenuado) | SMA9>SMA21 | Acima SMA50 | MACD+ | Bônus tendência | Macro -1 | MTF BAIXA (2/3) [maior:↓ medio:↑ menor:↓],-0.038,-2.0
2026-09-30 18:59:15,ETH,2679.25,51.5,-4,🔴 VENDER,0.47,📈 ALTA,-1,RSI 51 neutro | SMA9>SMA21 | Abaixo SMA50 | MACD- | Macro -1 | MTF BAIXA (2/3) [maior:↓ medio:↑ menor:↓],0.031,-2.0
2026-09-30 18:59:15,SOL,118.74,48.7,-2,🟡 AGUARDAR,1.39,📈 ALTA,-1,RSI 49 neutro | SMA9>SMA21 | Abaixo SMA50 | MACD- | Macro -1 | LSTM +1.4% | MTF BAIXA (2/3) [maior:↓ medio:↑ menor:↓],-0.023,-2.0
2026-09-30 18:59:15,BNB,768.25,54.5,5,🟢 COMPRAR,-0.01,📉 QUEDA,-1,RSI 54 neutro | SMA9>SMA21 | Acima SMA50 | MACD+ | Bônus tendência | Macro -1 | MTF ALTA (2/3) [maior:↓ medio:↑ menor:↑],0.0,2.0
2026-09-30 18:59:15,ADA,0.2443,47.7,-2,🟡 AGUARDAR,1.78,📈 ALTA,-1,RSI 48 neutro | SMA9>SMA21 | Abaixo SMA50 | MACD- | Macro -1 | LSTM +1.8% | MTF BAIXA (2/3) [maior:↓ medio:↑ menor:↓],0.0,-2.0
2026-09-30 18:59:15,PETR4,49.7,53.3,0,🚫 BLOQUEADO,-3.12,📉 QUEDA,-1,LSTM -3.1% (queda forte),-0.009,2.0
2026-09-30 18:59:15,VALE3,70.06,20.1,-4,🔴 VENDER,4.5,📈 ALTA,-1,RSI 20 sobrevendido (atenuado) | SMA9<SMA21 | Abaixo SMA50 | MACD- | Penalidade tendência | Macro -1 | LSTM +4.5% | MTF BAIXA (3/3) [maior:↓ medio:↓ menor:↓],0.025,-2.0
2026-09-30 18:59:15,ITUB4,44.43,64.9,0,🚫 BLOQUEADO,-5.79,📉 QUEDA,-1,LSTM -5.8% (queda forte),0.036,2.0
2026-09-30 18:59:15,BBAS3,22.86,50.6,0,🚫 BLOQUEADO,-5.7,📉 QUEDA,-1,LSTM -5.7% (queda forte),0.017,2.0
2026-09-30 18:59:15,WEGE3,49.59,32.8,2,🟢 COMPRAR (conf.),3.27,📈 ALTA,-1,RSI 33 sobrevendido | SMA9<SMA21 | Acima SMA50 | MACD- | Banda inf | Bônus tendência | Macro -1 | LSTM +3.3% | MTF BAIXA (3/3) [maior:↓ medio:↓ menor:↓],-0.026,-2.0
2026-09-30 19:18:16,BTC,83599.06,55.4,-5,🔴 VENDER,0.17,📈 ALTA,-1,RSI 55 alto | SMA9>SMA21 | Abaixo SMA50 | MACD- | Macro -1 | MTF BAIXA (2/3) [maior:↓ medio:↑ menor:↓],-0.038,-2.0
2026-09-30 19:18:16,ETH,2670.55,52.8,-5,🔴 VENDER,0.64,📈 ALTA,-1,RSI 53 neutro | SMA9>SMA21 | Abaixo SMA50 | MACD- | Penalidade tendência | Macro -1 | MTF BAIXA (2/3) [maior:↓ medio:↑ menor:↓],0.031,-2.0
2026-09-30 19:18:16,SOL,117.59,48.1,-2,🟡 AGUARDAR,2.29,📈 ALTA,-1,RSI 48 neutro | SMA9>SMA21 | Abaixo SMA50 | MACD- | Macro -1 | LSTM +2.3% | MTF BAIXA (2/3) [maior:↓ medio:↑ menor:↓],-0.023,-2.0
2026-09-30 19:18:16,BNB,765.47,61.4,-2,🟡 AGUARDAR,0.38,📈 ALTA,-1,RSI 61 alto (atenuado) | SMA9>SMA21 | Acima SMA50 | MACD- | Bônus tendência | Macro -1 | MTF BAIXA (2/3) [maior:↓ medio:↑ menor:↓],0.0,-2.0
2026-09-30 19:18:16,ADA,0.2416,48.5,-3,🔴 VENDER,2.51,📈 ALTA,-1,RSI 49 neutro | SMA9>SMA21 | Abaixo SMA50 | MACD- | Penalidade tendência | Macro -1 | LSTM +2.5% | MTF BAIXA (2/3) [maior:↓ medio:↑ menor:↓],0.0,-2.0
2026-09-30 19:18:16,PETR4,49.61,52.8,0,🚫 BLOQUEADO,-2.94,📉 QUEDA,-1,LSTM -2.9% (queda forte),-0.009,2.0
2026-09-30 19:18:16,VALE3,69.99,19.7,-4,🔴 VENDER,4.6,📈 ALTA,-1,RSI 20 sobrevendido (atenuado) | SMA9<SMA21 | Abaixo SMA50 | MACD- | Penalidade tendência | Macro -1 | LSTM +4.6% | MTF BAIXA (3/3) [maior:↓ medio:↓ menor:↓],0.025,-2.0
2026-09-30 19:18:16,ITUB4,44.31,64.3,0,🚫 BLOQUEADO,-5.53,📉 QUEDA,-1,LSTM -5.5% (queda forte),0.036,2.0
2026-09-30 19:18:16,BBAS3,22.84,50.4,0,🚫 BLOQUEADO,-5.62,📉 QUEDA,-1,LSTM -5.6% (queda forte),0.017,2.0
2026-09-30 19:18:16,WEGE3,49.49,32.4,2,🟢 COMPRAR (conf.),3.48,📈 ALTA,-1,RSI 32 sobrevendido | SMA9<SMA21 | Acima SMA50 | MACD- | Banda inf | Bônus tendência | Macro -1 | LSTM +3.5% | MTF BAIXA (3/3) [maior:↓ medio:↓ menor:↓],-0.026,-2.0
2026-09-30 19:41:14,BTC,83808.56,57.6,-2,🟡 AGUARDAR,-0.08,📉 QUEDA,-1,RSI 58 alto (atenuado) | SMA9>SMA21 | Acima SMA50 | MACD- | Bônus tendência | Macro -1 | MTF BAIXA (2/3) [maior:↓ medio:↑ menor:↓],-0.038,-2.0
2026-09-30 19:41:14,ETH,2676.82,54.8,-5,🔴 VENDER,0.43,📈 ALTA,-1,RSI 55 neutro | SMA9>SMA21 | Abaixo SMA50 | MACD- | Penalidade tendência | Macro -1 | MTF BAIXA (2/3) [maior:↓ medio:↑ menor:↓],0.031,-2.0
2026-09-30 19:41:14,SOL,117.94,49.5,-2,🟡 AGUARDAR,2.0,📈 ALTA,-1,RSI 50 neutro | SMA9>SMA21 | Abaixo SMA50 | MACD- | Macro -1 | LSTM +2.0% | MTF BAIXA (2/3) [maior:↓ medio:↑ menor:↓],-0.023,-2.0
2026-09-30 19:41:14,BNB,767.0,63.9,0,🟡 AGUARDAR,0.19,📈 ALTA,-1,RSI 64 alto (atenuado) | SMA9>SMA21 | Acima SMA50 | MACD+ | Bônus tendência | Macro -1 | MTF BAIXA (2/3) [maior:↓ medio:↑ menor:↓],0.0,-2.0
2026-09-30 19:41:14,ADA,0.2435,51.6,-3,🔴 VENDER,1.74,📈 ALTA,-1,RSI 52 neutro | SMA9>SMA21 | Abaixo SMA50 | MACD- | Penalidade tendência | Macro -1 | LSTM +1.7% | MTF BAIXA (2/3) [maior:↓ medio:↑ menor:↓],0.0,-2.0
2026-09-30 19:41:14,PETR4,49.45,51.9,0,🚫 BLOQUEADO,-2.63,📉 QUEDA,-1,LSTM -2.6% (queda forte),-0.009,2.0
2026-09-30 19:41:14,VALE3,69.99,19.7,-4,🔴 VENDER,4.6,📈 ALTA,-1,RSI 20 sobrevendido (atenuado) | SMA9<SMA21 | Abaixo SMA50 | MACD- | Penalidade tendência | Macro -1 | LSTM +4.6% | MTF BAIXA (3/3) [maior:↓ medio:↓ menor:↓],0.025,-2.0
2026-09-30 19:41:14,ITUB4,44.49,65.2,0,🚫 BLOQUEADO,-5.92,📉 QUEDA,-1,LSTM -5.9% (queda forte),0.036,2.0
2026-09-30 19:41:14,BBAS3,22.97,51.6,0,🚫 BLOQUEADO,-6.15,📉 QUEDA,-1,LSTM -6.2% (queda forte),0.017,2.0
2026-09-30 19:41:14,WEGE3,49.43,32.1,2,🟢 COMPRAR (conf.),3.6,📈 ALTA,-1,RSI 32 sobrevendido | SMA9<SMA21 | Acima SMA50 | MACD- | Banda inf | Bônus tendência | Macro -1 | LSTM +3.6% | MTF BAIXA (3/3) [maior:↓ medio:↓ menor:↓],-0.026,-2.0
2026-09-30 19:54:39,BTC,83498.44,54.3,-3,🔴 VENDER,0.28,📈 ALTA,0,RSI 54 neutro | SMA9>SMA21 | Abaixo SMA50 | MACD- | MTF BAIXA (2/3) [maior:↓ medio:↑ menor:↓],-0.038,-2.0
2026-09-30 19:54:39,ETH,2667.84,52.0,-4,🔴 VENDER,0.72,📈 ALTA,0,RSI 52 neutro | SMA9>SMA21 | Abaixo SMA50 | MACD- | Penalidade tendência | MTF BAIXA (2/3) [maior:↓ medio:↑ menor:↓],0.031,-2.0
2026-09-30 19:54:39,SOL,117.28,47.0,-1,🟡 AGUARDAR,2.55,📈 ALTA,0,RSI 47 neutro | SMA9>SMA21 | Abaixo SMA50 | MACD- | LSTM +2.5% | MTF BAIXA (2/3) [maior:↓ medio:↑ menor:↓],-0.023,-2.0
2026-09-30 19:54:39,BNB,764.62,60.0,-1,🟡 AGUARDAR,0.49,📈 ALTA,0,RSI 60 alto (atenuado) | SMA9>SMA21 | Acima SMA50 | MACD- | Bônus tendência | MTF BAIXA (2/3) [maior:↓ medio:↑ menor:↓],0.0,-2.0
2026-09-30 19:54:39,ADA,0.2417,48.7,-2,🟡 AGUARDAR,2.45,📈 ALTA,0,RSI 49 neutro | SMA9>SMA21 | Abaixo SMA50 | MACD- | Penalidade tendência | LSTM +2.5% | MTF BAIXA (2/3) [maior:↓ medio:↑ menor:↓],0.0,-2.0
2026-09-30 19:54:39,PETR4,49.37,51.5,0,🚫 BLOQUEADO,-2.47,📉 QUEDA,0,LSTM -2.5% (queda forte),-0.009,2.0
2026-09-30 19:54:39,VALE3,69.78,18.4,-3,🔴 VENDER,4.92,📈 ALTA,0,RSI 18 sobrevendido (atenuado) | SMA9<SMA21 | Abaixo SMA50 | MACD- | Penalidade tendência | LSTM +4.9% | MTF BAIXA (3/3) [maior:↓ medio:↓ menor:↓],0.025,-2.0
2026-09-30 19:54:39,ITUB4,44.58,65.6,0,🚫 BLOQUEADO,-6.1,📉 QUEDA,0,LSTM -6.1% (queda forte),0.036,2.0
2026-09-30 19:54:39,BBAS3,23.02,52.1,0,🚫 BLOQUEADO,-6.36,📉 QUEDA,0,LSTM -6.4% (queda forte),0.017,2.0
2026-09-30 19:54:39,WEGE3,49.33,31.7,0,🟡 AGUARDAR,3.81,📈 ALTA,0,RSI 32 sobrevendido | SMA9<SMA21 | Abaixo SMA50 | MACD- | Banda inf | LSTM +3.8% | MTF BAIXA (3/3) [maior:↓ medio:↓ menor:↓],-0.026,-2.0
2026-09-30 20:12:32,BTC,83571.54,52.8,1,🟡 AGUARDAR,0.21,📈 ALTA,0,RSI 53 neutro | SMA9>SMA21 | Abaixo SMA50 | MACD- | MTF ALTA (2/3) [maior:↑ medio:↑ menor:↓],-0.038,2.0
2026-09-30 20:12:32,ETH,2671.45,49.3,-4,🔴 VENDER,0.41,📈 ALTA,0,RSI 49 neutro | SMA9>SMA21 | Abaixo SMA50 | MACD- | Penalidade tendência | MTF BAIXA (2/3) [maior:↓ medio:↑ menor:↓],0.031,-2.0
2026-09-30 20:12:32,SOL,117.44,46.1,-3,🔴 VENDER,2.26,📈 ALTA,0,RSI 46 neutro | SMA9<SMA21 | Abaixo SMA50 | MACD- | LSTM +2.3% | MTF BAIXA (3/3) [maior:↓ medio:↓ menor:↓],-0.023,-2.0
2026-09-30 20:12:32,BNB,764.96,57.8,-1,🟡 AGUARDAR,0.45,📈 ALTA,0,RSI 58 alto (atenuado) | SMA9>SMA21 | Acima SMA50 | MACD- | Bônus tendência | MTF BAIXA (2/3) [maior:↓ medio:↑ menor:↓],0.0,-2.0
2026-09-30 20:12:32,ADA,0.2428,47.4,-4,🔴 VENDER,1.58,📈 ALTA,0,RSI 47 neutro | SMA9<SMA21 | Abaixo SMA50 | MACD- | Penalidade tendência | LSTM +1.6% | MTF BAIXA (3/3) [maior:↓ medio:↓ menor:↓],0.0,-2.0
2026-09-30 20:12:32,PETR4,49.27,50.9,0,🚫 BLOQUEADO,-2.27,📉 QUEDA,0,LSTM -2.3% (queda forte),-0.009,2.0
2026-09-30 20:12:32,VALE3,69.74,18.2,-3,🔴 VENDER,4.98,📈 ALTA,0,RSI 18 sobrevendido (atenuado) | SMA9<SMA21 | Abaixo SMA50 | MACD- | Penalidade tendência | LSTM +5.0% | MTF BAIXA (3/3) [maior:↓ medio:↓ menor:↓],0.025,-2.0
2026-09-30 20:12:32,ITUB4,44.48,65.1,0,🚫 BLOQUEADO,-5.89,📉 QUEDA,0,LSTM -5.9% (queda forte),0.036,2.0
2026-09-30 20:12:32,BBAS3,22.97,51.6,0,🚫 BLOQUEADO,-6.15,📉 QUEDA,0,LSTM -6.2% (queda forte),0.017,2.0
2026-09-30 20:12:32,WEGE3,49.43,32.1,3,🟢 COMPRAR,3.6,📈 ALTA,0,RSI 32 sobrevendido | SMA9<SMA21 | Acima SMA50 | MACD- | Banda inf | Bônus tendência | LSTM +3.6% | MTF BAIXA (3/3) [maior:↓ medio:↓ menor:↓],-0.026,-2.0
2026-09-30 21:10:48,BTC,83695.21,56.5,3,🟢 COMPRAR,0.07,📈 ALTA,0,RSI 57 alto (atenuado) | SMA9>SMA21 | Acima SMA50 | MACD- | Bônus tendência | MTF ALTA (2/3) [maior:↑ medio:↑ menor:↓],-0.038,2.0
2026-09-30 21:10:48,ETH,2683.2,53.9,-6,🔴 VENDER,-0.11,📉 QUEDA,0,RSI 54 neutro | SMA9<SMA21 | Abaixo SMA50 | MACD- | Penalidade tendência | MTF BAIXA (2/3) [maior:↑ medio:↓ menor:↓],0.031,-2.0
2026-09-30 21:10:48,SOL,118.04,49.5,-3,🔴 VENDER,1.63,📈 ALTA,0,RSI 50 neutro | SMA9<SMA21 | Abaixo SMA50 | MACD- | LSTM +1.6% | MTF BAIXA (3/3) [maior:↓ medio:↓ menor:↓],-0.023,-2.0
2026-09-30 21:10:48,BNB,767.43,60.2,-1,🟡 AGUARDAR,0.14,📈 ALTA,0,RSI 60 alto (atenuado) | SMA9>SMA21 | Acima SMA50 | MACD- | Bônus tendência | MTF BAIXA (2/3) [maior:↓ medio:↑ menor:↓],0.0,-2.0
2026-09-30 21:10:48,ADA,0.2445,49.5,-6,🔴 VENDER,0.62,📈 ALTA,0,RSI 49 neutro | SMA9<SMA21 | Abaixo SMA50 | MACD- | Penalidade tendência | MTF BAIXA (3/3) [maior:↓ medio:↓ menor:↓],0.0,-2.0
2026-09-30 21:10:48,PETR4,49.12,50.0,2,🟢 COMPRAR (conf.),-1.97,📉 QUEDA,0,RSI 50 neutro | SMA9>SMA21 | Acima SMA50 | MACD- | Bônus tendência | LSTM -2.0% | MTF ALTA (3/3) [maior:↑ medio:↑ menor:↑],-0.009,2.0
2026-09-30 21:10:48,VALE3,69.91,19.2,-3,🔴 VENDER,4.72,📈 ALTA,0,RSI 19 sobrevendido (atenuado) | SMA9<SMA21 | Abaixo SMA50 | MACD- | Penalidade tendência | LSTM +4.7% | MTF BAIXA (3/3) [maior:↓ medio:↓ menor:↓],0.025,-2.0
2026-09-30 21:10:48,ITUB4,44.28,64.1,0,🚫 BLOQUEADO,-5.47,📉 QUEDA,0,LSTM -5.5% (queda forte),0.036,2.0
2026-09-30 21:10:48,BBAS3,23.07,52.5,0,🚫 BLOQUEADO,-6.56,📉 QUEDA,0,LSTM -6.6% (queda forte),0.017,2.0
2026-09-30 21:10:48,WEGE3,49.46,32.2,3,🟢 COMPRAR,3.54,📈 ALTA,0,RSI 32 sobrevendido | SMA9<SMA21 | Acima SMA50 | MACD- | Banda inf | Bônus tendência | LSTM +3.5% | MTF BAIXA (3/3) [maior:↓ medio:↓ menor:↓],-0.026,-2.0
2026-09-30 22:10:40,BTC,83591.25,49.9,1,🟡 AGUARDAR,0.2,📈 ALTA,0,RSI 50 neutro | SMA9>SMA21 | Abaixo SMA50 | MACD- | MTF ALTA (2/3) [maior:↑ medio:↑ menor:↓],-0.038,2.0
2026-09-30 22:10:40,ETH,2678.64,47.3,-6,🔴 VENDER,-0.05,📉 QUEDA,0,RSI 47 neutro | SMA9<SMA21 | Abaixo SMA50 | MACD- | Penalidade tendência | MTF BAIXA (2/3) [maior:↓ medio:↓ menor:↑],0.031,-2.0
2026-09-30 22:10:40,SOL,117.74,43.7,-2,🟡 AGUARDAR,1.74,📈 ALTA,0,RSI 44 baixo | SMA9<SMA21 | Abaixo SMA50 | MACD- | LSTM +1.7% | MTF BAIXA (3/3) [maior:↓ medio:↓ menor:↓],-0.023,-2.0
2026-09-30 22:10:40,BNB,765.51,51.6,0,🟡 AGUARDAR,0.37,📈 ALTA,0,RSI 52 neutro | SMA9>SMA21 | Acima SMA50 | MACD- | Bônus tendência | MTF BAIXA (2/3) [maior:↓ medio:↑ menor:↓],0.0,-2.0
2026-09-30 22:10:40,ADA,0.244,44.4,-6,🔴 VENDER,0.54,📈 ALTA,0,RSI 44 baixo (atenuado) | SMA9<SMA21 | Abaixo SMA50 | MACD- | Penalidade tendência | MTF BAIXA (2/3) [maior:↓ medio:↓ menor:↑],0.0,-2.0
2026-09-30 22:10:40,PETR4,49.12,50.0,2,🟢 COMPRAR (conf.),-1.97,📉 QUEDA,0,RSI 50 neutro | SMA9>SMA21 | Acima SMA50 | MACD- | Bônus tendência | LSTM -2.0% | MTF ALTA (3/3) [maior:↑ medio:↑ menor:↑],-0.009,2.0
2026-09-30 22:10:40,VALE3,69.91,19.2,-3,🔴 VENDER,4.72,📈 ALTA,0,RSI 19 sobrevendido (atenuado) | SMA9<SMA21 | Abaixo SMA50 | MACD- | Penalidade tendência | LSTM +4.7% | MTF BAIXA (3/3) [maior:↓ medio:↓ menor:↓],0.025,-2.0
2026-09-30 22:10:40,ITUB4,44.28,64.1,0,🚫 BLOQUEADO,-5.47,📉 QUEDA,0,LSTM -5.5% (queda forte),0.036,2.0
2026-09-30 22:10:40,BBAS3,23.07,52.5,0,🚫 BLOQUEADO,-6.56,📉 QUEDA,0,LSTM -6.6% (queda forte),0.017,2.0
2026-09-30 22:10:40,WEGE3,49.46,32.2,3,🟢 COMPRAR,3.54,📈 ALTA,0,RSI 32 sobrevendido | SMA9<SMA21 | Acima SMA50 | MACD- | Banda inf | Bônus tendência | LSTM +3.5% | MTF BAIXA (3/3) [maior:↓ medio:↓ menor:↓],-0.026,-2.0
2026-09-30 23:09:40,BTC,83582.0,46.6,0,🟡 AGUARDAR,0.2,📈 ALTA,-1,RSI 47 neutro | SMA9>SMA21 | Abaixo SMA50 | MACD- | Macro -1 | MTF ALTA (2/3) [maior:↑ medio:↑ menor:↓],-0.038,2.0
2026-09-30 23:09:40,ETH,2684.03,46.6,-2,🟡 AGUARDAR,-0.26,📉 QUEDA,-1,RSI 47 neutro | SMA9<SMA21 | Abaixo SMA50 | MACD- | Macro -1 | MTF ALTA (2/3) [maior:↑ medio:↓ menor:↑],0.031,2.0
2026-09-30 23:09:40,SOL,118.13,42.6,-3,🔴 VENDER,1.3,📈 ALTA,-1,RSI 43 baixo | SMA9<SMA21 | Abaixo SMA50 | MACD- | Macro -1 | LSTM +1.3% | MTF BAIXA (2/3) [maior:↓ medio:↓ menor:↑],-0.023,-2.0
2026-09-30 23:09:40,BNB,769.0,48.7,3,🟢 COMPRAR,-0.06,📉 QUEDA,-1,RSI 49 neutro | SMA9>SMA21 | Acima SMA50 | MACD- | Bônus tendência | Macro -1 | MTF ALTA (2/3) [maior:↓ medio:↑ menor:↑],0.0,2.0
2026-09-30 23:09:40,ADA,0.2472,47.9,-1,🟡 AGUARDAR,-0.57,📉 QUEDA,-1,RSI 48 neutro | SMA9<SMA21 | Acima SMA50 | MACD+ | Bônus tendência | Macro -1 | MTF BAIXA (2/3) [maior:↓ medio:↓ menor:↑],0.0,-2.0
2026-09-30 23:09:40,PETR4,49.12,50.0,0,🟡 AGUARDAR,-1.97,📉 QUEDA,-2,RSI 50 neutro | SMA9>SMA21 | Acima SMA50 | MACD- | Bônus tendência | Macro -2 | LSTM -2.0% | MTF ALTA (3/3) [maior:↑ medio:↑ menor:↑],-0.009,2.0
2026-09-30 23:09:40,VALE3,69.91,19.2,-5,🔴 VENDER,4.72,📈 ALTA,-2,RSI 19 sobrevendido (atenuado) | SMA9<SMA21 | Abaixo SMA50 | MACD- | Penalidade tendência | Macro -2 | LSTM +4.7% | MTF BAIXA (3/3) [maior:↓ medio:↓ menor:↓],0.025,-2.0
2026-09-30 23:09:40,ITUB4,44.28,64.1,0,🚫 BLOQUEADO,-5.47,📉 QUEDA,-2,LSTM -5.5% (queda forte),0.036,2.0
2026-09-30 23:09:40,BBAS3,23.07,52.5,0,🚫 BLOQUEADO,-6.56,📉 QUEDA,-2,LSTM -6.6% (queda forte),0.017,2.0
2026-09-30 23:09:40,WEGE3,49.46,32.2,1,🟡 AGUARDAR,3.54,📈 ALTA,-2,RSI 32 sobrevendido | SMA9<SMA21 | Acima SMA50 | MACD- | Banda inf | Bônus tendência | Macro -2 | LSTM +3.5% | MTF BAIXA (3/3) [maior:↓ medio:↓ menor:↓],-0.026,-2.0
2026-10-01 00:05:59,BTC,83473.0,51.0,3,🟢 COMPRAR,2.39,📈 ALTA,-1,RSI 51 neutro | SMA9>SMA21 | Abaixo SMA50 | MACD+ | Penalidade tendência | Macro -1 | LSTM +2.4% | MTF ALTA (3/3) [maior:↑ medio:↑ menor:↑],0.027,2.0
2026-10-01 00:05:59,ETH,2681.82,51.9,1,🟡 AGUARDAR,2.27,📈 ALTA,-1,RSI 52 neutro | SMA9>SMA21 | Abaixo SMA50 | MACD- | Penalidade tendência | Macro -1 | LSTM +2.3% | MTF ALTA (3/3) [maior:↑ medio:↑ menor:↑],0.037,2.0
2026-10-01 00:05:59,SOL,117.87,47.7,-4,🔴 VENDER,3.99,📈 ALTA,-1,RSI 48 neutro | SMA9<SMA21 | Abaixo SMA50 | MACD- | Macro -1 | LSTM +4.0% | MTF BAIXA (2/3) [maior:↑ medio:↓ menor:↓],-0.013,-2.0
2026-10-01 00:05:59,BNB,768.26,55.6,0,🟡 AGUARDAR,1.85,📈 ALTA,-1,RSI 56 alto | SMA9<SMA21 | Abaixo SMA50 | MACD+ | Penalidade tendência | Macro -1 | LSTM +1.9% | MTF ALTA (2/3) [maior:↑ medio:↓ menor:↑],0.0,2.0
2026-10-01 00:05:59,ADA,0.2458,52.9,-1,🟡 AGUARDAR,1.65,📈 ALTA,-1,RSI 53 neutro | SMA9<SMA21 | Abaixo SMA50 | MACD- | Penalidade tendência | Macro -1 | LSTM +1.6% | MTF ALTA (2/3) [maior:↑ medio:↓ menor:↑],0.0,2.0
2026-10-01 00:24:41,BTC,83411.14,49.6,3,🟢 COMPRAR,2.46,📈 ALTA,-1,RSI 50 neutro | SMA9>SMA21 | Abaixo SMA50 | MACD+ | Penalidade tendência | Macro -1 | LSTM +2.5% | MTF ALTA (2/3) [maior:↑ medio:↑ menor:↓],0.027,2.0
2026-10-01 00:24:41,ETH,2679.88,48.6,-5,🔴 VENDER,2.32,📈 ALTA,-1,RSI 49 neutro | SMA9<SMA21 | Abaixo SMA50 | MACD- | Penalidade tendência | Macro -1 | LSTM +2.3% | MTF BAIXA (2/3) [maior:↑ medio:↓ menor:↓],0.037,-2.0
2026-10-01 00:24:41,SOL,118.04,46.5,-4,🔴 VENDER,3.72,📈 ALTA,-1,RSI 47 neutro | SMA9<SMA21 | Abaixo SMA50 | MACD- | Macro -1 | LSTM +3.7% | MTF BAIXA (2/3) [maior:↑ medio:↓ menor:↓],-0.013,-2.0
2026-10-01 00:24:41,BNB,767.7,53.3,3,🟢 COMPRAR,1.98,📈 ALTA,-1,RSI 53 neutro | SMA9>SMA21 | Abaixo SMA50 | MACD+ | Penalidade tendência | Macro -1 | LSTM +2.0% | MTF ALTA (3/3) [maior:↑ medio:↑ menor:↑],0.0,2.0
2026-10-01 00:24:41,ADA,0.2463,49.1,-3,🔴 VENDER,1.57,📈 ALTA,-1,RSI 49 neutro | SMA9<SMA21 | Abaixo SMA50 | MACD+ | Penalidade tendência | Macro -1 | LSTM +1.6% | MTF BAIXA (2/3) [maior:↑ medio:↓ menor:↓],0.0,-2.0
2026-10-01 01:17:25,BTC,83547.46,50.9,3,🟢 COMPRAR,2.29,📈 ALTA,-1,RSI 51 neutro | SMA9>SMA21 | Abaixo SMA50 | MACD+ | Penalidade tendência | Macro -1 | LSTM +2.3% | MTF ALTA (2/3) [maior:↑ medio:↑ menor:↓],0.027,2.0
2026-10-01 01:17:25,ETH,2687.35,50.0,3,🟢 COMPRAR,2.04,📈 ALTA,-1,RSI 50 neutro | SMA9>SMA21 | Abaixo SMA50 | MACD+ | Penalidade tendência | Macro -1 | LSTM +2.0% | MTF ALTA (2/3) [maior:↑ medio:↑ menor:↓],0.037,2.0
2026-10-01 01:17:25,SOL,118.01,46.4,-4,🔴 VENDER,3.79,📈 ALTA,-1,RSI 46 neutro | SMA9<SMA21 | Abaixo SMA50 | MACD- | Macro -1 | LSTM +3.8% | MTF BAIXA (2/3) [maior:↑ medio:↓ menor:↓],-0.013,-2.0
2026-10-01 01:17:25,BNB,769.12,54.8,3,🟢 COMPRAR,1.79,📈 ALTA,-1,RSI 55 neutro | SMA9>SMA21 | Abaixo SMA50 | MACD+ | Penalidade tendência | Macro -1 | LSTM +1.8% | MTF ALTA (3/3) [maior:↑ medio:↑ menor:↑],0.0,2.0
2026-10-01 01:17:25,ADA,0.2479,50.8,-5,🔴 VENDER,0.94,📈 ALTA,-1,RSI 51 neutro | SMA9<SMA21 | Abaixo SMA50 | MACD+ | Penalidade tendência | Macro -1 | MTF BAIXA (2/3) [maior:↑ medio:↓ menor:↓],0.0,-2.0
2026-10-01 03:16:48,BTC,83450.33,49.9,4,🟢 COMPRAR,2.41,📈 ALTA,0,RSI 50 neutro | SMA9>SMA21 | Abaixo SMA50 | MACD+ | Penalidade tendência | LSTM +2.4% | MTF ALTA (2/3) [maior:↑ medio:↑ menor:↓],0.027,2.0
2026-10-01 03:16:48,ETH,2687.6,50.0,4,🟢 COMPRAR,2.03,📈 ALTA,0,RSI 50 neutro | SMA9>SMA21 | Abaixo SMA50 | MACD+ | Penalidade tendência | LSTM +2.0% | MTF ALTA (2/3) [maior:↑ medio:↑ menor:↓],0.037,2.0
2026-10-01 03:16:48,SOL,118.07,46.6,-3,🔴 VENDER,3.74,📈 ALTA,0,RSI 47 neutro | SMA9<SMA21 | Abaixo SMA50 | MACD- | LSTM +3.7% | MTF BAIXA (2/3) [maior:↑ medio:↓ menor:↓],-0.013,-2.0
2026-10-01 03:16:48,BNB,767.25,53.0,4,🟢 COMPRAR,2.03,📈 ALTA,0,RSI 53 neutro | SMA9>SMA21 | Abaixo SMA50 | MACD+ | Penalidade tendência | LSTM +2.0% | MTF ALTA (2/3) [maior:↑ medio:↑ menor:↓],0.0,2.0
2026-10-01 03:16:48,ADA,0.2489,51.9,-4,🔴 VENDER,0.55,📈 ALTA,0,RSI 52 neutro | SMA9<SMA21 | Abaixo SMA50 | MACD+ | Penalidade tendência | MTF BAIXA (2/3) [maior:↑ medio:↓ menor:↓],0.0,-2.0
2026-10-01 06:14:54,BTC,84368.26,61.7,0,🚫 BLOQUEADO,-2.05,📉 QUEDA,0,LSTM -2.0% (queda forte),0.027,2.0
2026-10-01 06:14:54,ETH,2718.95,60.5,2,🟡 AGUARDAR,-1.07,📉 QUEDA,0,RSI 60 alto | SMA9>SMA21 | Acima SMA50 | MACD+ | LSTM -1.1% | MTF ALTA (3/3) [maior:↑ medio:↑ menor:↑],0.037,2.0
2026-10-01 06:14:54,SOL,119.49,57.3,-2,🟡 AGUARDAR,1.06,📈 ALTA,0,RSI 57 alto | SMA9<SMA21 | Acima SMA50 | MACD- | LSTM +1.1% | MTF BAIXA (2/3) [maior:↑ medio:↓ menor:↓],-0.013,-2.0
2026-10-01 06:14:54,BNB,771.6,62.8,4,🟢 COMPRAR,-0.38,📉 QUEDA,0,RSI 63 alto | SMA9>SMA21 | Acima SMA50 | MACD+ | MTF ALTA (3/3) [maior:↑ medio:↑ menor:↑],0.0,2.0
2026-10-01 06:14:54,ADA,0.2528,61.3,6,🟢 COMPRAR,1.34,📈 ALTA,0,RSI 61 alto | SMA9>SMA21 | Acima SMA50 | MACD+ | LSTM +1.3% | MTF ALTA (3/3) [maior:↑ medio:↑ menor:↑],0.0,2.0
2026-10-01 09:18:15,BTC,83648.99,46.7,0,🟡 AGUARDAR,-1.27,📉 QUEDA,0,RSI 47 neutro | SMA9>SMA21 | Abaixo SMA50 | MACD+ | Penalidade tendência | LSTM -1.3% | MTF ALTA (2/3) [maior:↑ medio:↑ menor:↓],0.027,2.0
2026-10-01 09:18:15,ETH,2687.52,44.8,6,🟢 COMPRAR,0.03,📈 ALTA,0,RSI 45 baixo | SMA9>SMA21 | Acima SMA50 | MACD+ | MTF ALTA (3/3) [maior:↑ medio:↑ menor:↑],0.037,2.0
2026-10-01 09:18:15,SOL,117.71,41.3,-4,🔴 VENDER,2.5,📈 ALTA,0,RSI 41 baixo (atenuado) | SMA9<SMA21 | Abaixo SMA50 | MACD- | Penalidade tendência | LSTM +2.5% | MTF BAIXA (2/3) [maior:↑ medio:↓ menor:↓],-0.013,-2.0
2026-10-01 09:18:15,BNB,766.8,51.2,2,🟡 AGUARDAR,0.24,📈 ALTA,0,RSI 51 neutro | SMA9>SMA21 | Abaixo SMA50 | MACD+ | Penalidade tendência | MTF ALTA (2/3) [maior:↑ medio:↑ menor:↓],0.0,2.0
2026-10-01 09:18:15,ADA,0.2468,43.3,4,🟢 COMPRAR,3.7,📈 ALTA,0,RSI 43 baixo (atenuado) | SMA9>SMA21 | Abaixo SMA50 | MACD+ | Penalidade tendência | LSTM +3.7% | MTF ALTA (3/3) [maior:↑ medio:↑ menor:↑],0.0,2.0
2026-10-01 10:18:10,BTC,83586.1,46.0,0,🟡 AGUARDAR,-1.2,📉 QUEDA,0,RSI 46 neutro | SMA9>SMA21 | Abaixo SMA50 | MACD+ | Penalidade tendência | LSTM -1.2% | MTF ALTA (3/3) [maior:↑ medio:↑ menor:↑],0.027,2.0
2026-10-01 10:18:10,ETH,2684.43,44.0,2,🟡 AGUARDAR,0.14,📈 ALTA,0,RSI 44 baixo (atenuado) | SMA9>SMA21 | Abaixo SMA50 | MACD+ | Penalidade tendência | MTF ALTA (3/3) [maior:↑ medio:↑ menor:↑],0.037,2.0
2026-10-01 10:18:10,SOL,117.3,39.1,-4,🔴 VENDER,2.86,📈 ALTA,0,RSI 39 baixo (atenuado) | SMA9<SMA21 | Abaixo SMA50 | MACD- | Penalidade tendência | LSTM +2.9% | MTF BAIXA (2/3) [maior:↑ medio:↓ menor:↓],-0.013,-2.0
2026-10-01 10:18:10,BNB,767.22,51.7,2,🟡 AGUARDAR,0.19,📈 ALTA,0,RSI 52 neutro | SMA9>SMA21 | Abaixo SMA50 | MACD+ | Penalidade tendência | MTF ALTA (2/3) [maior:↑ medio:↑ menor:↓],0.0,2.0
2026-10-01 10:18:10,ADA,0.245,41.4,4,🟢 COMPRAR,4.45,📈 ALTA,0,RSI 41 baixo (atenuado) | SMA9>SMA21 | Abaixo SMA50 | MACD+ | Penalidade tendência | LSTM +4.5% | MTF ALTA (3/3) [maior:↑ medio:↑ menor:↑],0.0,2.0
2026-10-01 11:09:32,BTC,83850.06,49.0,0,🟡 AGUARDAR,-1.49,📉 QUEDA,0,RSI 49 neutro | SMA9>SMA21 | Abaixo SMA50 | MACD+ | Penalidade tendência | LSTM -1.5% | MTF ALTA (3/3) [maior:↑ medio:↑ menor:↑],0.027,2.0
2026-10-01 11:09:32,ETH,2696.7,46.8,5,🟢 COMPRAR,-0.29,📉 QUEDA,0,RSI 47 neutro | SMA9>SMA21 | Acima SMA50 | MACD+ | MTF ALTA (3/3) [maior:↑ medio:↑ menor:↑],0.037,2.0
2026-10-01 11:09:32,SOL,117.71,41.4,-4,🔴 VENDER,2.54,📈 ALTA,0,RSI 41 baixo (atenuado) | SMA9<SMA21 | Abaixo SMA50 | MACD- | Penalidade tendência | LSTM +2.5% | MTF BAIXA (2/3) [maior:↑ medio:↓ menor:↓],-0.013,-2.0
2026-10-01 11:09:32,BNB,769.64,53.9,2,🟡 AGUARDAR,-0.12,📉 QUEDA,0,RSI 54 neutro | SMA9>SMA21 | Abaixo SMA50 | MACD+ | Penalidade tendência | MTF ALTA (3/3) [maior:↑ medio:↑ menor:↑],0.0,2.0
2026-10-01 11:09:32,ADA,0.247,43.4,4,🟢 COMPRAR,3.66,📈 ALTA,0,RSI 43 baixo (atenuado) | SMA9>SMA21 | Abaixo SMA50 | MACD+ | Penalidade tendência | LSTM +3.7% | MTF ALTA (3/3) [maior:↑ medio:↑ menor:↑],0.0,2.0
2026-10-01 11:41:24,BTC,83956.32,50.1,0,🟡 AGUARDAR,-1.61,📉 QUEDA,0,RSI 50 neutro | SMA9>SMA21 | Abaixo SMA50 | MACD+ | Penalidade tendência | LSTM -1.6% | MTF ALTA (3/3) [maior:↑ medio:↑ menor:↑],0.027,2.0
2026-10-01 11:41:24,ETH,2702.57,48.2,5,🟢 COMPRAR,-0.5,📉 QUEDA,0,RSI 48 neutro | SMA9>SMA21 | Acima SMA50 | MACD+ | MTF ALTA (3/3) [maior:↑ medio:↑ menor:↑],0.037,2.0
2026-10-01 11:41:24,SOL,117.94,42.7,-4,🔴 VENDER,2.34,📈 ALTA,0,RSI 43 baixo (atenuado) | SMA9<SMA21 | Abaixo SMA50 | MACD- | Penalidade tendência | LSTM +2.3% | MTF BAIXA (2/3) [maior:↑ medio:↓ menor:↓],-0.013,-2.0
2026-10-01 11:41:24,BNB,770.58,54.7,5,🟢 COMPRAR,-0.24,📉 QUEDA,0,RSI 55 neutro | SMA9>SMA21 | Acima SMA50 | MACD+ | MTF ALTA (3/3) [maior:↑ medio:↑ menor:↑],0.0,2.0
2026-10-01 11:41:24,ADA,0.2482,45.0,4,🟢 COMPRAR,3.13,📈 ALTA,0,RSI 45 baixo (atenuado) | SMA9>SMA21 | Abaixo SMA50 | MACD+ | Penalidade tendência | LSTM +3.1% | MTF ALTA (3/3) [maior:↑ medio:↑ menor:↑],0.0,2.0
2026-10-01 12:12:18,BTC,83964.37,46.2,3,🟢 COMPRAR,-1.59,📉 QUEDA,0,RSI 46 neutro | SMA9>SMA21 | Acima SMA50 | MACD+ | LSTM -1.6% | MTF ALTA (3/3) [maior:↑ medio:↑ menor:↑],0.027,2.0
2026-10-01 12:12:18,ETH,2705.91,44.2,6,🟢 COMPRAR,-0.58,📉 QUEDA,0,RSI 44 baixo | SMA9>SMA21 | Acima SMA50 | MACD+ | MTF ALTA (3/3) [maior:↑ medio:↑ menor:↑],0.037,2.0
2026-10-01 12:12:18,SOL,117.84,38.4,-4,🔴 VENDER,2.36,📈 ALTA,0,RSI 38 baixo (atenuado) | SMA9<SMA21 | Abaixo SMA50 | MACD- | Penalidade tendência | LSTM +2.4% | MTF BAIXA (2/3) [maior:↑ medio:↓ menor:↓],-0.013,-2.0
2026-10-01 12:12:18,BNB,769.75,53.0,5,🟢 COMPRAR,-0.11,📉 QUEDA,0,RSI 53 neutro | SMA9>SMA21 | Acima SMA50 | MACD+ | MTF ALTA (3/3) [maior:↑ medio:↑ menor:↑],0.0,2.0
2026-10-01 12:12:18,ADA,0.2493,43.7,8,🟢🟢 COMPRA FORTE,2.71,📈 ALTA,0,RSI 44 baixo | SMA9>SMA21 | Acima SMA50 | MACD+ | LSTM +2.7% | MTF ALTA (3/3) [maior:↑ medio:↑ menor:↑],0.0,2.0
2026-10-01 12:49:35,BTC,83808.07,44.4,0,🟡 AGUARDAR,-1.42,📉 QUEDA,0,RSI 44 baixo (atenuado) | SMA9>SMA21 | Abaixo SMA50 | MACD+ | Penalidade tendência | LSTM -1.4% | MTF ALTA (3/3) [maior:↑ medio:↑ menor:↑],0.0,2.0
2026-10-01 12:49:35,ETH,2701.19,43.3,6,🟢 COMPRAR,-0.41,📉 QUEDA,0,RSI 43 baixo | SMA9>SMA21 | Acima SMA50 | MACD+ | MTF ALTA (3/3) [maior:↑ medio:↑ menor:↑],0.0,2.0
2026-10-01 12:49:35,SOL,117.52,37.2,-4,🔴 VENDER,2.64,📈 ALTA,0,RSI 37 baixo (atenuado) | SMA9<SMA21 | Abaixo SMA50 | MACD- | Penalidade tendência | LSTM +2.6% | MTF BAIXA (2/3) [maior:↑ medio:↓ menor:↓],0.0,-2.0
2026-10-01 12:49:35,BNB,769.34,52.6,2,🟡 AGUARDAR,-0.05,📉 QUEDA,0,RSI 53 neutro | SMA9>SMA21 | Abaixo SMA50 | MACD+ | Penalidade tendência | MTF ALTA (3/3) [maior:↑ medio:↑ menor:↑],0.0,2.0
2026-10-01 12:49:35,ADA,0.248,42.0,4,🟢 COMPRAR,3.23,📈 ALTA,0,RSI 42 baixo (atenuado) | SMA9>SMA21 | Abaixo SMA50 | MACD+ | Penalidade tendência | LSTM +3.2% | MTF ALTA (3/3) [maior:↑ medio:↑ menor:↑],0.0,2.0
2026-10-01 12:49:35,PETR4,49.12,50.0,2,🟢 COMPRAR (conf.),-1.97,📉 QUEDA,0,RSI 50 neutro | SMA9>SMA21 | Acima SMA50 | MACD- | Bônus tendência | LSTM -2.0% | MTF ALTA (3/3) [maior:↑ medio:↑ menor:↑],0.021,2.0
2026-10-01 12:49:35,VALE3,69.91,19.2,-3,🔴 VENDER,4.72,📈 ALTA,0,RSI 19 sobrevendido (atenuado) | SMA9<SMA21 | Abaixo SMA50 | MACD- | Penalidade tendência | LSTM +4.7% | MTF BAIXA (3/3) [maior:↓ medio:↓ menor:↓],0.011,-2.0
2026-10-01 12:49:35,ITUB4,44.28,64.1,0,🚫 BLOQUEADO,-5.47,📉 QUEDA,0,LSTM -5.5% (queda forte),0.017,2.0
2026-10-01 12:49:35,BBAS3,23.07,52.5,0,🚫 BLOQUEADO,-6.56,📉 QUEDA,0,LSTM -6.6% (queda forte),0.029,2.0
2026-10-01 12:49:35,WEGE3,49.46,32.2,3,🟢 COMPRAR,3.54,📈 ALTA,0,RSI 32 sobrevendido | SMA9<SMA21 | Acima SMA50 | MACD- | Banda inf | Bônus tendência | LSTM +3.5% | MTF BAIXA (3/3) [maior:↓ medio:↓ menor:↓],0.031,-2.0
2026-10-01 12:49:35,ITSA4,14.6,61.3,0,🚫 BLOQUEADO,-2.95,📉 QUEDA,0,LSTM -3.0% (queda forte),-0.035,2.0
2026-10-01 12:49:35,BBDC4,18.51,50.5,0,🚫 BLOQUEADO,-3.59,📉 QUEDA,0,LSTM -3.6% (queda forte),0.019,2.0
2026-10-01 12:49:35,B3SA3,18.34,60.4,0,🚫 BLOQUEADO,-2.06,📉 QUEDA,0,LSTM -2.1% (queda forte),-0.028,2.0
2026-10-01 12:49:35,PRIO3,60.9,37.9,3,🟢 COMPRAR,0.53,📈 ALTA,0,RSI 38 baixo | SMA9<SMA21 | Acima SMA50 | MACD- | Bônus tendência | MTF ALTA (2/3) [maior:↓ medio:↑ menor:↑],0.0,2.0
2026-10-01 12:49:35,ABEV3,15.36,39.0,0,🟡 AGUARDAR,-0.69,📉 QUEDA,0,RSI 39 baixo | SMA9<SMA21 | Abaixo SMA50 | MACD- | MTF ALTA (2/3) [maior:↓ medio:↑ menor:↑],0.011,2.0
2026-10-01 13:14:52,BTC,83477.6,41.5,0,🟡 AGUARDAR,-1.05,📉 QUEDA,0,RSI 41 baixo (atenuado) | SMA9>SMA21 | Abaixo SMA50 | MACD+ | Penalidade tendência | LSTM -1.1% | MTF ALTA (2/3) [maior:↑ medio:↑ menor:↓],0.027,2.0
2026-10-01 13:14:52,ETH,2685.93,40.4,6,🟢 COMPRAR,0.14,📈 ALTA,0,RSI 40 baixo | SMA9>SMA21 | Acima SMA50 | MACD+ | MTF ALTA (3/3) [maior:↑ medio:↑ menor:↑],0.037,2.0
2026-10-01 13:14:52,SOL,116.85,35.1,-4,🔴 VENDER,3.26,📈 ALTA,0,RSI 35 baixo (atenuado) | SMA9<SMA21 | Abaixo SMA50 | MACD- | Penalidade tendência | LSTM +3.3% | MTF BAIXA (2/3) [maior:↑ medio:↓ menor:↓],-0.013,-2.0
2026-10-01 13:14:52,BNB,767.2,50.6,2,🟡 AGUARDAR,0.22,📈 ALTA,0,RSI 51 neutro | SMA9>SMA21 | Abaixo SMA50 | MACD+ | Penalidade tendência | MTF ALTA (2/3) [maior:↑ medio:↑ menor:↓],0.0,2.0
2026-10-01 13:14:52,ADA,0.2453,39.0,4,🟢 COMPRAR,4.38,📈 ALTA,0,RSI 39 baixo (atenuado) | SMA9>SMA21 | Abaixo SMA50 | MACD+ | Penalidade tendência | LSTM +4.4% | MTF ALTA (3/3) [maior:↑ medio:↑ menor:↑],0.0,2.0
2026-10-01 13:14:52,PETR4,49.12,50.0,2,🟢 COMPRAR (conf.),-1.97,📉 QUEDA,0,RSI 50 neutro | SMA9>SMA21 | Acima SMA50 | MACD- | Bônus tendência | LSTM -2.0% | MTF ALTA (2/2) [maior:↑ medio:↑],0.021,2.0
2026-10-01 13:14:52,VALE3,69.91,19.2,-3,🔴 VENDER,4.72,📈 ALTA,0,RSI 19 sobrevendido (atenuado) | SMA9<SMA21 | Abaixo SMA50 | MACD- | Penalidade tendência | LSTM +4.7% | MTF BAIXA (2/2) [maior:↓ medio:↓],0.011,-2.0
2026-10-01 13:14:52,ITUB4,44.28,64.1,0,🚫 BLOQUEADO,-5.47,📉 QUEDA,0,LSTM -5.5% (queda forte),0.017,2.0
2026-10-01 13:14:52,BBAS3,23.07,52.5,0,🚫 BLOQUEADO,-6.56,📉 QUEDA,0,LSTM -6.6% (queda forte),0.029,0.0
2026-10-01 13:14:52,WEGE3,49.46,32.2,3,🟢 COMPRAR,3.54,📈 ALTA,0,RSI 32 sobrevendido | SMA9<SMA21 | Acima SMA50 | MACD- | Banda inf | Bônus tendência | LSTM +3.5% | MTF BAIXA (2/2) [maior:↓ medio:↓],0.031,-2.0
2026-10-01 13:14:52,ITSA4,14.6,61.3,0,🚫 BLOQUEADO,-2.95,📉 QUEDA,0,LSTM -3.0% (queda forte),-0.035,2.0
2026-10-01 13:14:52,BBDC4,18.51,50.5,0,🚫 BLOQUEADO,-3.59,📉 QUEDA,0,LSTM -3.6% (queda forte),0.019,0.0
2026-10-01 13:14:52,B3SA3,18.34,60.4,0,🚫 BLOQUEADO,-2.06,📉 QUEDA,0,LSTM -2.1% (queda forte),-0.028,2.0
2026-10-01 13:14:52,PRIO3,60.9,37.9,-2,🟡 AGUARDAR,0.54,📈 ALTA,0,RSI 38 baixo | SMA9<SMA21 | Abaixo SMA50 | MACD-,0.0,0.0
2026-10-01 13:14:52,ABEV3,15.36,39.0,-2,🟡 AGUARDAR,-0.69,📉 QUEDA,0,RSI 39 baixo | SMA9<SMA21 | Abaixo SMA50 | MACD-,0.011,0.0
2026-10-01 13:36:47,BTC,83708.35,43.5,0,🟡 AGUARDAR,-1.31,📉 QUEDA,0,RSI 43 baixo (atenuado) | SMA9>SMA21 | Abaixo SMA50 | MACD+ | Penalidade tendência | LSTM -1.3% | MTF ALTA (3/3) [maior:↑ medio:↑ menor:↑],0.027,2.0
2026-10-01 13:36:47,ETH,2689.9,41.2,6,🟢 COMPRAR,-0.01,📉 QUEDA,0,RSI 41 baixo | SMA9>SMA21 | Acima SMA50 | MACD+ | MTF ALTA (3/3) [maior:↑ medio:↑ menor:↑],0.037,2.0
2026-10-01 13:36:47,SOL,117.43,36.9,-4,🔴 VENDER,2.71,📈 ALTA,0,RSI 37 baixo (atenuado) | SMA9<SMA21 | Abaixo SMA50 | MACD- | Penalidade tendência | LSTM +2.7% | MTF BAIXA (2/3) [maior:↑ medio:↓ menor:↓],-0.013,-2.0
2026-10-01 13:36:47,BNB,768.3,51.6,2,🟡 AGUARDAR,0.08,📈 ALTA,0,RSI 52 neutro | SMA9>SMA21 | Abaixo SMA50 | MACD+ | Penalidade tendência | MTF ALTA (2/3) [maior:↑ medio:↑ menor:↓],0.0,2.0
2026-10-01 13:36:47,ADA,0.247,40.8,4,🟢 COMPRAR,3.66,📈 ALTA,0,RSI 41 baixo (atenuado) | SMA9>SMA21 | Abaixo SMA50 | MACD+ | Penalidade tendência | LSTM +3.7% | MTF ALTA (3/3) [maior:↑ medio:↑ menor:↑],0.0,2.0
2026-10-01 13:36:47,PETR4,49.79,54.5,0,🚫 BLOQUEADO,-3.23,📉 QUEDA,0,LSTM -3.2% (queda forte),0.021,2.0
2026-10-01 13:36:47,VALE3,69.33,18.4,-3,🔴 VENDER,5.16,📈 ALTA,0,RSI 18 sobrevendido (atenuado) | SMA9<SMA21 | Abaixo SMA50 | MACD- | Penalidade tendência | LSTM +5.2% | MTF BAIXA (3/3) [maior:↓ medio:↓ menor:↓],0.011,-2.0
2026-10-01 13:36:47,ITUB4,44.6,63.8,0,🚫 BLOQUEADO,-6.02,📉 QUEDA,0,LSTM -6.0% (queda forte),0.017,2.0
2026-10-01 13:36:47,BBAS3,22.98,54.8,0,🚫 BLOQUEADO,-5.79,📉 QUEDA,0,LSTM -5.8% (queda forte),0.029,2.0
2026-10-01 13:36:47,WEGE3,49.98,39.9,1,🟡 AGUARDAR,2.31,📈 ALTA,0,RSI 40 baixo | SMA9<SMA21 | Acima SMA50 | MACD- | Bônus tendência | LSTM +2.3% | MTF BAIXA (3/3) [maior:↓ medio:↓ menor:↓],0.031,-2.0
2026-10-01 13:36:47,ITSA4,14.66,62.1,0,🚫 BLOQUEADO,-3.33,📉 QUEDA,0,LSTM -3.3% (queda forte),-0.035,2.0
2026-10-01 13:36:47,BBDC4,18.65,51.0,0,🚫 BLOQUEADO,-4.38,📉 QUEDA,0,LSTM -4.4% (queda forte),0.019,2.0
2026-10-01 13:36:47,B3SA3,18.51,70.0,0,🚫 BLOQUEADO,-2.8,📉 QUEDA,0,LSTM -2.8% (queda forte),-0.028,2.0
2026-10-01 13:36:47,PRIO3,61.6,41.0,3,🟢 COMPRAR,-0.68,📉 QUEDA,0,RSI 41 baixo | SMA9<SMA21 | Acima SMA50 | MACD- | Bônus tendência | MTF ALTA (2/3) [maior:↓ medio:↑ menor:↑],0.0,2.0
2026-10-01 13:36:47,ABEV3,15.42,44.0,-2,🟡 AGUARDAR,-1.09,📉 QUEDA,0,RSI 44 baixo | SMA9<SMA21 | Abaixo SMA50 | MACD- | LSTM -1.1% | MTF ALTA (2/3) [maior:↓ medio:↑ menor:↑],0.011,2.0
2026-10-01 13:58:12,BTC,83847.38,44.9,0,🟡 AGUARDAR,-1.47,📉 QUEDA,0,RSI 45 baixo (atenuado) | SMA9>SMA21 | Abaixo SMA50 | MACD+ | Penalidade tendência | LSTM -1.5% | MTF ALTA (3/3) [maior:↑ medio:↑ menor:↑],0.027,2.0
2026-10-01 13:58:12,ETH,2693.17,41.7,6,🟢 COMPRAR,-0.12,📉 QUEDA,0,RSI 42 baixo | SMA9>SMA21 | Acima SMA50 | MACD+ | MTF ALTA (3/3) [maior:↑ medio:↑ menor:↑],0.037,2.0
2026-10-01 13:58:12,SOL,117.82,38.6,-4,🔴 VENDER,2.41,📈 ALTA,0,RSI 39 baixo (atenuado) | SMA9<SMA21 | Abaixo SMA50 | MACD- | Penalidade tendência | LSTM +2.4% | MTF BAIXA (2/3) [maior:↑ medio:↓ menor:↓],-0.013,-2.0
2026-10-01 13:58:12,BNB,770.05,53.3,5,🟢 COMPRAR,-0.15,📉 QUEDA,0,RSI 53 neutro | SMA9>SMA21 | Acima SMA50 | MACD+ | MTF ALTA (3/3) [maior:↑ medio:↑ menor:↑],0.0,2.0
2026-10-01 13:58:12,ADA,0.2475,41.4,4,🟢 COMPRAR,3.47,📈 ALTA,0,RSI 41 baixo (atenuado) | SMA9>SMA21 | Abaixo SMA50 | MACD+ | Penalidade tendência | LSTM +3.5% | MTF ALTA (3/3) [maior:↑ medio:↑ menor:↑],0.0,2.0
2026-10-01 13:58:12,PETR4,49.49,52.9,0,🚫 BLOQUEADO,-2.64,📉 QUEDA,0,LSTM -2.6% (queda forte),0.021,2.0
2026-10-01 13:58:12,VALE3,69.06,18.1,-3,🔴 VENDER,5.57,📈 ALTA,0,RSI 18 sobrevendido (atenuado) | SMA9<SMA21 | Abaixo SMA50 | MACD- | Penalidade tendência | LSTM +5.6% | MTF BAIXA (3/3) [maior:↓ medio:↓ menor:↓],0.011,-2.0
2026-10-01 13:58:12,ITUB4,44.47,63.1,0,🚫 BLOQUEADO,-5.74,📉 QUEDA,0,LSTM -5.7% (queda forte),0.017,2.0
2026-10-01 13:58:12,BBAS3,23.09,56.0,0,🚫 BLOQUEADO,-6.24,📉 QUEDA,0,LSTM -6.2% (queda forte),0.029,2.0
2026-10-01 13:58:12,WEGE3,49.84,38.7,1,🟡 AGUARDAR,2.6,📈 ALTA,0,RSI 39 baixo | SMA9<SMA21 | Acima SMA50 | MACD- | Bônus tendência | LSTM +2.6% | MTF BAIXA (3/3) [maior:↓ medio:↓ menor:↓],0.031,-2.0
2026-10-01 13:58:12,ITSA4,14.62,61.3,0,🚫 BLOQUEADO,-3.07,📉 QUEDA,0,LSTM -3.1% (queda forte),-0.035,2.0
2026-10-01 13:58:12,BBDC4,18.63,50.7,0,🚫 BLOQUEADO,-4.28,📉 QUEDA,0,LSTM -4.3% (queda forte),0.019,2.0
2026-10-01 13:58:12,B3SA3,18.43,69.2,0,🚫 BLOQUEADO,-2.38,📉 QUEDA,0,LSTM -2.4% (queda forte),-0.028,2.0
2026-10-01 13:58:12,PRIO3,61.55,40.7,3,🟢 COMPRAR,-0.59,📉 QUEDA,0,RSI 41 baixo | SMA9<SMA21 | Acima SMA50 | MACD- | Bônus tendência | MTF ALTA (2/3) [maior:↓ medio:↑ menor:↑],0.0,2.0
2026-10-01 13:58:12,ABEV3,15.39,42.9,0,🟡 AGUARDAR,-0.9,📉 QUEDA,0,RSI 43 baixo | SMA9<SMA21 | Abaixo SMA50 | MACD- | MTF ALTA (2/3) [maior:↓ medio:↑ menor:↑],0.011,2.0
2026-10-01 14:18:14,BTC,83990.01,46.5,3,🟢 COMPRAR,-1.63,📉 QUEDA,0,RSI 46 neutro | SMA9>SMA21 | Acima SMA50 | MACD+ | LSTM -1.6% | MTF ALTA (3/3) [maior:↑ medio:↑ menor:↑],0.027,2.0
2026-10-01 14:18:14,ETH,2694.53,42.2,6,🟢 COMPRAR,-0.17,📉 QUEDA,0,RSI 42 baixo | SMA9>SMA21 | Acima SMA50 | MACD+ | MTF ALTA (3/3) [maior:↑ medio:↑ menor:↑],0.037,2.0
2026-10-01 14:18:14,SOL,117.91,39.3,-4,🔴 VENDER,2.33,📈 ALTA,0,RSI 39 baixo (atenuado) | SMA9<SMA21 | Abaixo SMA50 | MACD- | Penalidade tendência | LSTM +2.3% | MTF BAIXA (2/3) [maior:↑ medio:↓ menor:↓],-0.013,-2.0
2026-10-01 14:18:14,BNB,770.04,53.3,5,🟢 COMPRAR,-0.14,📉 QUEDA,0,RSI 53 neutro | SMA9>SMA21 | Acima SMA50 | MACD+ | MTF ALTA (2/3) [maior:↑ medio:↑ menor:↓],0.0,2.0
2026-10-01 14:18:14,ADA,0.2459,40.0,4,🟢 COMPRAR,4.1,📈 ALTA,0,RSI 40 baixo (atenuado) | SMA9>SMA21 | Abaixo SMA50 | MACD+ | Penalidade tendência | LSTM +4.1% | MTF ALTA (2/3) [maior:↑ medio:↑ menor:↓],0.0,2.0
2026-10-01 14:18:14,PETR4,49.7,54.0,0,🚫 BLOQUEADO,-3.05,📉 QUEDA,0,LSTM -3.0% (queda forte),0.021,2.0
2026-10-01 14:18:14,VALE3,68.8,17.8,-3,🔴 VENDER,5.97,📈 ALTA,0,RSI 18 sobrevendido (atenuado) | SMA9<SMA21 | Abaixo SMA50 | MACD- | Penalidade tendência | LSTM +6.0% | MTF BAIXA (3/3) [maior:↓ medio:↓ menor:↓],0.011,-2.0
2026-10-01 14:18:14,ITUB4,44.02,59.6,0,🚫 BLOQUEADO,-4.78,📉 QUEDA,0,LSTM -4.8% (queda forte),0.017,2.0
2026-10-01 14:18:14,BBAS3,22.91,54.1,0,🚫 BLOQUEADO,-5.5,📉 QUEDA,0,LSTM -5.5% (queda forte),0.029,2.0
2026-10-01 14:18:14,WEGE3,49.86,38.9,1,🟡 AGUARDAR,2.56,📈 ALTA,0,RSI 39 baixo | SMA9<SMA21 | Acima SMA50 | MACD- | Bônus tendência | LSTM +2.6% | MTF BAIXA (3/3) [maior:↓ medio:↓ menor:↓],0.031,-2.0
2026-10-01 14:18:14,ITSA4,14.48,57.2,0,🚫 BLOQUEADO,-2.13,📉 QUEDA,0,LSTM -2.1% (queda forte),-0.035,2.0
2026-10-01 14:18:14,BBDC4,18.46,47.8,0,🚫 BLOQUEADO,-3.39,📉 QUEDA,0,LSTM -3.4% (queda forte),0.019,2.0
2026-10-01 14:18:14,B3SA3,18.4,68.9,0,🚫 BLOQUEADO,-2.22,📉 QUEDA,0,LSTM -2.2% (queda forte),-0.028,2.0
2026-10-01 14:18:14,PRIO3,61.7,41.4,3,🟢 COMPRAR,-0.83,📉 QUEDA,0,RSI 41 baixo | SMA9<SMA21 | Acima SMA50 | MACD- | Bônus tendência | MTF ALTA (2/3) [maior:↓ medio:↑ menor:↑],0.0,2.0
2026-10-01 14:18:14,ABEV3,15.33,41.1,0,🟡 AGUARDAR,-0.51,📉 QUEDA,0,RSI 41 baixo | SMA9<SMA21 | Abaixo SMA50 | MACD- | MTF ALTA (2/3) [maior:↓ medio:↑ menor:↑],0.011,2.0
2026-10-01 14:45:00,BTC,83987.2,46.5,3,🟢 COMPRAR,-1.62,📉 QUEDA,0,RSI 46 neutro | SMA9>SMA21 | Acima SMA50 | MACD+ | LSTM -1.6% | MTF ALTA (3/3) [maior:↑ medio:↑ menor:↑],0.027,2.0
2026-10-01 14:45:00,ETH,2691.73,41.4,6,🟢 COMPRAR,-0.07,📉 QUEDA,0,RSI 41 baixo | SMA9>SMA21 | Acima SMA50 | MACD+ | MTF ALTA (3/3) [maior:↑ medio:↑ menor:↑],0.037,2.0
2026-10-01 14:45:00,SOL,117.58,37.6,-4,🔴 VENDER,2.62,📈 ALTA,0,RSI 38 baixo (atenuado) | SMA9<SMA21 | Abaixo SMA50 | MACD- | Penalidade tendência | LSTM +2.6% | MTF BAIXA (2/3) [maior:↑ medio:↓ menor:↓],-0.013,-2.0
2026-10-01 14:45:00,BNB,768.19,51.5,2,🟡 AGUARDAR,0.09,📈 ALTA,0,RSI 51 neutro | SMA9>SMA21 | Abaixo SMA50 | MACD+ | Penalidade tendência | MTF ALTA (2/3) [maior:↑ medio:↑ menor:↓],0.0,2.0
2026-10-01 14:45:00,ADA,0.246,39.7,4,🟢 COMPRAR,4.08,📈 ALTA,0,RSI 40 baixo (atenuado) | SMA9>SMA21 | Abaixo SMA50 | MACD+ | Penalidade tendência | LSTM +4.1% | MTF ALTA (2/3) [maior:↑ medio:↑ menor:↓],0.0,2.0
2026-10-01 14:45:00,PETR4,49.94,55.2,0,🚫 BLOQUEADO,-3.52,📉 QUEDA,0,LSTM -3.5% (queda forte),0.021,2.0
2026-10-01 14:45:00,VALE3,69.13,18.2,-3,🔴 VENDER,5.47,📈 ALTA,0,RSI 18 sobrevendido (atenuado) | SMA9<SMA21 | Abaixo SMA50 | MACD- | Penalidade tendência | LSTM +5.5% | MTF BAIXA (3/3) [maior:↓ medio:↓ menor:↓],0.011,-2.0
2026-10-01 14:45:00,ITUB4,44.01,59.5,0,🚫 BLOQUEADO,-4.76,📉 QUEDA,0,LSTM -4.8% (queda forte),0.017,2.0
2026-10-01 14:45:00,BBAS3,22.9,54.0,0,🚫 BLOQUEADO,-5.46,📉 QUEDA,0,LSTM -5.5% (queda forte),0.029,2.0
2026-10-01 14:45:00,WEGE3,49.67,37.3,1,🟡 AGUARDAR,2.95,📈 ALTA,0,RSI 37 baixo | SMA9<SMA21 | Acima SMA50 | MACD- | Bônus tendência | LSTM +3.0% | MTF BAIXA (3/3) [maior:↓ medio:↓ menor:↓],0.031,-2.0
2026-10-01 14:45:00,ITSA4,14.49,57.5,0,🚫 BLOQUEADO,-2.2,📉 QUEDA,0,LSTM -2.2% (queda forte),-0.035,2.0
2026-10-01 14:45:00,BBDC4,18.37,46.4,0,🚫 BLOQUEADO,-2.92,📉 QUEDA,0,LSTM -2.9% (queda forte),0.019,2.0
2026-10-01 14:45:00,B3SA3,18.35,68.4,1,🟡 AGUARDAR,-1.95,📉 QUEDA,0,RSI 68 sobrecomprado (atenuado) | SMA9>SMA21 | Acima SMA50 | MACD- | Bônus tendência | LSTM -1.9% | MTF ALTA (3/3) [maior:↑ medio:↑ menor:↑],-0.028,2.0
2026-10-01 14:45:00,PRIO3,61.78,41.7,3,🟢 COMPRAR,-0.96,📉 QUEDA,0,RSI 42 baixo | SMA9<SMA21 | Acima SMA50 | MACD- | Bônus tendência | MTF ALTA (2/3) [maior:↓ medio:↑ menor:↑],0.0,2.0
2026-10-01 14:45:00,ABEV3,15.3,40.4,0,🟡 AGUARDAR,-0.31,📉 QUEDA,0,RSI 40 baixo | SMA9<SMA21 | Abaixo SMA50 | MACD- | MTF ALTA (2/3) [maior:↓ medio:↑ menor:↑],0.011,2.0
2026-10-01 15:00:08,BTC,84032.19,46.9,2,🟡 AGUARDAR,-1.68,📉 QUEDA,-1,RSI 47 neutro | SMA9>SMA21 | Acima SMA50 | MACD+ | Macro -1 | LSTM -1.7% | MTF ALTA (3/3) [maior:↑ medio:↑ menor:↑],0.027,2.0
2026-10-01 15:00:08,ETH,2689.19,41.3,5,🟢 COMPRAR,0.01,📈 ALTA,-1,RSI 41 baixo | SMA9>SMA21 | Acima SMA50 | MACD+ | Macro -1 | MTF ALTA (3/3) [maior:↑ medio:↑ menor:↑],0.037,2.0
2026-10-01 15:00:08,SOL,117.36,37.0,-5,🔴 VENDER,2.77,📈 ALTA,-1,RSI 37 baixo (atenuado) | SMA9<SMA21 | Abaixo SMA50 | MACD- | Penalidade tendência | Macro -1 | LSTM +2.8% | MTF BAIXA (2/3) [maior:↑ medio:↓ menor:↓],-0.013,-2.0
2026-10-01 15:00:08,BNB,766.36,49.8,1,🟡 AGUARDAR,0.33,📈 ALTA,-1,RSI 50 neutro | SMA9>SMA21 | Abaixo SMA50 | MACD+ | Penalidade tendência | Macro -1 | MTF ALTA (2/3) [maior:↑ medio:↑ menor:↓],0.0,2.0
2026-10-01 15:00:08,ADA,0.2449,38.8,3,🟢 COMPRAR,4.53,📈 ALTA,-1,RSI 39 baixo (atenuado) | SMA9>SMA21 | Abaixo SMA50 | MACD+ | Penalidade tendência | Macro -1 | LSTM +4.5% | MTF ALTA (2/3) [maior:↑ medio:↑ menor:↓],0.0,2.0
2026-10-01 15:00:08,PETR4,49.7,54.0,0,🚫 BLOQUEADO,-3.05,📉 QUEDA,-1,LSTM -3.0% (queda forte),0.021,2.0
2026-10-01 15:00:08,VALE3,69.31,18.4,-4,🔴 VENDER,5.19,📈 ALTA,-1,RSI 18 sobrevendido (atenuado) | SMA9<SMA21 | Abaixo SMA50 | MACD- | Penalidade tendência | Macro -1 | LSTM +5.2% | MTF BAIXA (3/3) [maior:↓ medio:↓ menor:↓],0.011,-2.0
2026-10-01 15:00:08,ITUB4,43.89,58.5,0,🚫 BLOQUEADO,-4.5,📉 QUEDA,-1,LSTM -4.5% (queda forte),0.017,2.0
2026-10-01 15:00:08,BBAS3,22.88,53.8,0,🚫 BLOQUEADO,-5.38,📉 QUEDA,-1,LSTM -5.4% (queda forte),0.029,2.0
2026-10-01 15:00:08,WEGE3,49.72,37.7,0,🟡 AGUARDAR,2.85,📈 ALTA,-1,RSI 38 baixo | SMA9<SMA21 | Acima SMA50 | MACD- | Bônus tendência | Macro -1 | LSTM +2.9% | MTF BAIXA (3/3) [maior:↓ medio:↓ menor:↓],0.031,-2.0
2026-10-01 15:00:08,ITSA4,14.45,56.4,2,🟢 COMPRAR (conf.),-1.92,📉 QUEDA,-1,RSI 56 alto (atenuado) | SMA9>SMA21 | Acima SMA50 | MACD+ | Bônus tendência | Macro -1 | LSTM -1.9% | MTF ALTA (3/3) [maior:↑ medio:↑ menor:↑],-0.035,2.0
2026-10-01 15:00:08,BBDC4,18.34,45.9,0,🚫 BLOQUEADO,-2.76,📉 QUEDA,-1,LSTM -2.8% (queda forte),0.019,2.0
2026-10-01 15:00:08,B3SA3,18.29,67.1,0,🟡 AGUARDAR,-1.63,📉 QUEDA,-1,RSI 67 sobrecomprado (atenuado) | SMA9>SMA21 | Acima SMA50 | MACD- | Bônus tendência | Macro -1 | LSTM -1.6% | MTF ALTA (3/3) [maior:↑ medio:↑ menor:↑],-0.028,2.0
2026-10-01 15:00:08,PRIO3,61.77,41.6,2,🟢 COMPRAR (conf.),-0.96,📉 QUEDA,-1,RSI 42 baixo | SMA9<SMA21 | Acima SMA50 | MACD- | Bônus tendência | Macro -1 | MTF ALTA (2/3) [maior:↓ medio:↑ menor:↑],0.0,2.0
2026-10-01 15:00:08,ABEV3,15.31,40.6,-1,🟡 AGUARDAR,-0.38,📉 QUEDA,-1,RSI 41 baixo | SMA9<SMA21 | Abaixo SMA50 | MACD- | Macro -1 | MTF ALTA (2/3) [maior:↓ medio:↑ menor:↑],0.011,2.0
2026-10-01 15:21:19,BTC,84214.47,48.9,2,🟡 AGUARDAR,-1.87,📉 QUEDA,-1,RSI 49 neutro | SMA9>SMA21 | Acima SMA50 | MACD+ | Macro -1 | LSTM -1.9% | MTF ALTA (3/3) [maior:↑ medio:↑ menor:↑],0.027,2.0
2026-10-01 15:21:19,ETH,2693.99,41.8,5,🟢 COMPRAR,-0.15,📉 QUEDA,-1,RSI 42 baixo | SMA9>SMA21 | Acima SMA50 | MACD+ | Macro -1 | MTF ALTA (3/3) [maior:↑ medio:↑ menor:↑],0.037,2.0
2026-10-01 15:21:19,SOL,117.83,38.6,-5,🔴 VENDER,2.4,📈 ALTA,-1,RSI 39 baixo (atenuado) | SMA9<SMA21 | Abaixo SMA50 | MACD- | Penalidade tendência | Macro -1 | LSTM +2.4% | MTF BAIXA (2/3) [maior:↑ medio:↓ menor:↓],-0.013,-2.0
2026-10-01 15:21:19,BNB,768.12,51.4,1,🟡 AGUARDAR,0.1,📈 ALTA,-1,RSI 51 neutro | SMA9>SMA21 | Abaixo SMA50 | MACD+ | Penalidade tendência | Macro -1 | MTF ALTA (2/3) [maior:↑ medio:↑ menor:↓],0.0,2.0
2026-10-01 15:21:19,ADA,0.2469,40.7,3,🟢 COMPRAR,3.72,📈 ALTA,-1,RSI 41 baixo (atenuado) | SMA9>SMA21 | Abaixo SMA50 | MACD+ | Penalidade tendência | Macro -1 | LSTM +3.7% | MTF ALTA (2/3) [maior:↑ medio:↑ menor:↓],0.0,2.0
2026-10-01 15:21:19,PETR4,49.48,52.8,0,🚫 BLOQUEADO,-2.62,📉 QUEDA,-1,LSTM -2.6% (queda forte),0.021,2.0
2026-10-01 15:21:19,VALE3,68.9,17.9,-4,🔴 VENDER,5.82,📈 ALTA,-1,RSI 18 sobrevendido (atenuado) | SMA9<SMA21 | Abaixo SMA50 | MACD- | Penalidade tendência | Macro -1 | LSTM +5.8% | MTF BAIXA (3/3) [maior:↓ medio:↓ menor:↓],0.011,-2.0
2026-10-01 15:21:19,ITUB4,43.72,57.1,0,🚫 BLOQUEADO,-4.13,📉 QUEDA,-1,LSTM -4.1% (queda forte),0.017,2.0
2026-10-01 15:21:19,BBAS3,22.8,52.9,0,🚫 BLOQUEADO,-5.04,📉 QUEDA,-1,LSTM -5.0% (queda forte),0.029,2.0
2026-10-01 15:21:19,WEGE3,49.63,36.9,0,🟡 AGUARDAR,3.03,📈 ALTA,-1,RSI 37 baixo | SMA9<SMA21 | Acima SMA50 | MACD- | Bônus tendência | Macro -1 | LSTM +3.0% | MTF BAIXA (3/3) [maior:↓ medio:↓ menor:↓],0.031,-2.0
2026-10-01 15:21:19,ITSA4,14.39,54.8,1,🟡 AGUARDAR,-1.52,📉 QUEDA,-1,RSI 55 neutro | SMA9>SMA21 | Acima SMA50 | MACD- | Bônus tendência | Macro -1 | LSTM -1.5% | MTF ALTA (3/3) [maior:↑ medio:↑ menor:↑],-0.035,2.0
2026-10-01 15:21:19,BBDC4,18.26,44.7,0,🚫 BLOQUEADO,-2.34,📉 QUEDA,-1,LSTM -2.3% (queda forte),0.019,2.0
2026-10-01 15:21:19,B3SA3,18.17,64.5,2,🟢 COMPRAR (conf.),-0.98,📉 QUEDA,-1,RSI 64 alto (atenuado) | SMA9>SMA21 | Acima SMA50 | MACD- | Bônus tendência | Macro -1 | MTF ALTA (3/3) [maior:↑ medio:↑ menor:↑],-0.028,2.0
2026-10-01 15:21:19,PRIO3,61.76,41.6,2,🟢 COMPRAR (conf.),-0.93,📉 QUEDA,-1,RSI 42 baixo | SMA9<SMA21 | Acima SMA50 | MACD- | Bônus tendência | Macro -1 | MTF ALTA (2/3) [maior:↓ medio:↑ menor:↑],0.0,2.0
2026-10-01 15:21:19,ABEV3,15.25,39.2,-1,🟡 AGUARDAR,0.01,📈 ALTA,-1,RSI 39 baixo | SMA9<SMA21 | Abaixo SMA50 | MACD- | Macro -1 | MTF ALTA (2/3) [maior:↓ medio:↑ menor:↑],0.011,2.0
2026-10-01 15:44:07,BTC,83856.57,44.9,-1,🟡 AGUARDAR,-1.47,📉 QUEDA,-1,RSI 45 baixo (atenuado) | SMA9>SMA21 | Abaixo SMA50 | MACD+ | Penalidade tendência | Macro -1 | LSTM -1.5% | MTF ALTA (3/3) [maior:↑ medio:↑ menor:↑],0.027,2.0
2026-10-01 15:44:07,ETH,2674.32,38.5,-1,🟡 AGUARDAR,0.56,📈 ALTA,-1,RSI 38 baixo (atenuado) | SMA9>SMA21 | Abaixo SMA50 | MACD- | Penalidade tendência | Macro -1 | MTF ALTA (2/3) [maior:↑ medio:↑ menor:↓],0.037,2.0
2026-10-01 15:44:07,SOL,116.99,35.5,-5,🔴 VENDER,3.13,📈 ALTA,-1,RSI 36 baixo (atenuado) | SMA9<SMA21 | Abaixo SMA50 | MACD- | Penalidade tendência | Macro -1 | LSTM +3.1% | MTF BAIXA (2/3) [maior:↑ medio:↓ menor:↓],-0.013,-2.0
2026-10-01 15:44:07,BNB,764.69,48.4,1,🟡 AGUARDAR,0.54,📈 ALTA,-1,RSI 48 neutro | SMA9>SMA21 | Abaixo SMA50 | MACD+ | Penalidade tendência | Macro -1 | MTF ALTA (2/3) [maior:↑ medio:↑ menor:↓],0.0,2.0
2026-10-01 15:44:07,ADA,0.2444,38.1,1,🟡 AGUARDAR,4.77,📈 ALTA,-1,RSI 38 baixo (atenuado) | SMA9>SMA21 | Abaixo SMA50 | MACD- | Penalidade tendência | Macro -1 | LSTM +4.8% | MTF ALTA (2/3) [maior:↑ medio:↑ menor:↓],0.0,2.0
2026-10-01 15:44:07,PETR4,49.53,53.1,0,🚫 BLOQUEADO,-2.72,📉 QUEDA,-1,LSTM -2.7% (queda forte),0.021,2.0
2026-10-01 15:44:07,VALE3,69.08,18.1,-4,🔴 VENDER,5.54,📈 ALTA,-1,RSI 18 sobrevendido (atenuado) | SMA9<SMA21 | Abaixo SMA50 | MACD- | Penalidade tendência | Macro -1 | LSTM +5.5% | MTF BAIXA (3/3) [maior:↓ medio:↓ menor:↓],0.011,-2.0
2026-10-01 15:44:07,ITUB4,43.66,56.6,0,🚫 BLOQUEADO,-4.0,📉 QUEDA,-1,LSTM -4.0% (queda forte),0.017,2.0
2026-10-01 15:44:07,BBAS3,22.81,53.0,0,🚫 BLOQUEADO,-5.08,📉 QUEDA,-1,LSTM -5.1% (queda forte),0.029,2.0
2026-10-01 15:44:07,WEGE3,49.45,35.3,0,🟡 AGUARDAR,3.41,📈 ALTA,-1,RSI 35 baixo | SMA9<SMA21 | Acima SMA50 | MACD- | Bônus tendência | Macro -1 | LSTM +3.4% | MTF BAIXA (3/3) [maior:↓ medio:↓ menor:↓],0.031,-2.0
2026-10-01 15:44:07,ITSA4,14.36,54.0,1,🟡 AGUARDAR,-1.31,📉 QUEDA,-1,RSI 54 neutro | SMA9>SMA21 | Acima SMA50 | MACD- | Bônus tendência | Macro -1 | LSTM -1.3% | MTF ALTA (3/3) [maior:↑ medio:↑ menor:↑],-0.035,2.0
2026-10-01 15:44:07,BBDC4,18.22,44.2,0,🚫 BLOQUEADO,-2.12,📉 QUEDA,-1,LSTM -2.1% (queda forte),0.019,2.0
2026-10-01 15:44:07,B3SA3,18.2,65.1,0,🟡 AGUARDAR,-1.14,📉 QUEDA,-1,RSI 65 sobrecomprado (atenuado) | SMA9>SMA21 | Acima SMA50 | MACD- | Bônus tendência | Macro -1 | LSTM -1.1% | MTF ALTA (3/3) [maior:↑ medio:↑ menor:↑],-0.028,2.0
2026-10-01 15:44:07,PRIO3,62.0,42.6,0,🟡 AGUARDAR,-1.31,📉 QUEDA,-1,RSI 43 baixo | SMA9<SMA21 | Acima SMA50 | MACD- | Bônus tendência | Macro -1 | LSTM -1.3% | MTF ALTA (2/3) [maior:↓ medio:↑ menor:↑],0.0,2.0
2026-10-01 15:44:07,ABEV3,15.3,40.4,-1,🟡 AGUARDAR,-0.31,📉 QUEDA,-1,RSI 40 baixo | SMA9<SMA21 | Abaixo SMA50 | MACD- | Macro -1 | MTF ALTA (2/3) [maior:↓ medio:↑ menor:↑],0.011,2.0
2026-10-01 15:59:37,BTC,84073.84,47.4,2,🟡 AGUARDAR,-1.72,📉 QUEDA,-1,RSI 47 neutro | SMA9>SMA21 | Acima SMA50 | MACD+ | Macro -1 | LSTM -1.7% | MTF ALTA (3/3) [maior:↑ medio:↑ menor:↑],0.027,2.0
2026-10-01 15:59:37,ETH,2680.23,39.4,1,🟡 AGUARDAR,0.35,📈 ALTA,-1,RSI 39 baixo (atenuado) | SMA9>SMA21 | Abaixo SMA50 | MACD+ | Penalidade tendência | Macro -1 | MTF ALTA (2/3) [maior:↑ medio:↑ menor:↓],0.037,2.0
2026-10-01 15:59:37,SOL,117.26,36.5,-5,🔴 VENDER,2.9,📈 ALTA,-1,RSI 36 baixo (atenuado) | SMA9<SMA21 | Abaixo SMA50 | MACD- | Penalidade tendência | Macro -1 | LSTM +2.9% | MTF BAIXA (2/3) [maior:↑ medio:↓ menor:↓],-0.013,-2.0
2026-10-01 15:59:37,BNB,765.64,49.2,1,🟡 AGUARDAR,0.42,📈 ALTA,-1,RSI 49 neutro | SMA9>SMA21 | Abaixo SMA50 | MACD+ | Penalidade tendência | Macro -1 | MTF ALTA (2/3) [maior:↑ medio:↑ menor:↓],0.0,2.0
2026-10-01 15:59:37,ADA,0.2462,40.0,3,🟢 COMPRAR,4.0,📈 ALTA,-1,RSI 40 baixo (atenuado) | SMA9>SMA21 | Abaixo SMA50 | MACD+ | Penalidade tendência | Macro -1 | LSTM +4.0% | MTF ALTA (2/3) [maior:↑ medio:↑ menor:↓],0.0,2.0
2026-10-01 15:59:37,PETR4,49.51,53.0,0,🚫 BLOQUEADO,-2.68,📉 QUEDA,-1,LSTM -2.7% (queda forte),0.021,2.0
2026-10-01 15:59:37,VALE3,69.15,18.2,-4,🔴 VENDER,5.44,📈 ALTA,-1,RSI 18 sobrevendido (atenuado) | SMA9<SMA21 | Abaixo SMA50 | MACD- | Penalidade tendência | Macro -1 | LSTM +5.4% | MTF BAIXA (3/3) [maior:↓ medio:↓ menor:↓],0.011,-2.0
2026-10-01 15:59:37,ITUB4,43.44,54.9,0,🚫 BLOQUEADO,-3.51,📉 QUEDA,-1,LSTM -3.5% (queda forte),0.017,2.0
2026-10-01 15:59:37,BBAS3,22.68,51.8,0,🚫 BLOQUEADO,-4.54,📉 QUEDA,-1,LSTM -4.5% (queda forte),0.029,2.0
2026-10-01 15:59:37,WEGE3,49.22,34.2,-1,🟡 AGUARDAR,3.89,📈 ALTA,-1,RSI 34 sobrevendido | SMA9<SMA21 | Abaixo SMA50 | MACD- | Banda inf | Macro -1 | LSTM +3.9% | MTF BAIXA (3/3) [maior:↓ medio:↓ menor:↓],0.031,-2.0
2026-10-01 15:59:37,ITSA4,14.29,52.3,3,🟢 COMPRAR,-0.83,📉 QUEDA,-1,RSI 52 neutro | SMA9>SMA21 | Acima SMA50 | MACD- | Bônus tendência | Macro -1 | MTF ALTA (3/3) [maior:↑ medio:↑ menor:↑],-0.035,2.0
2026-10-01 15:59:37,BBDC4,18.12,42.8,-1,🟡 AGUARDAR,-1.58,📉 QUEDA,-1,RSI 43 baixo | SMA9<SMA21 | Acima SMA50 | MACD- | Macro -1 | LSTM -1.6% | MTF ALTA (2/3) [maior:↓ medio:↑ menor:↑],0.019,2.0
2026-10-01 15:59:37,B3SA3,18.18,64.7,0,🟡 AGUARDAR,-1.03,📉 QUEDA,-1,RSI 65 alto (atenuado) | SMA9>SMA21 | Acima SMA50 | MACD- | Bônus tendência | Macro -1 | LSTM -1.0% | MTF ALTA (3/3) [maior:↑ medio:↑ menor:↑],-0.028,2.0
2026-10-01 15:59:37,PRIO3,61.97,42.4,0,🟡 AGUARDAR,-1.27,📉 QUEDA,-1,RSI 42 baixo | SMA9<SMA21 | Acima SMA50 | MACD- | Bônus tendência | Macro -1 | LSTM -1.3% | MTF ALTA (2/3) [maior:↓ medio:↑ menor:↑],0.0,2.0
2026-10-01 15:59:37,ABEV3,15.31,40.6,-1,🟡 AGUARDAR,-0.38,📉 QUEDA,-1,RSI 41 baixo | SMA9<SMA21 | Abaixo SMA50 | MACD- | Macro -1 | MTF ALTA (2/3) [maior:↓ medio:↑ menor:↑],0.011,2.0
2026-10-01 16:18:08,BTC,84349.35,67.6,0,🟡 AGUARDAR,-1.98,📉 QUEDA,-1,RSI 68 sobrecomprado | SMA9>SMA21 | Acima SMA50 | MACD+ | Macro -1 | LSTM -2.0% | MTF ALTA (3/3) [maior:↑ medio:↑ menor:↑],0.027,2.0
2026-10-01 16:18:08,ETH,2685.91,53.5,2,🟡 AGUARDAR,0.14,📈 ALTA,-1,RSI 53 neutro | SMA9<SMA21 | Acima SMA50 | MACD+ | Macro -1 | MTF ALTA (2/3) [maior:↑ medio:↓ menor:↑],0.037,2.0
2026-10-01 16:18:08,SOL,117.5,45.9,-4,🔴 VENDER,2.61,📈 ALTA,-1,RSI 46 neutro | SMA9<SMA21 | Abaixo SMA50 | MACD- | Macro -1 | LSTM +2.6% | MTF BAIXA (2/3) [maior:↑ medio:↓ menor:↓],-0.013,-2.0
2026-10-01 16:18:08,BNB,767.26,65.2,-1,🟡 AGUARDAR,0.23,📈 ALTA,-1,RSI 65 sobrecomprado | SMA9>SMA21 | Abaixo SMA50 | MACD+ | Penalidade tendência | Macro -1 | MTF ALTA (2/3) [maior:↑ medio:↑ menor:↓],0.0,2.0
2026-10-01 16:18:08,ADA,0.2469,54.8,3,🟢 COMPRAR,3.7,📈 ALTA,-1,RSI 55 neutro | SMA9>SMA21 | Abaixo SMA50 | MACD+ | Penalidade tendência | Macro -1 | LSTM +3.7% | MTF ALTA (2/3) [maior:↑ medio:↑ menor:↓],0.0,2.0
2026-10-01 16:18:08,PETR4,49.64,53.7,0,🚫 BLOQUEADO,-2.93,📉 QUEDA,-1,LSTM -2.9% (queda forte),0.021,2.0
2026-10-01 16:18:08,VALE3,69.38,18.5,-4,🔴 VENDER,5.09,📈 ALTA,-1,RSI 19 sobrevendido (atenuado) | SMA9<SMA21 | Abaixo SMA50 | MACD- | Penalidade tendência | Macro -1 | LSTM +5.1% | MTF BAIXA (3/3) [maior:↓ medio:↓ menor:↓],0.011,-2.0
2026-10-01 16:18:08,ITUB4,43.58,55.9,0,🚫 BLOQUEADO,-3.82,📉 QUEDA,-1,LSTM -3.8% (queda forte),0.017,2.0
2026-10-01 16:18:08,BBAS3,22.78,52.7,0,🚫 BLOQUEADO,-4.96,📉 QUEDA,-1,LSTM -5.0% (queda forte),0.029,2.0
2026-10-01 16:18:08,WEGE3,49.35,34.8,-1,🟡 AGUARDAR,3.62,📈 ALTA,-1,RSI 35 sobrevendido | SMA9<SMA21 | Abaixo SMA50 | MACD- | Banda inf | Macro -1 | LSTM +3.6% | MTF BAIXA (3/3) [maior:↓ medio:↓ menor:↓],0.031,-2.0
2026-10-01 16:18:08,ITSA4,14.33,53.2,1,🟡 AGUARDAR,-1.1,📉 QUEDA,-1,RSI 53 neutro | SMA9>SMA21 | Acima SMA50 | MACD- | Bônus tendência | Macro -1 | LSTM -1.1% | MTF ALTA (3/3) [maior:↑ medio:↑ menor:↑],-0.035,2.0
2026-10-01 16:18:08,BBDC4,18.2,43.9,0,🚫 BLOQUEADO,-2.02,📉 QUEDA,-1,LSTM -2.0% (queda forte),0.019,2.0
2026-10-01 16:18:08,B3SA3,18.25,66.2,0,🟡 AGUARDAR,-1.41,📉 QUEDA,-1,RSI 66 sobrecomprado (atenuado) | SMA9>SMA21 | Acima SMA50 | MACD- | Bônus tendência | Macro -1 | LSTM -1.4% | MTF ALTA (3/3) [maior:↑ medio:↑ menor:↑],-0.028,2.0
2026-10-01 16:18:08,PRIO3,62.14,43.1,0,🟡 AGUARDAR,-1.55,📉 QUEDA,-1,RSI 43 baixo | SMA9<SMA21 | Acima SMA50 | MACD- | Bônus tendência | Macro -1 | LSTM -1.6% | MTF ALTA (2/3) [maior:↓ medio:↑ menor:↑],0.0,2.0
2026-10-01 16:18:08,ABEV3,15.32,40.9,-1,🟡 AGUARDAR,-0.44,📉 QUEDA,-1,RSI 41 baixo | SMA9<SMA21 | Abaixo SMA50 | MACD- | Macro -1 | MTF ALTA (2/3) [maior:↓ medio:↑ menor:↑],0.011,2.0
2026-10-01 16:42:30,BTC,84188.24,65.7,0,🟡 AGUARDAR,-1.79,📉 QUEDA,-1,RSI 66 sobrecomprado | SMA9>SMA21 | Acima SMA50 | MACD+ | Macro -1 | LSTM -1.8% | MTF ALTA (3/3) [maior:↑ medio:↑ menor:↑],0.027,2.0
2026-10-01 16:42:30,ETH,2679.57,51.7,-7,🔴🔴 VENDA FORTE,0.38,📈 ALTA,-1,RSI 52 neutro | SMA9<SMA21 | Abaixo SMA50 | MACD- | Penalidade tendência | Macro -1 | MTF BAIXA (2/3) [maior:↑ medio:↓ menor:↓],0.037,-2.0
2026-10-01 16:42:30,SOL,117.17,44.2,-3,🔴 VENDER,2.94,📈 ALTA,-1,RSI 44 baixo | SMA9<SMA21 | Abaixo SMA50 | MACD- | Macro -1 | LSTM +2.9% | MTF BAIXA (2/3) [maior:↑ medio:↓ menor:↓],-0.013,-2.0
2026-10-01 16:42:30,BNB,766.28,64.1,0,🟡 AGUARDAR,0.36,📈 ALTA,-1,RSI 64 alto | SMA9>SMA21 | Abaixo SMA50 | MACD+ | Penalidade tendência | Macro -1 | MTF ALTA (2/3) [maior:↑ medio:↑ menor:↓],0.0,2.0
2026-10-01 16:42:30,ADA,0.2454,52.1,3,🟢 COMPRAR,4.31,📈 ALTA,-1,RSI 52 neutro | SMA9>SMA21 | Abaixo SMA50 | MACD+ | Penalidade tendência | Macro -1 | LSTM +4.3% | MTF ALTA (2/3) [maior:↑ medio:↑ menor:↓],0.0,2.0
2026-10-01 16:42:30,PETR4,49.73,54.1,0,🚫 BLOQUEADO,-3.11,📉 QUEDA,-1,LSTM -3.1% (queda forte),0.021,2.0
2026-10-01 16:42:30,VALE3,69.62,18.8,-4,🔴 VENDER,4.72,📈 ALTA,-1,RSI 19 sobrevendido (atenuado) | SMA9<SMA21 | Abaixo SMA50 | MACD- | Penalidade tendência | Macro -1 | LSTM +4.7% | MTF BAIXA (3/3) [maior:↓ medio:↓ menor:↓],0.011,-2.0
2026-10-01 16:42:30,ITUB4,43.91,58.7,0,🚫 BLOQUEADO,-4.54,📉 QUEDA,-1,LSTM -4.5% (queda forte),0.017,2.0
2026-10-01 16:42:30,BBAS3,22.9,54.0,0,🚫 BLOQUEADO,-5.46,📉 QUEDA,-1,LSTM -5.5% (queda forte),0.029,2.0
2026-10-01 16:42:30,WEGE3,49.74,37.9,0,🟡 AGUARDAR,2.81,📈 ALTA,-1,RSI 38 baixo | SMA9<SMA21 | Acima SMA50 | MACD- | Bônus tendência | Macro -1 | LSTM +2.8% | MTF BAIXA (3/3) [maior:↓ medio:↓ menor:↓],0.031,-2.0
2026-10-01 16:42:30,ITSA4,14.44,56.1,2,🟢 COMPRAR (conf.),-1.86,📉 QUEDA,-1,RSI 56 alto (atenuado) | SMA9>SMA21 | Acima SMA50 | MACD+ | Bônus tendência | Macro -1 | LSTM -1.9% | MTF ALTA (3/3) [maior:↑ medio:↑ menor:↑],-0.035,2.0
2026-10-01 16:42:30,BBDC4,18.32,45.6,0,🚫 BLOQUEADO,-2.66,📉 QUEDA,-1,LSTM -2.7% (queda forte),0.019,2.0
2026-10-01 16:42:30,B3SA3,18.37,68.6,0,🚫 BLOQUEADO,-2.06,📉 QUEDA,-1,LSTM -2.1% (queda forte),-0.028,2.0
2026-10-01 16:42:30,PRIO3,62.18,43.3,0,🟡 AGUARDAR,-1.6,📉 QUEDA,-1,RSI 43 baixo | SMA9<SMA21 | Acima SMA50 | MACD- | Bônus tendência | Macro -1 | LSTM -1.6% | MTF ALTA (2/3) [maior:↓ medio:↑ menor:↑],0.0,2.0
2026-10-01 16:42:30,ABEV3,15.37,42.2,-1,🟡 AGUARDAR,-0.77,📉 QUEDA,-1,RSI 42 baixo | SMA9<SMA21 | Abaixo SMA50 | MACD- | Macro -1 | MTF ALTA (2/3) [maior:↓ medio:↑ menor:↑],0.011,2.0
2026-10-01 16:56:32,BTC,84101.0,65.1,0,🟡 AGUARDAR,-1.7,📉 QUEDA,-1,RSI 65 sobrecomprado | SMA9>SMA21 | Acima SMA50 | MACD+ | Macro -1 | LSTM -1.7% | MTF ALTA (3/3) [maior:↑ medio:↑ menor:↑],0.027,2.0
2026-10-01 16:56:32,ETH,2677.94,51.4,-7,🔴🔴 VENDA FORTE,0.43,📈 ALTA,-1,RSI 51 neutro | SMA9<SMA21 | Abaixo SMA50 | MACD- | Penalidade tendência | Macro -1 | MTF BAIXA (2/3) [maior:↑ medio:↓ menor:↓],0.037,-2.0
2026-10-01 16:56:32,SOL,116.98,43.0,-3,🔴 VENDER,3.07,📈 ALTA,-1,RSI 43 baixo | SMA9<SMA21 | Abaixo SMA50 | MACD- | Macro -1 | LSTM +3.1% | MTF BAIXA (2/3) [maior:↑ medio:↓ menor:↓],-0.013,-2.0
2026-10-01 16:56:32,BNB,766.26,64.2,0,🟡 AGUARDAR,0.36,📈 ALTA,-1,RSI 64 alto | SMA9>SMA21 | Abaixo SMA50 | MACD+ | Penalidade tendência | Macro -1 | MTF ALTA (2/3) [maior:↑ medio:↑ menor:↓],0.0,2.0
2026-10-01 16:56:32,ADA,0.2447,50.9,1,🟡 AGUARDAR,4.63,📈 ALTA,-1,RSI 51 neutro | SMA9>SMA21 | Abaixo SMA50 | MACD- | Penalidade tendência | Macro -1 | LSTM +4.6% | MTF ALTA (2/3) [maior:↑ medio:↑ menor:↓],0.0,2.0
2026-10-01 16:56:32,PETR4,49.72,54.1,0,🚫 BLOQUEADO,-3.09,📉 QUEDA,-1,LSTM -3.1% (queda forte),0.021,2.0
2026-10-01 16:56:32,VALE3,69.57,18.8,-4,🔴 VENDER,4.8,📈 ALTA,-1,RSI 19 sobrevendido (atenuado) | SMA9<SMA21 | Abaixo SMA50 | MACD- | Penalidade tendência | Macro -1 | LSTM +4.8% | MTF BAIXA (3/3) [maior:↓ medio:↓ menor:↓],0.011,-2.0
2026-10-01 16:56:32,ITUB4,43.93,58.8,0,🚫 BLOQUEADO,-4.59,📉 QUEDA,-1,LSTM -4.6% (queda forte),0.017,2.0
2026-10-01 16:56:32,BBAS3,22.81,53.0,0,🚫 BLOQUEADO,-5.08,📉 QUEDA,-1,LSTM -5.1% (queda forte),0.029,2.0
2026-10-01 16:56:32,WEGE3,49.67,37.3,0,🟡 AGUARDAR,2.95,📈 ALTA,-1,RSI 37 baixo | SMA9<SMA21 | Acima SMA50 | MACD- | Bônus tendência | Macro -1 | LSTM +3.0% | MTF BAIXA (3/3) [maior:↓ medio:↓ menor:↓],0.031,-2.0
2026-10-01 16:56:32,ITSA4,14.4,55.0,2,🟢 COMPRAR (conf.),-1.58,📉 QUEDA,-1,RSI 55 alto (atenuado) | SMA9>SMA21 | Acima SMA50 | MACD+ | Bônus tendência | Macro -1 | LSTM -1.6% | MTF ALTA (3/3) [maior:↑ medio:↑ menor:↑],-0.035,2.0
2026-10-01 16:56:32,BBDC4,18.33,45.8,0,🚫 BLOQUEADO,-2.71,📉 QUEDA,-1,LSTM -2.7% (queda forte),0.019,2.0
2026-10-01 16:56:32,B3SA3,18.37,68.6,0,🚫 BLOQUEADO,-2.06,📉 QUEDA,-1,LSTM -2.1% (queda forte),-0.028,2.0
2026-10-01 16:56:32,PRIO3,62.09,42.9,0,🟡 AGUARDAR,-1.47,📉 QUEDA,-1,RSI 43 baixo | SMA9<SMA21 | Acima SMA50 | MACD- | Bônus tendência | Macro -1 | LSTM -1.5% | MTF ALTA (2/3) [maior:↓ medio:↑ menor:↑],0.0,2.0
2026-10-01 16:56:32,ABEV3,15.38,42.6,-1,🟡 AGUARDAR,-0.83,📉 QUEDA,-1,RSI 43 baixo | SMA9<SMA21 | Abaixo SMA50 | MACD- | Macro -1 | MTF ALTA (2/3) [maior:↓ medio:↑ menor:↑],0.011,2.0
2026-10-01 17:13:14,BTC,84381.23,67.4,0,🚫 BLOQUEADO,-2.01,📉 QUEDA,-1,LSTM -2.0% (queda forte),0.027,2.0
2026-10-01 17:13:14,ETH,2688.58,54.1,4,🟢 COMPRAR,0.04,📈 ALTA,-1,RSI 54 neutro | SMA9>SMA21 | Acima SMA50 | MACD+ | Macro -1 | MTF ALTA (2/3) [maior:↑ medio:↑ menor:↓],0.037,2.0
2026-10-01 17:13:14,SOL,117.63,46.7,-4,🔴 VENDER,2.5,📈 ALTA,-1,RSI 47 neutro | SMA9<SMA21 | Abaixo SMA50 | MACD- | Macro -1 | LSTM +2.5% | MTF BAIXA (2/3) [maior:↑ medio:↓ menor:↓],-0.013,-2.0
2026-10-01 17:13:14,BNB,769.28,66.7,-1,🟡 AGUARDAR,-0.03,📉 QUEDA,-1,RSI 67 sobrecomprado | SMA9>SMA21 | Abaixo SMA50 | MACD+ | Penalidade tendência | Macro -1 | MTF ALTA (2/3) [maior:↑ medio:↑ menor:↓],0.0,2.0
2026-10-01 17:13:14,ADA,0.2475,55.8,2,🟡 AGUARDAR,3.45,📈 ALTA,-1,RSI 56 alto | SMA9>SMA21 | Abaixo SMA50 | MACD+ | Penalidade tendência | Macro -1 | LSTM +3.5% | MTF ALTA (2/3) [maior:↑ medio:↑ menor:↓],0.0,2.0
2026-10-01 17:13:14,PETR4,49.67,53.8,0,🚫 BLOQUEADO,-2.99,📉 QUEDA,-1,LSTM -3.0% (queda forte),0.021,2.0
2026-10-01 17:13:14,VALE3,69.42,18.6,-4,🔴 VENDER,5.03,📈 ALTA,-1,RSI 19 sobrevendido (atenuado) | SMA9<SMA21 | Abaixo SMA50 | MACD- | Penalidade tendência | Macro -1 | LSTM +5.0% | MTF BAIXA (3/3) [maior:↓ medio:↓ menor:↓],0.011,-2.0
2026-10-01 17:13:14,ITUB4,43.74,57.2,0,🚫 BLOQUEADO,-4.17,📉 QUEDA,-1,LSTM -4.2% (queda forte),0.017,2.0
2026-10-01 17:13:14,BBAS3,22.77,52.6,0,🚫 BLOQUEADO,-4.92,📉 QUEDA,-1,LSTM -4.9% (queda forte),0.029,2.0
2026-10-01 17:13:14,WEGE3,49.36,34.9,-1,🟡 AGUARDAR,3.6,📈 ALTA,-1,RSI 35 sobrevendido | SMA9<SMA21 | Abaixo SMA50 | MACD- | Banda inf | Macro -1 | LSTM +3.6% | MTF BAIXA (3/3) [maior:↓ medio:↓ menor:↓],0.031,-2.0
2026-10-01 17:13:14,ITSA4,14.35,53.7,1,🟡 AGUARDAR,-1.24,📉 QUEDA,-1,RSI 54 neutro | SMA9>SMA21 | Acima SMA50 | MACD- | Bônus tendência | Macro -1 | LSTM -1.2% | MTF ALTA (3/3) [maior:↑ medio:↑ menor:↑],-0.035,2.0
2026-10-01 17:13:14,BBDC4,18.25,44.6,0,🚫 BLOQUEADO,-2.28,📉 QUEDA,-1,LSTM -2.3% (queda forte),0.019,2.0
2026-10-01 17:13:14,B3SA3,18.29,67.1,0,🟡 AGUARDAR,-1.63,📉 QUEDA,-1,RSI 67 sobrecomprado (atenuado) | SMA9>SMA21 | Acima SMA50 | MACD- | Bônus tendência | Macro -1 | LSTM -1.6% | MTF ALTA (3/3) [maior:↑ medio:↑ menor:↑],-0.028,2.0
2026-10-01 17:13:14,PRIO3,61.91,42.2,0,🟡 AGUARDAR,-1.18,📉 QUEDA,-1,RSI 42 baixo | SMA9<SMA21 | Acima SMA50 | MACD- | Bônus tendência | Macro -1 | LSTM -1.2% | MTF ALTA (2/3) [maior:↓ medio:↑ menor:↑],0.0,2.0
2026-10-01 17:13:14,ABEV3,15.33,41.1,-1,🟡 AGUARDAR,-0.51,📉 QUEDA,-1,RSI 41 baixo | SMA9<SMA21 | Abaixo SMA50 | MACD- | Macro -1 | MTF ALTA (2/3) [maior:↓ medio:↑ menor:↑],0.011,2.0
2026-10-01 17:31:53,BTC,84896.48,70.8,0,🚫 BLOQUEADO,-2.57,📉 QUEDA,-1,LSTM -2.6% (queda forte),0.027,2.0
2026-10-01 17:31:53,ETH,2709.0,58.5,3,🟢 COMPRAR,-0.68,📉 QUEDA,-1,RSI 58 alto | SMA9>SMA21 | Acima SMA50 | MACD+ | Macro -1 | MTF ALTA (3/3) [maior:↑ medio:↑ menor:↑],0.037,2.0
2026-10-01 17:31:53,SOL,118.92,53.6,-4,🔴 VENDER,1.43,📈 ALTA,-1,RSI 54 neutro | SMA9<SMA21 | Abaixo SMA50 | MACD- | Macro -1 | LSTM +1.4% | MTF BAIXA (2/3) [maior:↑ medio:↓ menor:↓],-0.013,-2.0
2026-10-01 17:31:53,BNB,773.35,68.7,2,🟡 AGUARDAR,-0.54,📉 QUEDA,-1,RSI 69 sobrecomprado | SMA9>SMA21 | Acima SMA50 | MACD+ | Macro -1 | MTF ALTA (3/3) [maior:↑ medio:↑ menor:↑],0.0,2.0
2026-10-01 17:31:53,ADA,0.2515,61.0,5,🟢 COMPRAR,1.84,📈 ALTA,-1,RSI 61 alto | SMA9>SMA21 | Acima SMA50 | MACD+ | Macro -1 | LSTM +1.8% | MTF ALTA (2/3) [maior:↑ medio:↑ menor:↓],0.0,2.0
2026-10-01 17:31:53,PETR4,49.68,53.9,0,🚫 BLOQUEADO,-3.01,📉 QUEDA,-1,LSTM -3.0% (queda forte),0.021,2.0
2026-10-01 17:31:53,VALE3,69.5,18.7,-4,🔴 VENDER,4.9,📈 ALTA,-1,RSI 19 sobrevendido (atenuado) | SMA9<SMA21 | Abaixo SMA50 | MACD- | Penalidade tendência | Macro -1 | LSTM +4.9% | MTF BAIXA (3/3) [maior:↓ medio:↓ menor:↓],0.011,-2.0
2026-10-01 17:31:53,ITUB4,43.93,58.8,0,🚫 BLOQUEADO,-4.59,📉 QUEDA,-1,LSTM -4.6% (queda forte),0.017,2.0
2026-10-01 17:31:53,BBAS3,22.84,53.3,0,🚫 BLOQUEADO,-5.21,📉 QUEDA,-1,LSTM -5.2% (queda forte),0.029,2.0
2026-10-01 17:31:53,WEGE3,49.5,35.8,0,🟡 AGUARDAR,3.3,📈 ALTA,-1,RSI 36 baixo | SMA9<SMA21 | Acima SMA50 | MACD- | Bônus tendência | Macro -1 | LSTM +3.3% | MTF BAIXA (3/3) [maior:↓ medio:↓ menor:↓],0.031,-2.0
2026-10-01 17:31:53,ITSA4,14.4,55.0,0,🟡 AGUARDAR,-1.58,📉 QUEDA,-1,RSI 55 alto (atenuado) | SMA9>SMA21 | Acima SMA50 | MACD- | Bônus tendência | Macro -1 | LSTM -1.6% | MTF ALTA (3/3) [maior:↑ medio:↑ menor:↑],-0.035,2.0
2026-10-01 17:31:53,BBDC4,18.33,45.8,0,🚫 BLOQUEADO,-2.71,📉 QUEDA,-1,LSTM -2.7% (queda forte),0.019,2.0
2026-10-01 17:31:53,B3SA3,18.38,68.7,0,🚫 BLOQUEADO,-2.11,📉 QUEDA,-1,LSTM -2.1% (queda forte),-0.028,2.0
2026-10-01 17:31:53,PRIO3,61.89,42.1,0,🟡 AGUARDAR,-1.14,📉 QUEDA,-1,RSI 42 baixo | SMA9<SMA21 | Acima SMA50 | MACD- | Bônus tendência | Macro -1 | LSTM -1.1% | MTF ALTA (2/3) [maior:↓ medio:↑ menor:↑],0.0,2.0
2026-10-01 17:31:53,ABEV3,15.36,41.9,-1,🟡 AGUARDAR,-0.7,📉 QUEDA,-1,RSI 42 baixo | SMA9<SMA21 | Abaixo SMA50 | MACD- | Macro -1 | MTF ALTA (2/3) [maior:↓ medio:↑ menor:↑],0.011,2.0
2026-10-01 17:56:45,BTC,84889.59,71.6,0,🚫 BLOQUEADO,-2.57,📉 QUEDA,-1,LSTM -2.6% (queda forte),0.027,2.0
2026-10-01 17:56:45,ETH,2699.14,56.4,3,🟢 COMPRAR,-0.33,📉 QUEDA,-1,RSI 56 alto | SMA9>SMA21 | Acima SMA50 | MACD+ | Macro -1 | MTF ALTA (3/3) [maior:↑ medio:↑ menor:↑],0.037,2.0
2026-10-01 17:56:45,SOL,118.3,50.6,-4,🔴 VENDER,1.96,📈 ALTA,-1,RSI 51 neutro | SMA9<SMA21 | Abaixo SMA50 | MACD- | Macro -1 | LSTM +2.0% | MTF BAIXA (2/3) [maior:↑ medio:↓ menor:↓],-0.013,-2.0
2026-10-01 17:56:45,BNB,772.34,68.7,2,🟡 AGUARDAR,-0.42,📉 QUEDA,-1,RSI 69 sobrecomprado | SMA9>SMA21 | Acima SMA50 | MACD+ | Macro -1 | MTF ALTA (3/3) [maior:↑ medio:↑ menor:↑],0.0,2.0
2026-10-01 17:56:45,ADA,0.2505,59.8,5,🟢 COMPRAR,2.25,📈 ALTA,-1,RSI 60 alto | SMA9>SMA21 | Acima SMA50 | MACD+ | Macro -1 | LSTM +2.2% | MTF ALTA (2/3) [maior:↑ medio:↑ menor:↓],0.0,2.0
2026-10-01 17:56:45,PETR4,49.73,54.1,0,🚫 BLOQUEADO,-3.11,📉 QUEDA,-1,LSTM -3.1% (queda forte),0.021,2.0
2026-10-01 17:56:45,VALE3,69.62,18.8,-4,🔴 VENDER,4.72,📈 ALTA,-1,RSI 19 sobrevendido (atenuado) | SMA9<SMA21 | Abaixo SMA50 | MACD- | Penalidade tendência | Macro -1 | LSTM +4.7% | MTF BAIXA (3/3) [maior:↓ medio:↓ menor:↓],0.011,-2.0
2026-10-01 17:56:45,ITUB4,44.02,59.6,0,🚫 BLOQUEADO,-4.78,📉 QUEDA,-1,LSTM -4.8% (queda forte),0.017,2.0
2026-10-01 17:56:45,BBAS3,22.95,54.5,0,🚫 BLOQUEADO,-5.66,📉 QUEDA,-1,LSTM -5.7% (queda forte),0.029,2.0
2026-10-01 17:56:45,WEGE3,49.75,38.0,0,🟡 AGUARDAR,2.79,📈 ALTA,-1,RSI 38 baixo | SMA9<SMA21 | Acima SMA50 | MACD- | Bônus tendência | Macro -1 | LSTM +2.8% | MTF BAIXA (3/3) [maior:↓ medio:↓ menor:↓],0.031,-2.0
2026-10-01 17:56:45,ITSA4,14.44,56.1,2,🟢 COMPRAR (conf.),-1.86,📉 QUEDA,-1,RSI 56 alto (atenuado) | SMA9>SMA21 | Acima SMA50 | MACD+ | Bônus tendência | Macro -1 | LSTM -1.9% | MTF ALTA (3/3) [maior:↑ medio:↑ menor:↑],-0.035,2.0
2026-10-01 17:56:45,BBDC4,18.39,46.7,0,🚫 BLOQUEADO,-3.03,📉 QUEDA,-1,LSTM -3.0% (queda forte),0.019,2.0
2026-10-01 17:56:45,B3SA3,18.41,69.0,0,🚫 BLOQUEADO,-2.27,📉 QUEDA,-1,LSTM -2.3% (queda forte),-0.028,2.0
2026-10-01 17:56:45,PRIO3,61.9,42.2,0,🟡 AGUARDAR,-1.15,📉 QUEDA,-1,RSI 42 baixo | SMA9<SMA21 | Acima SMA50 | MACD- | Bônus tendência | Macro -1 | LSTM -1.1% | MTF ALTA (2/3) [maior:↓ medio:↑ menor:↑],0.0,2.0
2026-10-01 17:56:45,ABEV3,15.37,42.2,-1,🟡 AGUARDAR,-0.77,📉 QUEDA,-1,RSI 42 baixo | SMA9<SMA21 | Abaixo SMA50 | MACD- | Macro -1 | MTF ALTA (2/3) [maior:↓ medio:↑ menor:↑],0.011,2.0
2026-10-01 18:16:38,BTC,84805.03,70.7,0,🚫 BLOQUEADO,-2.47,📉 QUEDA,-1,LSTM -2.5% (queda forte),0.027,2.0
2026-10-01 18:16:38,ETH,2698.54,56.4,3,🟢 COMPRAR,-0.31,📉 QUEDA,-1,RSI 56 alto | SMA9>SMA21 | Acima SMA50 | MACD+ | Macro -1 | MTF ALTA (3/3) [maior:↑ medio:↑ menor:↑],0.037,2.0
2026-10-01 18:16:38,SOL,118.39,51.0,-4,🔴 VENDER,1.89,📈 ALTA,-1,RSI 51 neutro | SMA9<SMA21 | Abaixo SMA50 | MACD- | Macro -1 | LSTM +1.9% | MTF BAIXA (2/3) [maior:↑ medio:↓ menor:↓],-0.013,-2.0
2026-10-01 18:16:38,BNB,770.55,67.5,2,🟡 AGUARDAR,-0.19,📉 QUEDA,-1,RSI 68 sobrecomprado | SMA9>SMA21 | Acima SMA50 | MACD+ | Macro -1 | MTF ALTA (3/3) [maior:↑ medio:↑ menor:↑],0.0,2.0
2026-10-01 18:16:38,ADA,0.2499,59.0,5,🟢 COMPRAR,2.49,📈 ALTA,-1,RSI 59 alto | SMA9>SMA21 | Acima SMA50 | MACD+ | Macro -1 | LSTM +2.5% | MTF ALTA (2/3) [maior:↑ medio:↑ menor:↓],0.0,2.0
2026-10-01 18:16:38,PETR4,49.95,55.3,0,🚫 BLOQUEADO,-3.54,📉 QUEDA,-1,LSTM -3.5% (queda forte),0.021,2.0
2026-10-01 18:16:38,VALE3,69.83,19.1,-4,🔴 VENDER,4.41,📈 ALTA,-1,RSI 19 sobrevendido (atenuado) | SMA9<SMA21 | Abaixo SMA50 | MACD- | Penalidade tendência | Macro -1 | LSTM +4.4% | MTF BAIXA (3/3) [maior:↓ medio:↓ menor:↓],0.011,-2.0
2026-10-01 18:16:38,ITUB4,44.01,59.5,0,🚫 BLOQUEADO,-4.76,📉 QUEDA,-1,LSTM -4.8% (queda forte),0.017,2.0
2026-10-01 18:16:38,BBAS3,22.97,54.7,0,🚫 BLOQUEADO,-5.75,📉 QUEDA,-1,LSTM -5.8% (queda forte),0.029,2.0
2026-10-01 18:16:38,WEGE3,49.56,36.3,0,🟡 AGUARDAR,3.18,📈 ALTA,-1,RSI 36 baixo | SMA9<SMA21 | Acima SMA50 | MACD- | Bônus tendência | Macro -1 | LSTM +3.2% | MTF BAIXA (3/3) [maior:↓ medio:↓ menor:↓],0.031,-2.0
2026-10-01 18:16:38,ITSA4,14.41,55.3,2,🟢 COMPRAR (conf.),-1.65,📉 QUEDA,-1,RSI 55 alto (atenuado) | SMA9>SMA21 | Acima SMA50 | MACD+ | Bônus tendência | Macro -1 | LSTM -1.6% | MTF ALTA (3/3) [maior:↑ medio:↑ menor:↑],-0.035,2.0
2026-10-01 18:16:38,BBDC4,18.35,46.1,0,🚫 BLOQUEADO,-2.81,📉 QUEDA,-1,LSTM -2.8% (queda forte),0.019,2.0
2026-10-01 18:16:38,B3SA3,18.38,68.7,0,🚫 BLOQUEADO,-2.11,📉 QUEDA,-1,LSTM -2.1% (queda forte),-0.028,2.0
2026-10-01 18:16:38,PRIO3,61.79,41.7,2,🟢 COMPRAR (conf.),-0.98,📉 QUEDA,-1,RSI 42 baixo | SMA9<SMA21 | Acima SMA50 | MACD- | Bônus tendência | Macro -1 | MTF ALTA (2/3) [maior:↓ medio:↑ menor:↑],0.0,2.0
2026-10-01 18:16:38,ABEV3,15.33,41.1,-1,🟡 AGUARDAR,-0.51,📉 QUEDA,-1,RSI 41 baixo | SMA9<SMA21 | Abaixo SMA50 | MACD- | Macro -1 | MTF ALTA (2/3) [maior:↓ medio:↑ menor:↑],0.011,2.0
2026-10-01 18:46:30,BTC,84938.44,72.0,0,🚫 BLOQUEADO,-2.62,📉 QUEDA,-1,LSTM -2.6% (queda forte),0.027,2.0
2026-10-01 18:46:30,ETH,2705.79,57.9,3,🟢 COMPRAR,-0.57,📉 QUEDA,-1,RSI 58 alto | SMA9>SMA21 | Acima SMA50 | MACD+ | Macro -1 | MTF ALTA (3/3) [maior:↑ medio:↑ menor:↑],0.037,2.0
2026-10-01 18:46:30,SOL,118.61,52.0,-4,🔴 VENDER,1.66,📈 ALTA,-1,RSI 52 neutro | SMA9<SMA21 | Abaixo SMA50 | MACD- | Macro -1 | LSTM +1.7% | MTF BAIXA (2/3) [maior:↑ medio:↓ menor:↓],-0.013,-2.0
2026-10-01 18:46:30,BNB,770.43,67.5,2,🟡 AGUARDAR,-0.18,📉 QUEDA,-1,RSI 67 sobrecomprado | SMA9>SMA21 | Acima SMA50 | MACD+ | Macro -1 | MTF ALTA (3/3) [maior:↑ medio:↑ menor:↑],0.0,2.0
2026-10-01 18:46:30,ADA,0.2497,58.9,5,🟢 COMPRAR,2.58,📈 ALTA,-1,RSI 59 alto | SMA9>SMA21 | Acima SMA50 | MACD+ | Macro -1 | LSTM +2.6% | MTF ALTA (2/3) [maior:↑ medio:↑ menor:↓],0.0,2.0
2026-10-01 18:46:30,PETR4,49.88,54.9,0,🚫 BLOQUEADO,-3.4,📉 QUEDA,-1,LSTM -3.4% (queda forte),0.021,2.0
2026-10-01 18:46:30,VALE3,70.03,19.9,-4,🔴 VENDER,4.11,📈 ALTA,-1,RSI 20 sobrevendido (atenuado) | SMA9<SMA21 | Abaixo SMA50 | MACD- | Penalidade tendência | Macro -1 | LSTM +4.1% | MTF BAIXA (3/3) [maior:↓ medio:↓ menor:↓],0.011,-2.0
2026-10-01 18:46:30,ITUB4,44.0,59.4,0,🚫 BLOQUEADO,-4.74,📉 QUEDA,-1,LSTM -4.7% (queda forte),0.017,2.0
2026-10-01 18:46:30,BBAS3,22.97,54.7,0,🚫 BLOQUEADO,-5.75,📉 QUEDA,-1,LSTM -5.8% (queda forte),0.029,2.0
2026-10-01 18:46:30,WEGE3,49.7,37.6,0,🟡 AGUARDAR,2.89,📈 ALTA,-1,RSI 38 baixo | SMA9<SMA21 | Acima SMA50 | MACD- | Bônus tendência | Macro -1 | LSTM +2.9% | MTF BAIXA (3/3) [maior:↓ medio:↓ menor:↓],0.031,-2.0
2026-10-01 18:46:30,ITSA4,14.4,55.0,2,🟢 COMPRAR (conf.),-1.58,📉 QUEDA,-1,RSI 55 alto (atenuado) | SMA9>SMA21 | Acima SMA50 | MACD+ | Bônus tendência | Macro -1 | LSTM -1.6% | MTF ALTA (3/3) [maior:↑ medio:↑ menor:↑],-0.035,2.0
2026-10-01 18:46:30,BBDC4,18.42,47.1,0,🚫 BLOQUEADO,-3.19,📉 QUEDA,-1,LSTM -3.2% (queda forte),0.019,2.0
2026-10-01 18:46:30,B3SA3,18.41,69.0,0,🚫 BLOQUEADO,-2.27,📉 QUEDA,-1,LSTM -2.3% (queda forte),-0.028,2.0
2026-10-01 18:46:30,PRIO3,61.53,40.7,2,🟢 COMPRAR (conf.),-0.57,📉 QUEDA,-1,RSI 41 baixo | SMA9<SMA21 | Acima SMA50 | MACD- | Bônus tendência | Macro -1 | MTF ALTA (2/3) [maior:↓ medio:↑ menor:↑],0.0,2.0
2026-10-01 18:46:30,ABEV3,15.38,42.6,-1,🟡 AGUARDAR,-0.83,📉 QUEDA,-1,RSI 43 baixo | SMA9<SMA21 | Abaixo SMA50 | MACD- | Macro -1 | MTF ALTA (2/3) [maior:↓ medio:↑ menor:↑],0.011,2.0
2026-10-01 19:11:23,BTC,84846.0,71.2,0,🚫 BLOQUEADO,-2.52,📉 QUEDA,-1,LSTM -2.5% (queda forte),0.027,2.0
2026-10-01 19:11:23,ETH,2704.49,57.6,3,🟢 COMPRAR,-0.52,📉 QUEDA,-1,RSI 58 alto | SMA9>SMA21 | Acima SMA50 | MACD+ | Macro -1 | MTF ALTA (2/3) [maior:↑ medio:↑ menor:↓],0.037,2.0
2026-10-01 19:11:23,SOL,118.48,51.5,-4,🔴 VENDER,1.81,📈 ALTA,-1,RSI 51 neutro | SMA9<SMA21 | Abaixo SMA50 | MACD- | Macro -1 | LSTM +1.8% | MTF BAIXA (2/3) [maior:↑ medio:↓ menor:↓],-0.013,-2.0
2026-10-01 19:11:23,BNB,770.05,67.1,2,🟡 AGUARDAR,-0.13,📉 QUEDA,-1,RSI 67 sobrecomprado | SMA9>SMA21 | Acima SMA50 | MACD+ | Macro -1 | MTF ALTA (3/3) [maior:↑ medio:↑ menor:↑],0.0,2.0
2026-10-01 19:11:23,ADA,0.2491,57.9,5,🟢 COMPRAR,2.8,📈 ALTA,-1,RSI 58 alto | SMA9>SMA21 | Acima SMA50 | MACD+ | Macro -1 | LSTM +2.8% | MTF ALTA (2/3) [maior:↑ medio:↑ menor:↓],0.0,2.0
2026-10-01 19:11:23,PETR4,49.85,54.8,0,🚫 BLOQUEADO,-3.34,📉 QUEDA,-1,LSTM -3.3% (queda forte),0.021,2.0
2026-10-01 19:11:23,VALE3,70.0,19.8,-4,🔴 VENDER,4.16,📈 ALTA,-1,RSI 20 sobrevendido (atenuado) | SMA9<SMA21 | Abaixo SMA50 | MACD- | Penalidade tendência | Macro -1 | LSTM +4.2% | MTF BAIXA (3/3) [maior:↓ medio:↓ menor:↓],0.011,-2.0
2026-10-01 19:11:23,ITUB4,43.97,59.2,0,🚫 BLOQUEADO,-4.67,📉 QUEDA,-1,LSTM -4.7% (queda forte),0.017,2.0
2026-10-01 19:11:23,BBAS3,22.99,54.9,0,🚫 BLOQUEADO,-5.83,📉 QUEDA,-1,LSTM -5.8% (queda forte),0.029,2.0
2026-10-01 19:11:23,WEGE3,49.67,37.3,0,🟡 AGUARDAR,2.95,📈 ALTA,-1,RSI 37 baixo | SMA9<SMA21 | Acima SMA50 | MACD- | Bônus tendência | Macro -1 | LSTM +3.0% | MTF BAIXA (3/3) [maior:↓ medio:↓ menor:↓],0.031,-2.0
2026-10-01 19:11:23,ITSA4,14.4,55.0,0,🟡 AGUARDAR,-1.58,📉 QUEDA,-1,RSI 55 alto (atenuado) | SMA9>SMA21 | Acima SMA50 | MACD- | Bônus tendência | Macro -1 | LSTM -1.6% | MTF ALTA (3/3) [maior:↑ medio:↑ menor:↑],-0.035,2.0
2026-10-01 19:11:23,BBDC4,18.41,47.0,0,🚫 BLOQUEADO,-3.13,📉 QUEDA,-1,LSTM -3.1% (queda forte),0.019,2.0
2026-10-01 19:11:23,B3SA3,18.43,69.2,0,🚫 BLOQUEADO,-2.38,📉 QUEDA,-1,LSTM -2.4% (queda forte),-0.028,2.0
2026-10-01 19:11:23,PRIO3,61.62,41.0,2,🟢 COMPRAR (conf.),-0.71,📉 QUEDA,-1,RSI 41 baixo | SMA9<SMA21 | Acima SMA50 | MACD- | Bônus tendência | Macro -1 | MTF ALTA (2/3) [maior:↓ medio:↑ menor:↑],0.0,2.0
2026-10-01 19:11:23,ABEV3,15.31,40.6,-1,🟡 AGUARDAR,-0.38,📉 QUEDA,-1,RSI 41 baixo | SMA9<SMA21 | Abaixo SMA50 | MACD- | Macro -1 | MTF ALTA (2/3) [maior:↓ medio:↑ menor:↑],0.011,2.0
2026-10-01 19:29:45,BTC,84598.48,69.5,0,🚫 BLOQUEADO,-2.25,📉 QUEDA,-1,LSTM -2.2% (queda forte),0.027,2.0
2026-10-01 19:29:45,ETH,2693.64,55.3,3,🟢 COMPRAR,-0.13,📉 QUEDA,-1,RSI 55 alto | SMA9>SMA21 | Acima SMA50 | MACD+ | Macro -1 | MTF ALTA (2/3) [maior:↑ medio:↑ menor:↓],0.037,2.0
2026-10-01 19:29:45,SOL,117.61,46.8,-4,🔴 VENDER,2.56,📈 ALTA,-1,RSI 47 neutro | SMA9<SMA21 | Abaixo SMA50 | MACD- | Macro -1 | LSTM +2.6% | MTF BAIXA (2/3) [maior:↑ medio:↓ menor:↓],-0.013,-2.0
2026-10-01 19:29:45,BNB,767.92,65.6,-1,🟡 AGUARDAR,0.15,📈 ALTA,-1,RSI 66 sobrecomprado | SMA9>SMA21 | Abaixo SMA50 | MACD+ | Penalidade tendência | Macro -1 | MTF ALTA (2/3) [maior:↑ medio:↑ menor:↓],0.0,2.0
2026-10-01 19:29:45,ADA,0.2466,54.2,3,🟢 COMPRAR,3.83,📈 ALTA,-1,RSI 54 neutro | SMA9>SMA21 | Abaixo SMA50 | MACD+ | Penalidade tendência | Macro -1 | LSTM +3.8% | MTF ALTA (2/3) [maior:↑ medio:↑ menor:↓],0.0,2.0
2026-10-01 19:29:45,PETR4,49.93,55.2,0,🚫 BLOQUEADO,-3.5,📉 QUEDA,-1,LSTM -3.5% (queda forte),0.021,2.0
2026-10-01 19:29:45,VALE3,70.2,20.9,-4,🔴 VENDER,3.86,📈 ALTA,-1,RSI 21 sobrevendido (atenuado) | SMA9<SMA21 | Abaixo SMA50 | MACD- | Penalidade tendência | Macro -1 | LSTM +3.9% | MTF BAIXA (3/3) [maior:↓ medio:↓ menor:↓],0.011,-2.0
2026-10-01 19:29:45,ITUB4,44.08,60.2,0,🚫 BLOQUEADO,-4.91,📉 QUEDA,-1,LSTM -4.9% (queda forte),0.017,2.0
2026-10-01 19:29:45,BBAS3,23.06,55.7,0,🚫 BLOQUEADO,-6.11,📉 QUEDA,-1,LSTM -6.1% (queda forte),0.029,2.0
2026-10-01 19:29:45,WEGE3,49.72,37.7,0,🟡 AGUARDAR,2.85,📈 ALTA,-1,RSI 38 baixo | SMA9<SMA21 | Acima SMA50 | MACD- | Bônus tendência | Macro -1 | LSTM +2.9% | MTF BAIXA (3/3) [maior:↓ medio:↓ menor:↓],0.031,-2.0
2026-10-01 19:29:45,ITSA4,14.44,56.1,2,🟢 COMPRAR (conf.),-1.86,📉 QUEDA,-1,RSI 56 alto (atenuado) | SMA9>SMA21 | Acima SMA50 | MACD+ | Bônus tendência | Macro -1 | LSTM -1.9% | MTF ALTA (3/3) [maior:↑ medio:↑ menor:↑],-0.035,2.0
2026-10-01 19:29:45,BBDC4,18.47,47.9,0,🚫 BLOQUEADO,-3.45,📉 QUEDA,-1,LSTM -3.5% (queda forte),0.019,2.0
2026-10-01 19:29:45,B3SA3,18.5,69.9,0,🚫 BLOQUEADO,-2.75,📉 QUEDA,-1,LSTM -2.8% (queda forte),-0.028,2.0
2026-10-01 19:29:45,PRIO3,61.55,40.7,2,🟢 COMPRAR (conf.),-0.59,📉 QUEDA,-1,RSI 41 baixo | SMA9<SMA21 | Acima SMA50 | MACD- | Bônus tendência | Macro -1 | MTF ALTA (2/3) [maior:↓ medio:↑ menor:↑],0.0,2.0
2026-10-01 19:29:45,ABEV3,15.35,41.6,-1,🟡 AGUARDAR,-0.64,📉 QUEDA,-1,RSI 42 baixo | SMA9<SMA21 | Abaixo SMA50 | MACD- | Macro -1 | MTF ALTA (2/3) [maior:↓ medio:↑ menor:↑],0.011,2.0
2026-10-01 19:45:51,BTC,84606.96,69.5,0,🚫 BLOQUEADO,-2.26,📉 QUEDA,-1,LSTM -2.3% (queda forte),0.027,2.0
2026-10-01 19:45:51,ETH,2696.8,56.0,3,🟢 COMPRAR,-0.24,📉 QUEDA,-1,RSI 56 alto | SMA9>SMA21 | Acima SMA50 | MACD+ | Macro -1 | MTF ALTA (2/3) [maior:↑ medio:↑ menor:↓],0.037,2.0
2026-10-01 19:45:51,SOL,118.0,49.0,-4,🔴 VENDER,2.22,📈 ALTA,-1,RSI 49 neutro | SMA9<SMA21 | Abaixo SMA50 | MACD- | Macro -1 | LSTM +2.2% | MTF BAIXA (2/3) [maior:↑ medio:↓ menor:↓],-0.013,-2.0
2026-10-01 19:45:51,BNB,768.53,66.0,-1,🟡 AGUARDAR,0.07,📈 ALTA,-1,RSI 66 sobrecomprado | SMA9>SMA21 | Abaixo SMA50 | MACD+ | Penalidade tendência | Macro -1 | MTF ALTA (2/3) [maior:↑ medio:↑ menor:↓],0.0,2.0
2026-10-01 19:45:51,ADA,0.2469,54.7,3,🟢 COMPRAR,3.71,📈 ALTA,-1,RSI 55 neutro | SMA9>SMA21 | Abaixo SMA50 | MACD+ | Penalidade tendência | Macro -1 | LSTM +3.7% | MTF ALTA (2/3) [maior:↑ medio:↑ menor:↓],0.0,2.0
2026-10-01 19:45:51,PETR4,49.92,55.1,0,🚫 BLOQUEADO,-3.48,📉 QUEDA,-1,LSTM -3.5% (queda forte),0.021,2.0
2026-10-01 19:45:51,VALE3,70.12,20.5,-4,🔴 VENDER,3.98,📈 ALTA,-1,RSI 20 sobrevendido (atenuado) | SMA9<SMA21 | Abaixo SMA50 | MACD- | Penalidade tendência | Macro -1 | LSTM +4.0% | MTF BAIXA (3/3) [maior:↓ medio:↓ menor:↓],0.011,-2.0
2026-10-01 19:45:51,ITUB4,44.09,60.2,0,🚫 BLOQUEADO,-4.93,📉 QUEDA,-1,LSTM -4.9% (queda forte),0.017,2.0
2026-10-01 19:45:51,BBAS3,23.07,55.8,0,🚫 BLOQUEADO,-6.15,📉 QUEDA,-1,LSTM -6.2% (queda forte),0.029,2.0
2026-10-01 19:45:51,WEGE3,49.72,37.7,0,🟡 AGUARDAR,2.85,📈 ALTA,-1,RSI 38 baixo | SMA9<SMA21 | Acima SMA50 | MACD- | Bônus tendência | Macro -1 | LSTM +2.9% | MTF BAIXA (3/3) [maior:↓ medio:↓ menor:↓],0.031,-2.0
2026-10-01 19:45:51,ITSA4,14.44,56.1,2,🟢 COMPRAR (conf.),-1.86,📉 QUEDA,-1,RSI 56 alto (atenuado) | SMA9>SMA21 | Acima SMA50 | MACD+ | Bônus tendência | Macro -1 | LSTM -1.9% | MTF ALTA (3/3) [maior:↑ medio:↑ menor:↑],-0.035,2.0
2026-10-01 19:45:51,BBDC4,18.51,48.6,0,🚫 BLOQUEADO,-3.65,📉 QUEDA,-1,LSTM -3.6% (queda forte),0.019,2.0
2026-10-01 19:45:51,B3SA3,18.49,69.8,0,🚫 BLOQUEADO,-2.69,📉 QUEDA,-1,LSTM -2.7% (queda forte),-0.028,2.0
2026-10-01 19:45:51,PRIO3,61.46,40.4,2,🟢 COMPRAR (conf.),-0.45,📉 QUEDA,-1,RSI 40 baixo | SMA9<SMA21 | Acima SMA50 | MACD- | Bônus tendência | Macro -1 | MTF ALTA (2/3) [maior:↓ medio:↑ menor:↑],0.0,2.0
2026-10-01 19:45:51,ABEV3,15.37,42.2,-1,🟡 AGUARDAR,-0.77,📉 QUEDA,-1,RSI 42 baixo | SMA9<SMA21 | Abaixo SMA50 | MACD- | Macro -1 | MTF ALTA (2/3) [maior:↓ medio:↑ menor:↑],0.011,2.0
2026-10-01 19:57:39,BTC,84622.86,69.7,0,🚫 BLOQUEADO,-2.28,📉 QUEDA,0,LSTM -2.3% (queda forte),0.027,2.0
2026-10-01 19:57:39,ETH,2697.6,56.2,4,🟢 COMPRAR,-0.27,📉 QUEDA,0,RSI 56 alto | SMA9>SMA21 | Acima SMA50 | MACD+ | MTF ALTA (2/3) [maior:↑ medio:↑ menor:↓],0.037,2.0
2026-10-01 19:57:39,SOL,118.05,49.2,-3,🔴 VENDER,2.18,📈 ALTA,0,RSI 49 neutro | SMA9<SMA21 | Abaixo SMA50 | MACD- | LSTM +2.2% | MTF BAIXA (2/3) [maior:↑ medio:↓ menor:↓],-0.013,-2.0
2026-10-01 19:57:39,BNB,768.8,66.4,0,🟡 AGUARDAR,0.03,📈 ALTA,0,RSI 66 sobrecomprado | SMA9>SMA21 | Abaixo SMA50 | MACD+ | Penalidade tendência | MTF ALTA (2/3) [maior:↑ medio:↑ menor:↓],0.0,2.0
2026-10-01 19:57:39,ADA,0.2481,56.5,3,🟢 COMPRAR,3.22,📈 ALTA,0,RSI 57 alto | SMA9>SMA21 | Abaixo SMA50 | MACD+ | Penalidade tendência | LSTM +3.2% | MTF ALTA (2/3) [maior:↑ medio:↑ menor:↓],0.0,2.0
2026-10-01 19:57:39,PETR4,49.88,54.9,0,🚫 BLOQUEADO,-3.4,📉 QUEDA,0,LSTM -3.4% (queda forte),0.021,2.0
2026-10-01 19:57:39,VALE3,70.28,21.4,-3,🔴 VENDER,3.74,📈 ALTA,0,RSI 21 sobrevendido (atenuado) | SMA9<SMA21 | Abaixo SMA50 | MACD- | Penalidade tendência | LSTM +3.7% | MTF BAIXA (3/3) [maior:↓ medio:↓ menor:↓],0.011,-2.0
2026-10-01 19:57:39,ITUB4,44.06,60.0,0,🚫 BLOQUEADO,-4.87,📉 QUEDA,0,LSTM -4.9% (queda forte),0.017,2.0
2026-10-01 19:57:39,BBAS3,23.05,55.6,0,🚫 BLOQUEADO,-6.07,📉 QUEDA,0,LSTM -6.1% (queda forte),0.029,2.0
2026-10-01 19:57:39,WEGE3,49.82,38.6,1,🟡 AGUARDAR,2.64,📈 ALTA,0,RSI 39 baixo | SMA9<SMA21 | Acima SMA50 | MACD- | Bônus tendência | LSTM +2.6% | MTF BAIXA (3/3) [maior:↓ medio:↓ menor:↓],0.031,-2.0
2026-10-01 19:57:39,ITSA4,14.43,55.8,3,🟢 COMPRAR,-1.79,📉 QUEDA,0,RSI 56 alto (atenuado) | SMA9>SMA21 | Acima SMA50 | MACD+ | Bônus tendência | LSTM -1.8% | MTF ALTA (3/3) [maior:↑ medio:↑ menor:↑],-0.035,2.0
2026-10-01 19:57:39,BBDC4,18.49,48.3,0,🚫 BLOQUEADO,-3.55,📉 QUEDA,0,LSTM -3.5% (queda forte),0.019,2.0
2026-10-01 19:57:39,B3SA3,18.49,69.8,0,🚫 BLOQUEADO,-2.69,📉 QUEDA,0,LSTM -2.7% (queda forte),-0.028,2.0
2026-10-01 19:57:39,PRIO3,61.5,40.5,3,🟢 COMPRAR,-0.51,📉 QUEDA,0,RSI 41 baixo | SMA9<SMA21 | Acima SMA50 | MACD- | Bônus tendência | MTF ALTA (2/3) [maior:↓ medio:↑ menor:↑],0.0,2.0
2026-10-01 19:57:39,ABEV3,15.38,42.6,0,🟡 AGUARDAR,-0.83,📉 QUEDA,0,RSI 43 baixo | SMA9<SMA21 | Abaixo SMA50 | MACD- | MTF ALTA (2/3) [maior:↓ medio:↑ menor:↑],0.011,2.0
2026-10-01 20:11:54,BTC,84735.37,66.2,0,🚫 BLOQUEADO,-2.3,📉 QUEDA,0,LSTM -2.3% (queda forte),0.027,2.0
2026-10-01 20:11:54,ETH,2698.44,52.5,5,🟢 COMPRAR,-0.28,📉 QUEDA,0,RSI 53 neutro | SMA9>SMA21 | Acima SMA50 | MACD+ | MTF ALTA (2/3) [maior:↑ medio:↑ menor:↓],0.037,2.0
2026-10-01 20:11:54,SOL,118.25,47.1,-3,🔴 VENDER,1.91,📈 ALTA,0,RSI 47 neutro | SMA9<SMA21 | Abaixo SMA50 | MACD- | LSTM +1.9% | MTF BAIXA (2/3) [maior:↑ medio:↓ menor:↓],-0.013,-2.0
2026-10-01 20:11:54,BNB,769.43,65.7,0,🟡 AGUARDAR,-0.02,📉 QUEDA,0,RSI 66 sobrecomprado | SMA9>SMA21 | Abaixo SMA50 | MACD+ | Penalidade tendência | MTF ALTA (3/3) [maior:↑ medio:↑ menor:↑],0.0,2.0
2026-10-01 20:11:54,ADA,0.248,58.6,3,🟢 COMPRAR,3.27,📈 ALTA,0,RSI 59 alto | SMA9>SMA21 | Abaixo SMA50 | MACD+ | Penalidade tendência | LSTM +3.3% | MTF ALTA (2/3) [maior:↑ medio:↑ menor:↓],0.0,2.0
2026-10-01 20:11:54,PETR4,49.9,55.0,0,🚫 BLOQUEADO,-3.44,📉 QUEDA,0,LSTM -3.4% (queda forte),0.021,2.0
2026-10-01 20:11:54,VALE3,70.38,22.0,-3,🔴 VENDER,3.59,📈 ALTA,0,RSI 22 sobrevendido (atenuado) | SMA9<SMA21 | Abaixo SMA50 | MACD- | Penalidade tendência | LSTM +3.6% | MTF BAIXA (3/3) [maior:↓ medio:↓ menor:↓],0.011,-2.0
2026-10-01 20:11:54,ITUB4,44.14,60.7,0,🚫 BLOQUEADO,-5.04,📉 QUEDA,0,LSTM -5.0% (queda forte),0.017,2.0
2026-10-01 20:11:54,BBAS3,23.08,55.9,0,🚫 BLOQUEADO,-6.2,📉 QUEDA,0,LSTM -6.2% (queda forte),0.029,2.0
2026-10-01 20:11:54,WEGE3,49.67,37.3,1,🟡 AGUARDAR,2.95,📈 ALTA,0,RSI 37 baixo | SMA9<SMA21 | Acima SMA50 | MACD- | Bônus tendência | LSTM +3.0% | MTF BAIXA (3/3) [maior:↓ medio:↓ menor:↓],0.031,-2.0
2026-10-01 20:11:54,ITSA4,14.44,56.1,3,🟢 COMPRAR,-1.86,📉 QUEDA,0,RSI 56 alto (atenuado) | SMA9>SMA21 | Acima SMA50 | MACD+ | Bônus tendência | LSTM -1.9% | MTF ALTA (3/3) [maior:↑ medio:↑ menor:↑],-0.035,2.0
2026-10-01 20:11:54,BBDC4,18.53,49.0,0,🚫 BLOQUEADO,-3.76,📉 QUEDA,0,LSTM -3.8% (queda forte),0.019,2.0
2026-10-01 20:11:54,B3SA3,18.43,69.2,0,🚫 BLOQUEADO,-2.38,📉 QUEDA,0,LSTM -2.4% (queda forte),-0.028,2.0
2026-10-01 20:11:54,PRIO3,61.46,40.4,3,🟢 COMPRAR,-0.46,📉 QUEDA,0,RSI 40 baixo | SMA9<SMA21 | Acima SMA50 | MACD- | Bônus tendência | MTF ALTA (2/3) [maior:↓ medio:↑ menor:↑],0.0,2.0
2026-10-01 20:11:54,ABEV3,15.37,42.2,0,🟡 AGUARDAR,-0.77,📉 QUEDA,0,RSI 42 baixo | SMA9<SMA21 | Abaixo SMA50 | MACD- | MTF ALTA (2/3) [maior:↓ medio:↑ menor:↑],0.011,2.0
2026-10-01 21:11:11,BTC,84623.91,65.0,0,🚫 BLOQUEADO,-2.18,📉 QUEDA,0,LSTM -2.2% (queda forte),0.027,2.0
2026-10-01 21:11:11,ETH,2696.39,52.2,5,🟢 COMPRAR,-0.2,📉 QUEDA,0,RSI 52 neutro | SMA9>SMA21 | Acima SMA50 | MACD+ | MTF ALTA (2/3) [maior:↑ medio:↑ menor:↓],0.037,2.0
2026-10-01 21:11:11,SOL,118.0,45.7,-3,🔴 VENDER,2.17,📈 ALTA,0,RSI 46 neutro | SMA9<SMA21 | Abaixo SMA50 | MACD- | LSTM +2.2% | MTF BAIXA (2/3) [maior:↑ medio:↓ menor:↓],-0.013,-2.0
2026-10-01 21:11:11,BNB,770.08,66.2,3,🟢 COMPRAR,-0.1,📉 QUEDA,0,RSI 66 sobrecomprado | SMA9>SMA21 | Acima SMA50 | MACD+ | MTF ALTA (3/3) [maior:↑ medio:↑ menor:↑],0.0,2.0
2026-10-01 21:11:11,ADA,0.2471,56.9,3,🟢 COMPRAR,3.62,📈 ALTA,0,RSI 57 alto | SMA9>SMA21 | Abaixo SMA50 | MACD+ | Penalidade tendência | LSTM +3.6% | MTF ALTA (2/3) [maior:↑ medio:↑ menor:↓],0.0,2.0
2026-10-01 22:09:45,BTC,84684.81,65.8,0,🚫 BLOQUEADO,-2.25,📉 QUEDA,0,LSTM -2.2% (queda forte),0.027,2.0
2026-10-01 22:09:45,ETH,2696.35,52.2,5,🟢 COMPRAR,-0.2,📉 QUEDA,0,RSI 52 neutro | SMA9>SMA21 | Acima SMA50 | MACD+ | MTF ALTA (2/3) [maior:↑ medio:↑ menor:↓],0.037,2.0
2026-10-01 22:09:45,SOL,117.93,45.3,-3,🔴 VENDER,2.23,📈 ALTA,0,RSI 45 neutro | SMA9<SMA21 | Abaixo SMA50 | MACD- | LSTM +2.2% | MTF BAIXA (2/3) [maior:↑ medio:↓ menor:↓],-0.013,-2.0
2026-10-01 22:09:45,BNB,771.06,66.9,3,🟢 COMPRAR,-0.23,📉 QUEDA,0,RSI 67 sobrecomprado | SMA9>SMA21 | Acima SMA50 | MACD+ | MTF ALTA (3/3) [maior:↑ medio:↑ menor:↑],0.0,2.0
2026-10-01 22:09:45,ADA,0.2462,55.1,3,🟢 COMPRAR,4.02,📈 ALTA,0,RSI 55 alto | SMA9>SMA21 | Abaixo SMA50 | MACD+ | Penalidade tendência | LSTM +4.0% | MTF ALTA (2/3) [maior:↑ medio:↑ menor:↓],0.0,2.0
2026-10-01 23:08:50,BTC,84678.91,65.9,0,🚫 BLOQUEADO,-2.24,📉 QUEDA,0,LSTM -2.2% (queda forte),0.027,2.0
2026-10-01 23:08:50,ETH,2699.98,53.2,5,🟢 COMPRAR,-0.33,📉 QUEDA,0,RSI 53 neutro | SMA9>SMA21 | Acima SMA50 | MACD+ | MTF ALTA (3/3) [maior:↑ medio:↑ menor:↑],0.037,2.0
2026-10-01 23:08:50,SOL,118.14,46.4,-3,🔴 VENDER,2.05,📈 ALTA,0,RSI 46 neutro | SMA9<SMA21 | Abaixo SMA50 | MACD- | LSTM +2.0% | MTF BAIXA (2/3) [maior:↑ medio:↓ menor:↓],-0.013,-2.0
2026-10-01 23:08:50,BNB,770.1,66.2,3,🟢 COMPRAR,-0.1,📉 QUEDA,0,RSI 66 sobrecomprado | SMA9>SMA21 | Acima SMA50 | MACD+ | MTF ALTA (3/3) [maior:↑ medio:↑ menor:↑],0.0,2.0
2026-10-01 23:08:50,ADA,0.2454,53.7,4,🟢 COMPRAR,4.35,📈 ALTA,0,RSI 54 neutro | SMA9>SMA21 | Abaixo SMA50 | MACD+ | Penalidade tendência | LSTM +4.3% | MTF ALTA (2/3) [maior:↑ medio:↑ menor:↓],0.0,2.0
2026-10-02 00:23:24,BTC,84835.6,66.6,0,🚫 BLOQUEADO,-2.3,📉 QUEDA,0,LSTM -2.3% (queda forte),0.009,2.0
2026-10-02 00:23:24,ETH,2706.24,58.0,5,🟢 COMPRAR,-0.52,📉 QUEDA,0,RSI 58 alto (atenuado) | SMA9>SMA21 | Acima SMA50 | MACD+ | Bônus tendência | MTF ALTA (2/3) [maior:↑ medio:↑ menor:↓],0.051,2.0
2026-10-02 00:23:24,SOL,118.72,47.9,-1,🟡 AGUARDAR,1.47,📈 ALTA,0,RSI 48 neutro | SMA9<SMA21 | Abaixo SMA50 | MACD+ | LSTM +1.5% | MTF BAIXA (2/3) [maior:↑ medio:↓ menor:↓],-0.013,-2.0
2026-10-02 00:23:24,BNB,771.68,64.6,4,🟢 COMPRAR,-0.37,📉 QUEDA,0,RSI 65 alto | SMA9>SMA21 | Acima SMA50 | MACD+ | MTF ALTA (3/3) [maior:↑ medio:↑ menor:↑],0.0,2.0
2026-10-02 00:23:24,ADA,0.2463,53.2,5,🟢 COMPRAR,3.99,📈 ALTA,0,RSI 53 neutro | SMA9>SMA21 | Abaixo SMA50 | MACD+ | LSTM +4.0% | MTF ALTA (2/3) [maior:↑ medio:↑ menor:↓],0.0,2.0
2026-10-02 01:16:47,BTC,84629.49,63.7,0,🚫 BLOQUEADO,-2.08,📉 QUEDA,0,LSTM -2.1% (queda forte),0.009,2.0
2026-10-02 01:16:47,ETH,2702.84,57.2,4,🟢 COMPRAR,-0.4,📉 QUEDA,0,RSI 57 alto | SMA9>SMA21 | Acima SMA50 | MACD+ | MTF ALTA (2/3) [maior:↑ medio:↑ menor:↓],0.051,2.0
2026-10-02 01:16:47,SOL,118.75,48.1,3,🟢 COMPRAR,1.44,📈 ALTA,0,RSI 48 neutro | SMA9<SMA21 | Abaixo SMA50 | MACD+ | LSTM +1.4% | MTF ALTA (2/3) [maior:↑ medio:↓ menor:↑],-0.013,2.0
2026-10-02 01:16:47,BNB,769.96,63.3,4,🟢 COMPRAR,-0.15,📉 QUEDA,0,RSI 63 alto | SMA9>SMA21 | Acima SMA50 | MACD+ | MTF ALTA (3/3) [maior:↑ medio:↑ menor:↑],0.0,2.0
2026-10-02 01:16:47,ADA,0.2453,51.5,3,🟢 COMPRAR,4.39,📈 ALTA,0,RSI 51 neutro | SMA9>SMA21 | Abaixo SMA50 | MACD- | LSTM +4.4% | MTF ALTA (2/3) [maior:↑ medio:↑ menor:↓],0.0,2.0
2026-10-02 03:16:15,BTC,85296.15,70.3,0,🚫 BLOQUEADO,-2.8,📉 QUEDA,0,LSTM -2.8% (queda forte),0.009,2.0
2026-10-02 03:16:15,ETH,2717.28,60.5,5,🟢 COMPRAR,-0.89,📉 QUEDA,0,RSI 61 alto (atenuado) | SMA9>SMA21 | Acima SMA50 | MACD+ | Bônus tendência | MTF ALTA (3/3) [maior:↑ medio:↑ menor:↑],0.051,2.0
2026-10-02 03:16:15,SOL,120.03,54.6,3,🟢 COMPRAR,0.41,📈 ALTA,0,RSI 55 neutro | SMA9<SMA21 | Acima SMA50 | MACD+ | MTF ALTA (2/3) [maior:↑ medio:↓ menor:↑],-0.013,2.0
2026-10-02 03:16:15,BNB,774.58,66.9,3,🟢 COMPRAR,-0.72,📉 QUEDA,0,RSI 67 sobrecomprado | SMA9>SMA21 | Acima SMA50 | MACD+ | MTF ALTA (3/3) [maior:↑ medio:↑ menor:↑],0.0,2.0
2026-10-02 03:16:15,ADA,0.2491,57.3,4,🟢 COMPRAR,2.82,📈 ALTA,0,RSI 57 alto | SMA9>SMA21 | Abaixo SMA50 | MACD+ | LSTM +2.8% | MTF ALTA (2/3) [maior:↑ medio:↑ menor:↓],0.0,2.0
2026-10-02 09:17:04,BTC,86200.89,81.7,0,🚫 BLOQUEADO,-3.38,📉 QUEDA,0,LSTM -3.4% (queda forte),0.009,2.0
2026-10-02 09:17:04,ETH,2751.49,68.0,3,🟢 COMPRAR,-1.89,📉 QUEDA,0,RSI 68 sobrecomprado (atenuado) | SMA9>SMA21 | Acima SMA50 | MACD+ | Banda sup (força) | Bônus tendência | LSTM -1.9% | MTF ALTA (3/3) [maior:↑ medio:↑ menor:↑],0.051,2.0
2026-10-02 09:17:04,SOL,122.03,65.4,1,🟡 AGUARDAR,-1.2,📉 QUEDA,0,RSI 65 sobrecomprado | SMA9>SMA21 | Acima SMA50 | MACD+ | LSTM -1.2% | MTF ALTA (3/3) [maior:↑ medio:↑ menor:↑],-0.013,2.0
2026-10-02 09:17:04,BNB,776.83,68.8,3,🟢 COMPRAR,-0.88,📉 QUEDA,0,RSI 69 sobrecomprado | SMA9>SMA21 | Acima SMA50 | MACD+ | MTF ALTA (3/3) [maior:↑ medio:↑ menor:↑],0.0,2.0
2026-10-02 09:17:04,ADA,0.256,65.6,3,🟢 COMPRAR,0.24,📈 ALTA,0,RSI 66 sobrecomprado | SMA9>SMA21 | Acima SMA50 | MACD+ | MTF ALTA (3/3) [maior:↑ medio:↑ menor:↑],0.0,2.0
2026-10-02 10:15:44,BTC,86325.0,82.1,0,🚫 BLOQUEADO,-3.51,📉 QUEDA,0,LSTM -3.5% (queda forte),0.009,2.0
2026-10-02 10:15:44,ETH,2742.47,66.3,3,🟢 COMPRAR,-1.58,📉 QUEDA,0,RSI 66 sobrecomprado (atenuado) | SMA9>SMA21 | Acima SMA50 | MACD+ | Bônus tendência | LSTM -1.6% | MTF ALTA (3/3) [maior:↑ medio:↑ menor:↑],0.051,2.0
2026-10-02 10:15:44,SOL,121.6,64.0,4,🟢 COMPRAR,-0.89,📉 QUEDA,0,RSI 64 alto | SMA9>SMA21 | Acima SMA50 | MACD+ | MTF ALTA (3/3) [maior:↑ medio:↑ menor:↑],-0.013,2.0
2026-10-02 10:15:44,BNB,775.96,68.0,3,🟢 COMPRAR,-0.77,📉 QUEDA,0,RSI 68 sobrecomprado | SMA9>SMA21 | Acima SMA50 | MACD+ | MTF ALTA (3/3) [maior:↑ medio:↑ menor:↑],0.0,2.0
2026-10-02 10:15:44,ADA,0.2562,65.6,3,🟢 COMPRAR,0.15,📈 ALTA,0,RSI 66 sobrecomprado | SMA9>SMA21 | Acima SMA50 | MACD+ | MTF ALTA (3/3) [maior:↑ medio:↑ menor:↑],0.0,2.0
2026-10-02 11:07:54,BTC,86409.54,82.5,0,🚫 BLOQUEADO,-3.6,📉 QUEDA,0,LSTM -3.6% (queda forte),0.009,2.0
2026-10-02 11:07:54,ETH,2747.8,67.4,3,🟢 COMPRAR,-1.76,📉 QUEDA,0,RSI 67 sobrecomprado (atenuado) | SMA9>SMA21 | Acima SMA50 | MACD+ | Bônus tendência | LSTM -1.8% | MTF ALTA (3/3) [maior:↑ medio:↑ menor:↑],0.051,2.0
2026-10-02 11:07:54,SOL,122.26,66.0,1,🟡 AGUARDAR,-1.38,📉 QUEDA,0,RSI 66 sobrecomprado | SMA9>SMA21 | Acima SMA50 | MACD+ | LSTM -1.4% | MTF ALTA (3/3) [maior:↑ medio:↑ menor:↑],-0.013,2.0
2026-10-02 11:07:54,BNB,776.64,68.6,3,🟢 COMPRAR,-0.85,📉 QUEDA,0,RSI 69 sobrecomprado | SMA9>SMA21 | Acima SMA50 | MACD+ | MTF ALTA (3/3) [maior:↑ medio:↑ menor:↑],0.0,2.0
2026-10-02 11:07:54,ADA,0.2567,66.2,3,🟢 COMPRAR,-0.01,📉 QUEDA,0,RSI 66 sobrecomprado | SMA9>SMA21 | Acima SMA50 | MACD+ | MTF ALTA (3/3) [maior:↑ medio:↑ menor:↑],0.0,2.0
2026-10-02 11:42:02,BTC,86466.93,82.6,0,🚫 BLOQUEADO,-3.66,📉 QUEDA,0,LSTM -3.7% (queda forte),0.009,2.0
2026-10-02 11:42:02,ETH,2748.4,67.3,3,🟢 COMPRAR,-1.78,📉 QUEDA,0,RSI 67 sobrecomprado (atenuado) | SMA9>SMA21 | Acima SMA50 | MACD+ | Bônus tendência | LSTM -1.8% | MTF ALTA (3/3) [maior:↑ medio:↑ menor:↑],0.051,2.0
2026-10-02 11:42:02,SOL,122.01,65.5,1,🟡 AGUARDAR,-1.22,📉 QUEDA,0,RSI 65 sobrecomprado | SMA9>SMA21 | Acima SMA50 | MACD+ | LSTM -1.2% | MTF ALTA (3/3) [maior:↑ medio:↑ menor:↑],-0.013,2.0
2026-10-02 11:42:02,BNB,778.38,69.8,1,🟡 AGUARDAR,-1.07,📉 QUEDA,0,RSI 70 sobrecomprado | SMA9>SMA21 | Acima SMA50 | MACD+ | LSTM -1.1% | MTF ALTA (3/3) [maior:↑ medio:↑ menor:↑],0.0,2.0
2026-10-02 11:42:02,ADA,0.2553,64.8,4,🟢 COMPRAR,0.53,📈 ALTA,0,RSI 65 alto | SMA9>SMA21 | Acima SMA50 | MACD+ | MTF ALTA (3/3) [maior:↑ medio:↑ menor:↑],0.0,2.0
2026-10-02 12:10:10,BTC,86437.0,79.6,0,🚫 BLOQUEADO,-3.39,📉 QUEDA,0,LSTM -3.4% (queda forte),0.009,2.0
2026-10-02 12:10:10,ETH,2746.57,63.1,3,🟢 COMPRAR,-1.58,📉 QUEDA,0,RSI 63 alto (atenuado) | SMA9>SMA21 | Acima SMA50 | MACD+ | Bônus tendência | LSTM -1.6% | MTF ALTA (3/3) [maior:↑ medio:↑ menor:↑],0.051,2.0
2026-10-02 12:10:10,SOL,121.87,61.5,2,🟡 AGUARDAR,-1.07,📉 QUEDA,0,RSI 61 alto | SMA9>SMA21 | Acima SMA50 | MACD+ | LSTM -1.1% | MTF ALTA (3/3) [maior:↑ medio:↑ menor:↑],-0.013,2.0
2026-10-02 12:10:10,BNB,778.18,61.0,4,🟢 COMPRAR,-0.99,📉 QUEDA,0,RSI 61 alto | SMA9>SMA21 | Acima SMA50 | MACD+ | MTF ALTA (3/3) [maior:↑ medio:↑ menor:↑],0.0,2.0
2026-10-02 12:10:10,ADA,0.2554,60.6,4,🟢 COMPRAR,0.59,📈 ALTA,0,RSI 61 alto | SMA9>SMA21 | Acima SMA50 | MACD+ | MTF ALTA (3/3) [maior:↑ medio:↑ menor:↑],0.0,2.0
2026-10-02 12:47:37,BTC,86647.3,80.7,0,🚫 BLOQUEADO,-3.61,📉 QUEDA,0,LSTM -3.6% (queda forte),0.0,2.0
2026-10-02 12:47:37,ETH,2747.65,63.3,3,🟢 COMPRAR,-1.61,📉 QUEDA,0,RSI 63 alto (atenuado) | SMA9>SMA21 | Acima SMA50 | MACD+ | Bônus tendência | LSTM -1.6% | MTF ALTA (3/3) [maior:↑ medio:↑ menor:↑],0.0,2.0
2026-10-02 12:47:37,SOL,122.12,62.2,2,🟡 AGUARDAR,-1.24,📉 QUEDA,0,RSI 62 alto | SMA9>SMA21 | Acima SMA50 | MACD+ | LSTM -1.2% | MTF ALTA (3/3) [maior:↑ medio:↑ menor:↑],0.0,2.0
2026-10-02 12:47:37,BNB,779.37,62.2,2,🟡 AGUARDAR,-1.14,📉 QUEDA,0,RSI 62 alto | SMA9>SMA21 | Acima SMA50 | MACD+ | LSTM -1.1% | MTF ALTA (3/3) [maior:↑ medio:↑ menor:↑],0.0,2.0
2026-10-02 12:47:37,ADA,0.2567,62.1,4,🟢 COMPRAR,0.09,📈 ALTA,0,RSI 62 alto | SMA9>SMA21 | Acima SMA50 | MACD+ | MTF ALTA (3/3) [maior:↑ medio:↑ menor:↑],0.0,2.0
2026-10-02 12:47:37,PETR4,49.9,55.0,0,🚫 BLOQUEADO,-3.44,📉 QUEDA,0,LSTM -3.4% (queda forte),-0.006,2.0
2026-10-02 12:47:37,VALE3,70.38,22.0,-3,🔴 VENDER,3.59,📈 ALTA,0,RSI 22 sobrevendido (atenuado) | SMA9<SMA21 | Abaixo SMA50 | MACD- | Penalidade tendência | LSTM +3.6% | MTF BAIXA (3/3) [maior:↓ medio:↓ menor:↓],-0.013,-2.0
2026-10-02 12:47:37,ITUB4,44.14,60.7,0,🚫 BLOQUEADO,-5.04,📉 QUEDA,0,LSTM -5.0% (queda forte),0.033,2.0
2026-10-02 12:47:37,BBAS3,23.08,55.9,0,🚫 BLOQUEADO,-6.19,📉 QUEDA,0,LSTM -6.2% (queda forte),0.022,2.0
2026-10-02 12:47:37,WEGE3,49.64,37.0,1,🟡 AGUARDAR,3.01,📈 ALTA,0,RSI 37 baixo | SMA9<SMA21 | Acima SMA50 | MACD- | Bônus tendência | LSTM +3.0% | MTF BAIXA (3/3) [maior:↓ medio:↓ menor:↓],-0.008,-2.0
2026-10-02 12:47:37,ITSA4,14.44,56.1,3,🟢 COMPRAR,-1.86,📉 QUEDA,0,RSI 56 alto (atenuado) | SMA9>SMA21 | Acima SMA50 | MACD+ | Bônus tendência | LSTM -1.9% | MTF ALTA (3/3) [maior:↑ medio:↑ menor:↑],-0.046,2.0
2026-10-02 12:47:37,BBDC4,18.53,49.0,0,🚫 BLOQUEADO,-3.76,📉 QUEDA,0,LSTM -3.8% (queda forte),0.03,2.0
2026-10-02 12:47:37,B3SA3,18.43,69.2,0,🚫 BLOQUEADO,-2.38,📉 QUEDA,0,LSTM -2.4% (queda forte),-0.028,2.0
2026-10-02 12:47:37,PRIO3,61.46,40.4,3,🟢 COMPRAR,-0.45,📉 QUEDA,0,RSI 40 baixo | SMA9<SMA21 | Acima SMA50 | MACD- | Bônus tendência | MTF ALTA (2/3) [maior:↓ medio:↑ menor:↑],0.0,2.0
2026-10-02 12:47:37,ABEV3,15.37,42.2,0,🟡 AGUARDAR,-0.77,📉 QUEDA,0,RSI 42 baixo | SMA9<SMA21 | Abaixo SMA50 | MACD- | MTF ALTA (2/3) [maior:↓ medio:↑ menor:↑],0.024,2.0
2026-10-02 13:12:54,BTC,86673.82,80.8,0,🚫 BLOQUEADO,-3.64,📉 QUEDA,0,LSTM -3.6% (queda forte),0.009,2.0
2026-10-02 13:12:54,ETH,2750.74,63.8,3,🟢 COMPRAR,-1.72,📉 QUEDA,0,RSI 64 alto (atenuado) | SMA9>SMA21 | Acima SMA50 | MACD+ | Bônus tendência | LSTM -1.7% | MTF ALTA (3/3) [maior:↑ medio:↑ menor:↑],0.051,2.0
2026-10-02 13:12:54,SOL,122.37,63.3,2,🟡 AGUARDAR,-1.47,📉 QUEDA,0,RSI 63 alto | SMA9>SMA21 | Acima SMA50 | MACD+ | LSTM -1.5% | MTF ALTA (3/3) [maior:↑ medio:↑ menor:↑],-0.013,2.0
2026-10-02 13:12:54,BNB,781.38,64.0,2,🟡 AGUARDAR,-1.38,📉 QUEDA,0,RSI 64 alto | SMA9>SMA21 | Acima SMA50 | MACD+ | LSTM -1.4% | MTF ALTA (3/3) [maior:↑ medio:↑ menor:↑],0.0,2.0
2026-10-02 13:12:54,ADA,0.2565,61.8,4,🟢 COMPRAR,0.18,📈 ALTA,0,RSI 62 alto | SMA9>SMA21 | Acima SMA50 | MACD+ | MTF ALTA (3/3) [maior:↑ medio:↑ menor:↑],0.0,2.0
2026-10-02 13:12:54,PETR4,49.9,55.0,0,🚫 BLOQUEADO,-3.44,📉 QUEDA,0,LSTM -3.4% (queda forte),-0.006,2.0
2026-10-02 13:12:54,VALE3,70.38,22.0,-3,🔴 VENDER,3.59,📈 ALTA,0,RSI 22 sobrevendido (atenuado) | SMA9<SMA21 | Abaixo SMA50 | MACD- | Penalidade tendência | LSTM +3.6% | MTF BAIXA (2/2) [maior:↓ medio:↓],-0.013,-2.0
2026-10-02 13:12:54,ITUB4,44.14,60.7,0,🚫 BLOQUEADO,-5.04,📉 QUEDA,0,LSTM -5.0% (queda forte),0.033,2.0
2026-10-02 13:12:54,BBAS3,23.08,55.9,0,🚫 BLOQUEADO,-6.2,📉 QUEDA,0,LSTM -6.2% (queda forte),0.022,0.0
2026-10-02 13:12:54,WEGE3,49.64,37.0,1,🟡 AGUARDAR,3.01,📈 ALTA,0,RSI 37 baixo | SMA9<SMA21 | Acima SMA50 | MACD- | Bônus tendência | LSTM +3.0% | MTF BAIXA (2/2) [maior:↓ medio:↓],-0.008,-2.0
2026-10-02 13:12:54,ITSA4,14.44,56.1,3,🟢 COMPRAR,-1.86,📉 QUEDA,0,RSI 56 alto (atenuado) | SMA9>SMA21 | Acima SMA50 | MACD+ | Bônus tendência | LSTM -1.9% | MTF ALTA (2/2) [maior:↑ medio:↑],-0.046,2.0
2026-10-02 13:12:54,BBDC4,18.53,49.0,0,🚫 BLOQUEADO,-3.76,📉 QUEDA,0,LSTM -3.8% (queda forte),0.03,0.0
2026-10-02 13:12:54,B3SA3,18.43,69.2,0,🚫 BLOQUEADO,-2.38,📉 QUEDA,0,LSTM -2.4% (queda forte),-0.028,2.0
2026-10-02 13:12:54,PRIO3,61.46,40.4,1,🟡 AGUARDAR,-0.46,📉 QUEDA,0,RSI 40 baixo | SMA9<SMA21 | Acima SMA50 | MACD- | Bônus tendência,0.0,0.0
2026-10-02 13:12:54,ABEV3,15.37,42.2,-2,🟡 AGUARDAR,-0.77,📉 QUEDA,0,RSI 42 baixo | SMA9<SMA21 | Abaixo SMA50 | MACD-,0.024,0.0
2026-10-02 13:33:40,BTC,86799.03,81.1,0,🚫 BLOQUEADO,-3.87,📉 QUEDA,1,LSTM -3.9% (queda forte),0.009,2.0
2026-10-02 13:33:40,ETH,2759.12,65.4,0,🚫 BLOQUEADO,-2.01,📉 QUEDA,1,LSTM -2.0% (queda forte),0.051,2.0
2026-10-02 13:33:40,SOL,122.77,64.5,3,🟢 COMPRAR,-1.79,📉 QUEDA,1,RSI 64 alto | SMA9>SMA21 | Acima SMA50 | MACD+ | Macro +1 | LSTM -1.8% | MTF ALTA (3/3) [maior:↑ medio:↑ menor:↑],-0.013,2.0
2026-10-02 13:33:40,BNB,781.7,64.4,3,🟢 COMPRAR,-1.43,📉 QUEDA,1,RSI 64 alto | SMA9>SMA21 | Acima SMA50 | MACD+ | Macro +1 | LSTM -1.4% | MTF ALTA (3/3) [maior:↑ medio:↑ menor:↑],0.0,2.0
2026-10-02 13:33:40,ADA,0.2572,62.6,5,🟢 COMPRAR,-0.08,📉 QUEDA,1,RSI 63 alto | SMA9>SMA21 | Acima SMA50 | MACD+ | Macro +1 | MTF ALTA (3/3) [maior:↑ medio:↑ menor:↑],0.0,2.0
2026-10-02 13:33:40,PETR4,49.53,53.3,0,🚫 BLOQUEADO,-2.4,📉 QUEDA,1,LSTM -2.4% (queda forte),-0.006,2.0
2026-10-02 13:33:40,VALE3,70.91,30.6,2,🟡 AGUARDAR,2.41,📈 ALTA,1,RSI 31 sobrevendido (atenuado) | SMA9<SMA21 | Abaixo SMA50 | MACD- | Penalidade tendência | Macro +1 | LSTM +2.4% | MTF ALTA (2/3) [maior:↓ medio:↑ menor:↑],-0.013,2.0
2026-10-02 13:33:40,ITUB4,44.96,68.6,0,🚫 BLOQUEADO,-6.58,📉 QUEDA,1,LSTM -6.6% (queda forte),0.033,2.0
2026-10-02 13:33:40,BBAS3,23.51,63.7,0,🚫 BLOQUEADO,-7.0,📉 QUEDA,1,LSTM -7.0% (queda forte),0.022,2.0
2026-10-02 13:33:40,WEGE3,50.39,47.5,1,🟡 AGUARDAR,1.3,📈 ALTA,1,RSI 48 neutro | SMA9<SMA21 | Acima SMA50 | MACD- | Bônus tendência | Macro +1 | LSTM +1.3% | MTF BAIXA (3/3) [maior:↓ medio:↓ menor:↓],-0.008,-2.0
2026-10-02 13:33:40,ITSA4,14.69,64.8,0,🚫 BLOQUEADO,-3.43,📉 QUEDA,1,LSTM -3.4% (queda forte),-0.046,2.0
2026-10-02 13:33:40,BBDC4,18.85,58.8,0,🚫 BLOQUEADO,-5.19,📉 QUEDA,1,LSTM -5.2% (queda forte),0.03,2.0
2026-10-02 13:33:40,B3SA3,18.86,72.4,0,🚫 BLOQUEADO,-4.33,📉 QUEDA,1,LSTM -4.3% (queda forte),-0.028,2.0
2026-10-02 13:33:40,PRIO3,60.7,39.0,-3,🔴 VENDER,0.73,📈 ALTA,1,RSI 39 baixo | SMA9<SMA21 | Abaixo SMA50 | MACD- | Macro +1 | MTF BAIXA (3/3) [maior:↓ medio:↓ menor:↓],0.0,-2.0
2026-10-02 13:33:40,ABEV3,15.59,41.1,0,🚫 BLOQUEADO,-2.08,📉 QUEDA,1,LSTM -2.1% (queda forte),0.024,2.0
2026-10-02 13:57:51,BTC,86503.25,78.8,0,🚫 BLOQUEADO,-3.46,📉 QUEDA,0,LSTM -3.5% (queda forte),0.009,2.0
2026-10-02 13:57:51,ETH,2742.04,61.7,3,🟢 COMPRAR,-1.42,📉 QUEDA,0,RSI 62 alto (atenuado) | SMA9>SMA21 | Acima SMA50 | MACD+ | Bônus tendência | LSTM -1.4% | MTF ALTA (3/3) [maior:↑ medio:↑ menor:↑],0.051,2.0
2026-10-02 13:57:51,SOL,121.93,61.4,2,🟡 AGUARDAR,-1.12,📉 QUEDA,0,RSI 61 alto | SMA9>SMA21 | Acima SMA50 | MACD+ | LSTM -1.1% | MTF ALTA (3/3) [maior:↑ medio:↑ menor:↑],-0.013,2.0
2026-10-02 13:57:51,BNB,780.22,62.6,2,🟡 AGUARDAR,-1.24,📉 QUEDA,0,RSI 63 alto | SMA9>SMA21 | Acima SMA50 | MACD+ | LSTM -1.2% | MTF ALTA (3/3) [maior:↑ medio:↑ menor:↑],0.0,2.0
2026-10-02 13:57:51,ADA,0.255,59.8,4,🟢 COMPRAR,0.76,📈 ALTA,0,RSI 60 alto | SMA9>SMA21 | Acima SMA50 | MACD+ | MTF ALTA (3/3) [maior:↑ medio:↑ menor:↑],0.0,2.0
2026-10-02 13:57:51,PETR4,49.83,55.1,0,🚫 BLOQUEADO,-2.99,📉 QUEDA,0,LSTM -3.0% (queda forte),-0.006,2.0
2026-10-02 13:57:51,VALE3,70.92,30.6,1,🟡 AGUARDAR,2.4,📈 ALTA,0,RSI 31 sobrevendido (atenuado) | SMA9<SMA21 | Abaixo SMA50 | MACD- | Penalidade tendência | LSTM +2.4% | MTF ALTA (2/3) [maior:↓ medio:↑ menor:↑],-0.013,2.0
2026-10-02 13:57:51,ITUB4,43.82,61.3,0,🚫 BLOQUEADO,-4.15,📉 QUEDA,0,LSTM -4.2% (queda forte),0.033,2.0
2026-10-02 13:57:51,BBAS3,23.21,61.4,0,🚫 BLOQUEADO,-5.8,📉 QUEDA,0,LSTM -5.8% (queda forte),0.022,2.0
2026-10-02 13:57:51,WEGE3,50.24,46.4,0,🟡 AGUARDAR,1.61,📈 ALTA,0,RSI 46 neutro | SMA9<SMA21 | Acima SMA50 | MACD- | Bônus tendência | LSTM +1.6% | MTF BAIXA (3/3) [maior:↓ medio:↓ menor:↓],-0.008,-2.0
2026-10-02 13:57:51,ITSA4,14.37,58.1,1,🟡 AGUARDAR,-1.28,📉 QUEDA,0,RSI 58 alto (atenuado) | SMA9>SMA21 | Acima SMA50 | MACD- | Bônus tendência | LSTM -1.3% | MTF ALTA (3/3) [maior:↑ medio:↑ menor:↑],-0.046,2.0
2026-10-02 13:57:51,BBDC4,18.42,51.6,0,🚫 BLOQUEADO,-2.98,📉 QUEDA,0,LSTM -3.0% (queda forte),0.03,2.0
2026-10-02 13:57:51,B3SA3,18.52,69.2,0,🚫 BLOQUEADO,-2.57,📉 QUEDA,0,LSTM -2.6% (queda forte),-0.028,2.0
2026-10-02 13:57:51,PRIO3,60.87,39.5,-4,🔴 VENDER,0.45,📈 ALTA,0,RSI 40 baixo | SMA9<SMA21 | Abaixo SMA50 | MACD- | MTF BAIXA (3/3) [maior:↓ medio:↓ menor:↓],0.0,-2.0
2026-10-02 13:57:51,ABEV3,15.53,38.8,0,🟡 AGUARDAR,-1.7,📉 QUEDA,0,RSI 39 baixo | SMA9<SMA21 | Acima SMA50 | MACD- | LSTM -1.7% | MTF ALTA (2/3) [maior:↓ medio:↑ menor:↑],0.024,2.0
2026-10-02 14:15:48,BTC,86321.23,78.3,0,🚫 BLOQUEADO,-3.27,📉 QUEDA,0,LSTM -3.3% (queda forte),0.009,2.0
2026-10-02 14:15:48,ETH,2732.28,58.8,3,🟢 COMPRAR,-1.07,📉 QUEDA,0,RSI 59 alto (atenuado) | SMA9>SMA21 | Acima SMA50 | MACD+ | Bônus tendência | LSTM -1.1% | MTF ALTA (3/3) [maior:↑ medio:↑ menor:↑],0.051,2.0
2026-10-02 14:15:48,SOL,121.74,60.9,4,🟢 COMPRAR,-0.93,📉 QUEDA,0,RSI 61 alto | SMA9>SMA21 | Acima SMA50 | MACD+ | MTF ALTA (3/3) [maior:↑ medio:↑ menor:↑],-0.013,2.0
2026-10-02 14:15:48,BNB,779.4,62.1,2,🟡 AGUARDAR,-1.14,📉 QUEDA,0,RSI 62 alto | SMA9>SMA21 | Acima SMA50 | MACD+ | LSTM -1.1% | MTF ALTA (3/3) [maior:↑ medio:↑ menor:↑],0.0,2.0
2026-10-02 14:15:48,ADA,0.254,58.1,6,🟢 COMPRAR,1.16,📈 ALTA,0,RSI 58 alto | SMA9>SMA21 | Acima SMA50 | MACD+ | LSTM +1.2% | MTF ALTA (3/3) [maior:↑ medio:↑ menor:↑],0.0,2.0
2026-10-02 14:15:48,PETR4,50.15,56.7,0,🚫 BLOQUEADO,-3.61,📉 QUEDA,0,LSTM -3.6% (queda forte),-0.006,2.0
2026-10-02 14:15:48,VALE3,70.23,26.9,-3,🔴 VENDER,3.4,📈 ALTA,0,RSI 27 sobrevendido (atenuado) | SMA9<SMA21 | Abaixo SMA50 | MACD- | Penalidade tendência | LSTM +3.4% | MTF BAIXA (3/3) [maior:↓ medio:↓ menor:↓],-0.013,-2.0
2026-10-02 14:15:48,ITUB4,43.47,58.1,0,🚫 BLOQUEADO,-3.38,📉 QUEDA,0,LSTM -3.4% (queda forte),0.033,2.0
2026-10-02 14:15:48,BBAS3,23.1,60.5,0,🚫 BLOQUEADO,-5.35,📉 QUEDA,0,LSTM -5.3% (queda forte),0.022,2.0
2026-10-02 14:15:48,WEGE3,50.23,46.3,0,🟡 AGUARDAR,1.63,📈 ALTA,0,RSI 46 neutro | SMA9<SMA21 | Acima SMA50 | MACD- | Bônus tendência | LSTM +1.6% | MTF BAIXA (3/3) [maior:↓ medio:↓ menor:↓],-0.008,-2.0
2026-10-02 14:15:48,ITSA4,14.3,56.1,3,🟢 COMPRAR,-0.8,📉 QUEDA,0,RSI 56 alto (atenuado) | SMA9>SMA21 | Acima SMA50 | MACD- | Bônus tendência | MTF ALTA (3/3) [maior:↑ medio:↑ menor:↑],-0.046,2.0
2026-10-02 14:15:48,BBDC4,18.28,49.1,0,🚫 BLOQUEADO,-2.23,📉 QUEDA,0,LSTM -2.2% (queda forte),0.03,2.0
2026-10-02 14:15:48,B3SA3,18.43,68.3,0,🚫 BLOQUEADO,-2.1,📉 QUEDA,0,LSTM -2.1% (queda forte),-0.028,2.0
2026-10-02 14:15:48,PRIO3,60.98,39.8,-1,🟡 AGUARDAR,0.28,📈 ALTA,0,RSI 40 baixo | SMA9<SMA21 | Acima SMA50 | MACD- | Bônus tendência | MTF BAIXA (3/3) [maior:↓ medio:↓ menor:↓],0.0,-2.0
2026-10-02 14:15:48,ABEV3,15.55,39.6,0,🟡 AGUARDAR,-1.82,📉 QUEDA,0,RSI 40 baixo | SMA9<SMA21 | Acima SMA50 | MACD- | LSTM -1.8% | MTF ALTA (2/3) [maior:↓ medio:↑ menor:↑],0.024,2.0
2026-10-02 14:37:03,BTC,85879.83,71.0,0,🚫 BLOQUEADO,-2.79,📉 QUEDA,0,LSTM -2.8% (queda forte),0.009,2.0
2026-10-02 14:37:03,ETH,2723.4,56.3,5,🟢 COMPRAR,-0.76,📉 QUEDA,0,RSI 56 alto (atenuado) | SMA9>SMA21 | Acima SMA50 | MACD+ | Bônus tendência | MTF ALTA (3/3) [maior:↑ medio:↑ menor:↑],0.051,2.0
2026-10-02 14:37:03,SOL,121.26,58.2,4,🟢 COMPRAR,-0.54,📉 QUEDA,0,RSI 58 alto | SMA9>SMA21 | Acima SMA50 | MACD+ | MTF ALTA (3/3) [maior:↑ medio:↑ menor:↑],-0.013,2.0
2026-10-02 14:37:03,BNB,777.0,59.3,4,🟢 COMPRAR,-0.84,📉 QUEDA,0,RSI 59 alto | SMA9>SMA21 | Acima SMA50 | MACD+ | MTF ALTA (3/3) [maior:↑ medio:↑ menor:↑],0.0,2.0
2026-10-02 14:37:03,ADA,0.2534,57.1,6,🟢 COMPRAR,1.38,📈 ALTA,0,RSI 57 alto | SMA9>SMA21 | Acima SMA50 | MACD+ | LSTM +1.4% | MTF ALTA (3/3) [maior:↑ medio:↑ menor:↑],0.0,2.0
2026-10-02 14:37:03,PETR4,49.55,53.4,0,🚫 BLOQUEADO,-2.44,📉 QUEDA,0,LSTM -2.4% (queda forte),-0.006,2.0
2026-10-02 14:37:03,VALE3,70.86,30.3,1,🟡 AGUARDAR,2.48,📈 ALTA,0,RSI 30 sobrevendido (atenuado) | SMA9<SMA21 | Abaixo SMA50 | MACD- | Penalidade tendência | LSTM +2.5% | MTF ALTA (2/3) [maior:↓ medio:↑ menor:↑],-0.013,2.0
2026-10-02 14:37:03,ITUB4,43.53,58.7,0,🚫 BLOQUEADO,-3.51,📉 QUEDA,0,LSTM -3.5% (queda forte),0.033,2.0
2026-10-02 14:37:03,BBAS3,23.21,61.4,0,🚫 BLOQUEADO,-5.8,📉 QUEDA,0,LSTM -5.8% (queda forte),0.022,2.0
2026-10-02 14:37:03,WEGE3,49.91,43.8,1,🟡 AGUARDAR,2.28,📈 ALTA,0,RSI 44 baixo | SMA9<SMA21 | Acima SMA50 | MACD- | Bônus tendência | LSTM +2.3% | MTF BAIXA (3/3) [maior:↓ medio:↓ menor:↓],-0.008,-2.0
2026-10-02 14:37:03,ITSA4,14.31,56.4,-1,🟡 AGUARDAR,-0.87,📉 QUEDA,0,RSI 56 alto (atenuado) | SMA9>SMA21 | Acima SMA50 | MACD- | Bônus tendência | MTF BAIXA (2/3) [maior:↑ medio:↓ menor:↓],-0.046,-2.0
2026-10-02 14:37:03,BBDC4,18.39,51.1,0,🚫 BLOQUEADO,-2.82,📉 QUEDA,0,LSTM -2.8% (queda forte),0.03,2.0
2026-10-02 14:37:03,B3SA3,18.5,69.0,0,🚫 BLOQUEADO,-2.47,📉 QUEDA,0,LSTM -2.5% (queda forte),-0.028,2.0
2026-10-02 14:37:03,PRIO3,60.4,38.3,-2,🟡 AGUARDAR,1.24,📈 ALTA,0,RSI 38 baixo | SMA9<SMA21 | Abaixo SMA50 | MACD- | LSTM +1.2% | MTF BAIXA (3/3) [maior:↓ medio:↓ menor:↓],0.0,-2.0
2026-10-02 14:37:03,ABEV3,15.57,40.4,0,🟡 AGUARDAR,-1.95,📉 QUEDA,0,RSI 40 baixo | SMA9<SMA21 | Acima SMA50 | MACD- | LSTM -1.9% | MTF ALTA (2/3) [maior:↓ medio:↑ menor:↑],0.024,2.0
2026-10-02 14:58:39,BTC,85717.02,68.6,0,🚫 BLOQUEADO,-2.62,📉 QUEDA,0,LSTM -2.6% (queda forte),0.009,2.0
2026-10-02 14:58:39,ETH,2710.32,53.0,6,🟢 COMPRAR,-0.3,📉 QUEDA,0,RSI 53 neutro | SMA9>SMA21 | Acima SMA50 | MACD+ | Bônus tendência | MTF ALTA (3/3) [maior:↑ medio:↑ menor:↑],0.051,2.0
2026-10-02 14:58:39,SOL,120.67,55.2,4,🟢 COMPRAR,-0.06,📉 QUEDA,0,RSI 55 alto | SMA9>SMA21 | Acima SMA50 | MACD+ | MTF ALTA (3/3) [maior:↑ medio:↑ menor:↑],-0.013,2.0
2026-10-02 14:58:39,BNB,775.29,56.8,4,🟢 COMPRAR,-0.63,📉 QUEDA,0,RSI 57 alto | SMA9>SMA21 | Acima SMA50 | MACD+ | MTF ALTA (3/3) [maior:↑ medio:↑ menor:↑],0.0,2.0
2026-10-02 14:58:39,ADA,0.2526,55.8,6,🟢 COMPRAR,1.69,📈 ALTA,0,RSI 56 alto | SMA9>SMA21 | Acima SMA50 | MACD+ | LSTM +1.7% | MTF ALTA (3/3) [maior:↑ medio:↑ menor:↑],0.0,2.0
2026-10-02 14:58:39,PETR4,49.6,53.7,0,🚫 BLOQUEADO,-2.54,📉 QUEDA,0,LSTM -2.5% (queda forte),-0.006,2.0
2026-10-02 14:58:39,VALE3,70.93,30.7,1,🟡 AGUARDAR,2.38,📈 ALTA,0,RSI 31 sobrevendido (atenuado) | SMA9<SMA21 | Abaixo SMA50 | MACD- | Penalidade tendência | LSTM +2.4% | MTF ALTA (2/3) [maior:↓ medio:↑ menor:↑],-0.013,2.0
2026-10-02 14:58:39,ITUB4,43.69,60.1,0,🚫 BLOQUEADO,-3.86,📉 QUEDA,0,LSTM -3.9% (queda forte),0.033,2.0
2026-10-02 14:58:39,BBAS3,23.34,62.4,0,🚫 BLOQUEADO,-6.32,📉 QUEDA,0,LSTM -6.3% (queda forte),0.022,2.0
2026-10-02 14:58:39,WEGE3,50.25,46.5,0,🟡 AGUARDAR,1.59,📈 ALTA,0,RSI 46 neutro | SMA9<SMA21 | Acima SMA50 | MACD- | Bônus tendência | LSTM +1.6% | MTF BAIXA (3/3) [maior:↓ medio:↓ menor:↓],-0.008,-2.0
2026-10-02 14:58:39,ITSA4,14.33,56.9,-3,🔴 VENDER,-1.01,📉 QUEDA,0,RSI 57 alto (atenuado) | SMA9>SMA21 | Acima SMA50 | MACD- | Bônus tendência | LSTM -1.0% | MTF BAIXA (2/3) [maior:↑ medio:↓ menor:↓],-0.046,-2.0
2026-10-02 14:58:39,BBDC4,18.49,53.0,0,🚫 BLOQUEADO,-3.34,📉 QUEDA,0,LSTM -3.3% (queda forte),0.03,2.0
2026-10-02 14:58:39,B3SA3,18.61,70.1,0,🚫 BLOQUEADO,-3.05,📉 QUEDA,0,LSTM -3.0% (queda forte),-0.028,2.0
2026-10-02 14:58:39,PRIO3,60.66,38.9,-4,🔴 VENDER,0.81,📈 ALTA,0,RSI 39 baixo | SMA9<SMA21 | Abaixo SMA50 | MACD- | MTF BAIXA (3/3) [maior:↓ medio:↓ menor:↓],0.0,-2.0
2026-10-02 14:58:39,ABEV3,15.6,41.5,0,🚫 BLOQUEADO,-2.14,📉 QUEDA,0,LSTM -2.1% (queda forte),0.024,2.0
2026-10-02 15:18:13,BTC,85525.19,65.7,0,🚫 BLOQUEADO,-2.41,📉 QUEDA,0,LSTM -2.4% (queda forte),0.009,2.0
2026-10-02 15:18:13,ETH,2703.37,51.4,6,🟢 COMPRAR,-0.06,📉 QUEDA,0,RSI 51 neutro | SMA9>SMA21 | Acima SMA50 | MACD+ | Bônus tendência | MTF ALTA (3/3) [maior:↑ medio:↑ menor:↑],0.051,2.0
2026-10-02 15:18:13,SOL,120.01,52.2,5,🟢 COMPRAR,0.49,📈 ALTA,0,RSI 52 neutro | SMA9>SMA21 | Acima SMA50 | MACD+ | MTF ALTA (3/3) [maior:↑ medio:↑ menor:↑],-0.013,2.0
2026-10-02 15:18:13,BNB,773.84,54.8,5,🟢 COMPRAR,-0.44,📉 QUEDA,0,RSI 55 neutro | SMA9>SMA21 | Acima SMA50 | MACD+ | MTF ALTA (3/3) [maior:↑ medio:↑ menor:↑],0.0,2.0
2026-10-02 15:18:13,ADA,0.2519,54.6,7,🟢🟢 COMPRA FORTE,1.98,📈 ALTA,0,RSI 55 neutro | SMA9>SMA21 | Acima SMA50 | MACD+ | LSTM +2.0% | MTF ALTA (3/3) [maior:↑ medio:↑ menor:↑],0.0,2.0
2026-10-02 15:18:13,PETR4,49.58,53.6,0,🚫 BLOQUEADO,-2.5,📉 QUEDA,0,LSTM -2.5% (queda forte),-0.006,2.0
2026-10-02 15:18:13,VALE3,70.46,27.8,1,🟡 AGUARDAR,3.06,📈 ALTA,0,RSI 28 sobrevendido (atenuado) | SMA9<SMA21 | Abaixo SMA50 | MACD- | Penalidade tendência | LSTM +3.1% | MTF ALTA (2/3) [maior:↓ medio:↑ menor:↑],-0.013,2.0
2026-10-02 15:18:13,ITUB4,43.32,56.9,0,🚫 BLOQUEADO,-3.04,📉 QUEDA,0,LSTM -3.0% (queda forte),0.033,2.0
2026-10-02 15:18:13,BBAS3,23.05,60.0,0,🚫 BLOQUEADO,-5.14,📉 QUEDA,0,LSTM -5.1% (queda forte),0.022,2.0
2026-10-02 15:18:13,WEGE3,49.93,43.9,1,🟡 AGUARDAR,2.24,📈 ALTA,0,RSI 44 baixo | SMA9<SMA21 | Acima SMA50 | MACD- | Bônus tendência | LSTM +2.2% | MTF BAIXA (3/3) [maior:↓ medio:↓ menor:↓],-0.008,-2.0
2026-10-02 15:18:13,ITSA4,14.22,54.0,0,🟡 AGUARDAR,-0.24,📉 QUEDA,0,RSI 54 neutro | SMA9>SMA21 | Acima SMA50 | MACD- | Bônus tendência | MTF BAIXA (2/3) [maior:↑ medio:↓ menor:↓],-0.046,-2.0
2026-10-02 15:18:13,BBDC4,18.35,50.4,0,🚫 BLOQUEADO,-2.6,📉 QUEDA,0,LSTM -2.6% (queda forte),0.03,2.0
2026-10-02 15:18:13,B3SA3,18.48,68.8,0,🚫 BLOQUEADO,-2.36,📉 QUEDA,0,LSTM -2.4% (queda forte),-0.028,2.0
2026-10-02 15:18:13,PRIO3,60.58,38.7,-4,🔴 VENDER,0.94,📈 ALTA,0,RSI 39 baixo | SMA9<SMA21 | Abaixo SMA50 | MACD- | MTF BAIXA (3/3) [maior:↓ medio:↓ menor:↓],0.0,-2.0
2026-10-02 15:18:13,ABEV3,15.47,36.3,0,🟡 AGUARDAR,-1.32,📉 QUEDA,0,RSI 36 baixo | SMA9<SMA21 | Acima SMA50 | MACD- | LSTM -1.3% | MTF ALTA (2/3) [maior:↓ medio:↑ menor:↑],0.024,2.0
2026-10-02 15:44:48,BTC,85369.62,64.1,0,🚫 BLOQUEADO,-2.24,📉 QUEDA,0,LSTM -2.2% (queda forte),0.009,2.0
2026-10-02 15:44:48,ETH,2695.61,49.8,6,🟢 COMPRAR,0.23,📈 ALTA,0,RSI 50 neutro | SMA9>SMA21 | Acima SMA50 | MACD+ | Bônus tendência | MTF ALTA (3/3) [maior:↑ medio:↑ menor:↑],0.051,2.0
2026-10-02 15:44:48,SOL,119.96,52.0,5,🟢 COMPRAR,0.53,📈 ALTA,0,RSI 52 neutro | SMA9>SMA21 | Acima SMA50 | MACD+ | MTF ALTA (3/3) [maior:↑ medio:↑ menor:↑],-0.013,2.0
2026-10-02 15:44:48,BNB,774.03,54.9,5,🟢 COMPRAR,-0.47,📉 QUEDA,0,RSI 55 neutro | SMA9>SMA21 | Acima SMA50 | MACD+ | MTF ALTA (3/3) [maior:↑ medio:↑ menor:↑],0.0,2.0
2026-10-02 15:44:48,ADA,0.2515,54.1,7,🟢🟢 COMPRA FORTE,2.15,📈 ALTA,0,RSI 54 neutro | SMA9>SMA21 | Acima SMA50 | MACD+ | LSTM +2.1% | MTF ALTA (3/3) [maior:↑ medio:↑ menor:↑],0.0,2.0
2026-10-02 15:44:48,PETR4,49.65,54.0,0,🚫 BLOQUEADO,-2.64,📉 QUEDA,0,LSTM -2.6% (queda forte),-0.006,2.0
2026-10-02 15:44:48,VALE3,70.28,27.0,1,🟡 AGUARDAR,3.33,📈 ALTA,0,RSI 27 sobrevendido (atenuado) | SMA9<SMA21 | Abaixo SMA50 | MACD- | Penalidade tendência | LSTM +3.3% | MTF ALTA (2/3) [maior:↓ medio:↑ menor:↑],-0.013,2.0
2026-10-02 15:44:48,ITUB4,43.13,55.4,0,🚫 BLOQUEADO,-2.61,📉 QUEDA,0,LSTM -2.6% (queda forte),0.033,2.0
2026-10-02 15:44:48,BBAS3,23.0,59.3,0,🚫 BLOQUEADO,-4.94,📉 QUEDA,0,LSTM -4.9% (queda forte),0.022,2.0
2026-10-02 15:44:48,WEGE3,50.12,45.5,0,🟡 AGUARDAR,1.85,📈 ALTA,0,RSI 45 neutro | SMA9<SMA21 | Acima SMA50 | MACD- | Bônus tendência | LSTM +1.9% | MTF BAIXA (3/3) [maior:↓ medio:↓ menor:↓],-0.008,-2.0
2026-10-02 15:44:48,ITSA4,14.2,53.5,0,🟡 AGUARDAR,-0.1,📉 QUEDA,0,RSI 53 neutro | SMA9>SMA21 | Acima SMA50 | MACD- | Bônus tendência | MTF BAIXA (2/3) [maior:↑ medio:↓ menor:↓],-0.046,-2.0
2026-10-02 15:44:48,BBDC4,18.36,50.5,0,🚫 BLOQUEADO,-2.66,📉 QUEDA,0,LSTM -2.7% (queda forte),0.03,2.0
2026-10-02 15:44:48,B3SA3,18.47,68.7,0,🚫 BLOQUEADO,-2.31,📉 QUEDA,0,LSTM -2.3% (queda forte),-0.028,2.0
2026-10-02 15:44:48,PRIO3,61.14,40.3,-1,🟡 AGUARDAR,0.01,📈 ALTA,0,RSI 40 baixo | SMA9<SMA21 | Acima SMA50 | MACD- | Bônus tendência | MTF BAIXA (3/3) [maior:↓ medio:↓ menor:↓],0.0,-2.0
2026-10-02 15:44:48,ABEV3,15.39,32.6,1,🟡 AGUARDAR,-0.8,📉 QUEDA,0,RSI 33 sobrevendido | SMA9<SMA21 | Abaixo SMA50 | MACD- | MTF ALTA (2/3) [maior:↓ medio:↑ menor:↑],0.024,2.0
2026-10-02 15:59:59,BTC,85274.57,63.0,0,🚫 BLOQUEADO,-2.14,📉 QUEDA,0,LSTM -2.1% (queda forte),0.009,2.0
2026-10-02 15:59:59,ETH,2695.71,49.8,6,🟢 COMPRAR,0.22,📈 ALTA,0,RSI 50 neutro | SMA9>SMA21 | Acima SMA50 | MACD+ | Bônus tendência | MTF ALTA (3/3) [maior:↑ medio:↑ menor:↑],0.051,2.0
2026-10-02 15:59:59,SOL,119.87,51.7,5,🟢 COMPRAR,0.6,📈 ALTA,0,RSI 52 neutro | SMA9>SMA21 | Acima SMA50 | MACD+ | MTF ALTA (3/3) [maior:↑ medio:↑ menor:↑],-0.013,2.0
2026-10-02 15:59:59,BNB,773.12,53.9,5,🟢 COMPRAR,-0.35,📉 QUEDA,0,RSI 54 neutro | SMA9>SMA21 | Acima SMA50 | MACD+ | MTF ALTA (3/3) [maior:↑ medio:↑ menor:↑],0.0,2.0
2026-10-02 15:59:59,ADA,0.2518,54.6,7,🟢🟢 COMPRA FORTE,2.0,📈 ALTA,0,RSI 55 neutro | SMA9>SMA21 | Acima SMA50 | MACD+ | LSTM +2.0% | MTF ALTA (3/3) [maior:↑ medio:↑ menor:↑],0.0,2.0
2026-10-02 15:59:59,PETR4,49.84,55.1,0,🚫 BLOQUEADO,-3.01,📉 QUEDA,0,LSTM -3.0% (queda forte),-0.006,2.0
2026-10-02 15:59:59,VALE3,70.24,26.9,1,🟡 AGUARDAR,3.39,📈 ALTA,0,RSI 27 sobrevendido (atenuado) | SMA9<SMA21 | Abaixo SMA50 | MACD- | Penalidade tendência | LSTM +3.4% | MTF ALTA (2/3) [maior:↓ medio:↑ menor:↑],-0.013,2.0
2026-10-02 15:59:59,ITUB4,43.25,56.3,0,🚫 BLOQUEADO,-2.88,📉 QUEDA,0,LSTM -2.9% (queda forte),0.033,2.0
2026-10-02 15:59:59,BBAS3,23.07,60.2,0,🚫 BLOQUEADO,-5.23,📉 QUEDA,0,LSTM -5.2% (queda forte),0.022,2.0
2026-10-02 15:59:59,WEGE3,50.22,46.3,0,🟡 AGUARDAR,1.65,📈 ALTA,0,RSI 46 neutro | SMA9<SMA21 | Acima SMA50 | MACD- | Bônus tendência | LSTM +1.6% | MTF BAIXA (3/3) [maior:↓ medio:↓ menor:↓],-0.008,-2.0
2026-10-02 15:59:59,ITSA4,14.23,54.2,0,🟡 AGUARDAR,-0.31,📉 QUEDA,0,RSI 54 neutro | SMA9>SMA21 | Acima SMA50 | MACD- | Bônus tendência | MTF BAIXA (2/3) [maior:↑ medio:↓ menor:↓],-0.046,-2.0
2026-10-02 15:59:59,BBDC4,18.4,51.3,0,🚫 BLOQUEADO,-2.87,📉 QUEDA,0,LSTM -2.9% (queda forte),0.03,2.0
2026-10-02 15:59:59,B3SA3,18.51,69.1,0,🚫 BLOQUEADO,-2.52,📉 QUEDA,0,LSTM -2.5% (queda forte),-0.028,2.0
2026-10-02 15:59:59,PRIO3,61.14,40.3,-1,🟡 AGUARDAR,0.01,📈 ALTA,0,RSI 40 baixo | SMA9<SMA21 | Acima SMA50 | MACD- | Bônus tendência | MTF BAIXA (3/3) [maior:↓ medio:↓ menor:↓],0.0,-2.0
2026-10-02 15:59:59,ABEV3,15.44,35.0,1,🟡 AGUARDAR,-1.13,📉 QUEDA,0,RSI 35 sobrevendido | SMA9<SMA21 | Acima SMA50 | MACD- | LSTM -1.1% | MTF ALTA (2/3) [maior:↓ medio:↑ menor:↑],0.024,2.0
2026-10-02 16:19:13,BTC,85280.0,61.6,3,🟢 COMPRAR,-2.0,📉 QUEDA,0,RSI 62 alto (atenuado) | SMA9>SMA21 | Acima SMA50 | MACD+ | Bônus tendência | LSTM -2.0% | MTF ALTA (3/3) [maior:↑ medio:↑ menor:↑],0.009,2.0
2026-10-02 16:19:13,ETH,2697.56,53.5,6,🟢 COMPRAR,0.21,📈 ALTA,0,RSI 54 neutro | SMA9>SMA21 | Acima SMA50 | MACD+ | Bônus tendência | MTF ALTA (3/3) [maior:↑ medio:↑ menor:↑],0.051,2.0
2026-10-02 16:19:13,SOL,120.32,54.3,5,🟢 COMPRAR,0.25,📈 ALTA,0,RSI 54 neutro | SMA9>SMA21 | Acima SMA50 | MACD+ | MTF ALTA (3/3) [maior:↑ medio:↑ menor:↑],-0.013,2.0
2026-10-02 16:19:13,BNB,774.9,56.4,4,🟢 COMPRAR,-0.52,📉 QUEDA,0,RSI 56 alto | SMA9>SMA21 | Acima SMA50 | MACD+ | MTF ALTA (3/3) [maior:↑ medio:↑ menor:↑],0.0,2.0
2026-10-02 16:19:13,ADA,0.2539,59.5,6,🟢 COMPRAR,1.3,📈 ALTA,0,RSI 60 alto | SMA9>SMA21 | Acima SMA50 | MACD+ | LSTM +1.3% | MTF ALTA (3/3) [maior:↑ medio:↑ menor:↑],0.0,2.0
2026-10-02 16:19:13,PETR4,50.1,56.5,0,🚫 BLOQUEADO,-3.51,📉 QUEDA,0,LSTM -3.5% (queda forte),-0.006,2.0
2026-10-02 16:19:13,VALE3,70.26,27.0,1,🟡 AGUARDAR,3.36,📈 ALTA,0,RSI 27 sobrevendido (atenuado) | SMA9<SMA21 | Abaixo SMA50 | MACD- | Penalidade tendência | LSTM +3.4% | MTF ALTA (2/3) [maior:↓ medio:↑ menor:↑],-0.013,2.0
2026-10-02 16:19:13,ITUB4,43.37,57.3,0,🚫 BLOQUEADO,-3.15,📉 QUEDA,0,LSTM -3.1% (queda forte),0.033,2.0
2026-10-02 16:19:13,BBAS3,23.12,60.7,0,🚫 BLOQUEADO,-5.43,📉 QUEDA,0,LSTM -5.4% (queda forte),0.022,2.0
2026-10-02 16:19:13,WEGE3,50.19,46.0,4,🟢 COMPRAR,1.71,📈 ALTA,0,RSI 46 neutro | SMA9<SMA21 | Acima SMA50 | MACD- | Bônus tendência | LSTM +1.7% | MTF ALTA (2/3) [maior:↓ medio:↑ menor:↑],-0.008,2.0
2026-10-02 16:19:13,ITSA4,14.29,55.8,-1,🟡 AGUARDAR,-0.73,📉 QUEDA,0,RSI 56 alto (atenuado) | SMA9>SMA21 | Acima SMA50 | MACD- | Bônus tendência | MTF BAIXA (2/3) [maior:↑ medio:↓ menor:↓],-0.046,-2.0
2026-10-02 16:19:13,BBDC4,18.54,54.0,0,🚫 BLOQUEADO,-3.6,📉 QUEDA,0,LSTM -3.6% (queda forte),0.03,2.0
2026-10-02 16:19:13,B3SA3,18.51,69.1,0,🚫 BLOQUEADO,-2.52,📉 QUEDA,0,LSTM -2.5% (queda forte),-0.028,2.0
2026-10-02 16:19:13,PRIO3,61.28,40.7,-1,🟡 AGUARDAR,-0.21,📉 QUEDA,0,RSI 41 baixo | SMA9<SMA21 | Acima SMA50 | MACD- | Bônus tendência | MTF BAIXA (3/3) [maior:↓ medio:↓ menor:↓],0.0,-2.0
2026-10-02 16:19:13,ABEV3,15.44,35.0,1,🟡 AGUARDAR,-1.13,📉 QUEDA,0,RSI 35 sobrevendido | SMA9<SMA21 | Acima SMA50 | MACD- | LSTM -1.1% | MTF ALTA (2/3) [maior:↓ medio:↑ menor:↑],0.024,2.0
2026-10-02 16:45:01,BTC,85169.23,60.2,3,🟢 COMPRAR,-1.88,📉 QUEDA,0,RSI 60 alto (atenuado) | SMA9>SMA21 | Acima SMA50 | MACD+ | Bônus tendência | LSTM -1.9% | MTF ALTA (3/3) [maior:↑ medio:↑ menor:↑],0.009,2.0
2026-10-02 16:45:01,ETH,2691.82,52.2,6,🟢 COMPRAR,0.41,📈 ALTA,0,RSI 52 neutro | SMA9>SMA21 | Acima SMA50 | MACD+ | Bônus tendência | MTF ALTA (3/3) [maior:↑ medio:↑ menor:↑],0.051,2.0
2026-10-02 16:45:01,SOL,119.78,52.1,5,🟢 COMPRAR,0.7,📈 ALTA,0,RSI 52 neutro | SMA9>SMA21 | Acima SMA50 | MACD+ | MTF ALTA (3/3) [maior:↑ medio:↑ menor:↑],-0.013,2.0
2026-10-02 16:45:01,BNB,773.89,55.4,4,🟢 COMPRAR,-0.39,📉 QUEDA,0,RSI 55 alto | SMA9>SMA21 | Acima SMA50 | MACD+ | MTF ALTA (3/3) [maior:↑ medio:↑ menor:↑],0.0,2.0
2026-10-02 16:45:01,ADA,0.2526,58.0,6,🟢 COMPRAR,1.81,📈 ALTA,0,RSI 58 alto | SMA9>SMA21 | Acima SMA50 | MACD+ | LSTM +1.8% | MTF ALTA (3/3) [maior:↑ medio:↑ menor:↑],0.0,2.0
2026-10-02 16:45:01,PETR4,50.36,57.7,0,🚫 BLOQUEADO,-4.01,📉 QUEDA,0,LSTM -4.0% (queda forte),-0.006,2.0
2026-10-02 16:45:01,VALE3,70.33,27.2,1,🟡 AGUARDAR,3.25,📈 ALTA,0,RSI 27 sobrevendido (atenuado) | SMA9<SMA21 | Abaixo SMA50 | MACD- | Penalidade tendência | LSTM +3.2% | MTF ALTA (2/3) [maior:↓ medio:↑ menor:↑],-0.013,2.0
2026-10-02 16:45:01,ITUB4,43.6,59.3,0,🚫 BLOQUEADO,-3.66,📉 QUEDA,0,LSTM -3.7% (queda forte),0.033,2.0
2026-10-02 16:45:01,BBAS3,23.21,61.4,0,🚫 BLOQUEADO,-5.8,📉 QUEDA,0,LSTM -5.8% (queda forte),0.022,2.0
2026-10-02 16:45:01,WEGE3,50.34,47.2,4,🟢 COMPRAR,1.4,📈 ALTA,0,RSI 47 neutro | SMA9<SMA21 | Acima SMA50 | MACD- | Bônus tendência | LSTM +1.4% | MTF ALTA (2/3) [maior:↓ medio:↑ menor:↑],-0.008,2.0
2026-10-02 16:45:01,ITSA4,14.34,57.2,-3,🔴 VENDER,-1.08,📉 QUEDA,0,RSI 57 alto (atenuado) | SMA9>SMA21 | Acima SMA50 | MACD- | Bônus tendência | LSTM -1.1% | MTF BAIXA (2/3) [maior:↑ medio:↓ menor:↓],-0.046,-2.0
2026-10-02 16:45:01,BBDC4,18.62,55.3,0,🚫 BLOQUEADO,-4.02,📉 QUEDA,0,LSTM -4.0% (queda forte),0.03,2.0
2026-10-02 16:45:01,B3SA3,18.57,69.7,0,🚫 BLOQUEADO,-2.84,📉 QUEDA,0,LSTM -2.8% (queda forte),-0.028,2.0
2026-10-02 16:45:01,PRIO3,61.49,41.3,-1,🟡 AGUARDAR,-0.56,📉 QUEDA,0,RSI 41 baixo | SMA9<SMA21 | Acima SMA50 | MACD- | Bônus tendência | MTF BAIXA (3/3) [maior:↓ medio:↓ menor:↓],0.0,-2.0
2026-10-02 16:45:01,ABEV3,15.48,36.7,0,🟡 AGUARDAR,-1.38,📉 QUEDA,0,RSI 37 baixo | SMA9<SMA21 | Acima SMA50 | MACD- | LSTM -1.4% | MTF ALTA (2/3) [maior:↓ medio:↑ menor:↑],0.024,2.0
2026-10-02 16:59:21,BTC,85153.38,60.2,3,🟢 COMPRAR,-1.86,📉 QUEDA,0,RSI 60 alto (atenuado) | SMA9>SMA21 | Acima SMA50 | MACD+ | Bônus tendência | LSTM -1.9% | MTF ALTA (3/3) [maior:↑ medio:↑ menor:↑],0.009,2.0
2026-10-02 16:59:21,ETH,2689.15,51.6,1,🟡 AGUARDAR,0.51,📈 ALTA,0,RSI 52 neutro | SMA9>SMA21 | Abaixo SMA50 | MACD- | MTF ALTA (3/3) [maior:↑ medio:↑ menor:↑],0.051,2.0
2026-10-02 16:59:21,SOL,119.94,52.8,5,🟢 COMPRAR,0.57,📈 ALTA,0,RSI 53 neutro | SMA9>SMA21 | Acima SMA50 | MACD+ | MTF ALTA (3/3) [maior:↑ medio:↑ menor:↑],-0.013,2.0
2026-10-02 16:59:21,BNB,773.68,55.2,4,🟢 COMPRAR,-0.36,📉 QUEDA,0,RSI 55 alto | SMA9>SMA21 | Acima SMA50 | MACD+ | MTF ALTA (3/3) [maior:↑ medio:↑ menor:↑],0.0,2.0
2026-10-02 16:59:21,ADA,0.2522,57.6,6,🟢 COMPRAR,1.95,📈 ALTA,0,RSI 58 alto | SMA9>SMA21 | Acima SMA50 | MACD+ | LSTM +1.9% | MTF ALTA (3/3) [maior:↑ medio:↑ menor:↑],0.0,2.0
2026-10-02 16:59:21,PETR4,50.37,57.7,0,🚫 BLOQUEADO,-4.03,📉 QUEDA,0,LSTM -4.0% (queda forte),-0.006,2.0
2026-10-02 16:59:21,VALE3,70.5,28.0,1,🟡 AGUARDAR,3.01,📈 ALTA,0,RSI 28 sobrevendido (atenuado) | SMA9<SMA21 | Abaixo SMA50 | MACD- | Penalidade tendência | LSTM +3.0% | MTF ALTA (2/3) [maior:↓ medio:↑ menor:↑],-0.013,2.0
2026-10-02 16:59:21,ITUB4,43.86,61.6,0,🚫 BLOQUEADO,-4.24,📉 QUEDA,0,LSTM -4.2% (queda forte),0.033,2.0
2026-10-02 16:59:21,BBAS3,23.32,62.3,0,🚫 BLOQUEADO,-6.24,📉 QUEDA,0,LSTM -6.2% (queda forte),0.022,2.0
2026-10-02 16:59:21,WEGE3,50.51,48.4,4,🟢 COMPRAR,1.06,📈 ALTA,0,RSI 48 neutro | SMA9<SMA21 | Acima SMA50 | MACD- | Bônus tendência | LSTM +1.1% | MTF ALTA (2/3) [maior:↓ medio:↑ menor:↑],-0.008,2.0
2026-10-02 16:59:21,ITSA4,14.43,59.9,-1,🟡 AGUARDAR,-1.69,📉 QUEDA,0,RSI 60 alto (atenuado) | SMA9>SMA21 | Acima SMA50 | MACD+ | Bônus tendência | LSTM -1.7% | MTF BAIXA (2/3) [maior:↑ medio:↓ menor:↓],-0.046,-2.0
2026-10-02 16:59:21,BBDC4,18.74,57.2,0,🚫 BLOQUEADO,-4.63,📉 QUEDA,0,LSTM -4.6% (queda forte),0.03,2.0
2026-10-02 16:59:21,B3SA3,18.58,69.8,0,🚫 BLOQUEADO,-2.89,📉 QUEDA,0,LSTM -2.9% (queda forte),-0.028,2.0
2026-10-02 16:59:21,PRIO3,61.74,42.3,-1,🟡 AGUARDAR,-0.96,📉 QUEDA,0,RSI 42 baixo | SMA9<SMA21 | Acima SMA50 | MACD- | Bônus tendência | MTF BAIXA (3/3) [maior:↓ medio:↓ menor:↓],0.0,-2.0
2026-10-02 16:59:21,ABEV3,15.49,37.2,0,🟡 AGUARDAR,-1.44,📉 QUEDA,0,RSI 37 baixo | SMA9<SMA21 | Acima SMA50 | MACD- | LSTM -1.4% | MTF ALTA (2/3) [maior:↓ medio:↑ menor:↑],0.024,2.0
2026-10-02 17:18:18,BTC,84823.9,56.6,3,🟢 COMPRAR,-1.5,📉 QUEDA,0,RSI 57 alto (atenuado) | SMA9>SMA21 | Acima SMA50 | MACD+ | Bônus tendência | LSTM -1.5% | MTF ALTA (3/3) [maior:↑ medio:↑ menor:↑],0.009,2.0
2026-10-02 17:18:18,ETH,2681.81,50.0,1,🟡 AGUARDAR,0.77,📈 ALTA,0,RSI 50 neutro | SMA9>SMA21 | Abaixo SMA50 | MACD- | MTF ALTA (2/3) [maior:↑ medio:↑ menor:↓],0.051,2.0
2026-10-02 17:18:18,SOL,119.65,51.6,3,🟢 COMPRAR,0.77,📈 ALTA,0,RSI 52 neutro | SMA9>SMA21 | Abaixo SMA50 | MACD+ | MTF ALTA (3/3) [maior:↑ medio:↑ menor:↑],-0.013,2.0
2026-10-02 17:18:18,BNB,772.61,53.9,5,🟢 COMPRAR,-0.23,📉 QUEDA,0,RSI 54 neutro | SMA9>SMA21 | Acima SMA50 | MACD+ | MTF ALTA (3/3) [maior:↑ medio:↑ menor:↑],0.0,2.0
2026-10-02 17:18:18,ADA,0.2513,56.1,6,🟢 COMPRAR,2.34,📈 ALTA,0,RSI 56 alto | SMA9>SMA21 | Acima SMA50 | MACD+ | LSTM +2.3% | MTF ALTA (3/3) [maior:↑ medio:↑ menor:↑],0.0,2.0
2026-10-02 17:18:18,PETR4,50.36,57.7,0,🚫 BLOQUEADO,-4.01,📉 QUEDA,0,LSTM -4.0% (queda forte),-0.006,2.0
2026-10-02 17:18:18,VALE3,70.54,28.3,1,🟡 AGUARDAR,2.95,📈 ALTA,0,RSI 28 sobrevendido (atenuado) | SMA9<SMA21 | Abaixo SMA50 | MACD- | Penalidade tendência | LSTM +3.0% | MTF ALTA (2/3) [maior:↓ medio:↑ menor:↑],-0.013,2.0
2026-10-02 17:18:18,ITUB4,44.0,63.0,0,🚫 BLOQUEADO,-4.54,📉 QUEDA,0,LSTM -4.5% (queda forte),0.033,2.0
2026-10-02 17:18:18,BBAS3,23.31,62.2,0,🚫 BLOQUEADO,-6.2,📉 QUEDA,0,LSTM -6.2% (queda forte),0.022,2.0
2026-10-02 17:18:18,WEGE3,50.61,49.1,2,🟢 COMPRAR (conf.),0.86,📈 ALTA,0,RSI 49 neutro | SMA9<SMA21 | Acima SMA50 | MACD- | Bônus tendência | MTF ALTA (2/3) [maior:↓ medio:↑ menor:↑],-0.008,2.0
2026-10-02 17:18:18,ITSA4,14.44,60.2,-1,🟡 AGUARDAR,-1.76,📉 QUEDA,0,RSI 60 alto (atenuado) | SMA9>SMA21 | Acima SMA50 | MACD+ | Bônus tendência | LSTM -1.8% | MTF BAIXA (2/3) [maior:↑ medio:↓ menor:↓],-0.046,-2.0
2026-10-02 17:18:18,BBDC4,18.77,57.6,0,🚫 BLOQUEADO,-4.79,📉 QUEDA,0,LSTM -4.8% (queda forte),0.03,2.0
2026-10-02 17:18:18,B3SA3,18.68,70.8,0,🚫 BLOQUEADO,-3.41,📉 QUEDA,0,LSTM -3.4% (queda forte),-0.028,2.0
2026-10-02 17:18:18,PRIO3,61.49,41.3,-1,🟡 AGUARDAR,-0.56,📉 QUEDA,0,RSI 41 baixo | SMA9<SMA21 | Acima SMA50 | MACD- | Bônus tendência | MTF BAIXA (3/3) [maior:↓ medio:↓ menor:↓],0.0,-2.0
2026-10-02 17:18:18,ABEV3,15.49,37.2,0,🟡 AGUARDAR,-1.44,📉 QUEDA,0,RSI 37 baixo | SMA9<SMA21 | Acima SMA50 | MACD- | LSTM -1.4% | MTF ALTA (2/3) [maior:↓ medio:↑ menor:↑],0.024,2.0
2026-10-02 17:42:18,BTC,84600.34,54.4,5,🟢 COMPRAR,-1.25,📉 QUEDA,1,RSI 54 neutro | SMA9>SMA21 | Acima SMA50 | MACD+ | Bônus tendência | Macro +1 | LSTM -1.2% | MTF ALTA (3/3) [maior:↑ medio:↑ menor:↑],0.009,2.0
2026-10-02 17:42:18,ETH,2680.12,49.7,2,🟡 AGUARDAR,0.83,📈 ALTA,1,RSI 50 neutro | SMA9>SMA21 | Abaixo SMA50 | MACD- | Macro +1 | MTF ALTA (2/3) [maior:↑ medio:↑ menor:↓],0.051,2.0
2026-10-02 17:42:18,SOL,119.36,50.4,6,🟢 COMPRAR,1.01,📈 ALTA,1,RSI 50 neutro | SMA9>SMA21 | Abaixo SMA50 | MACD+ | Macro +1 | LSTM +1.0% | MTF ALTA (3/3) [maior:↑ medio:↑ menor:↑],-0.013,2.0
2026-10-02 17:42:18,BNB,772.05,53.2,6,🟢 COMPRAR,-0.16,📉 QUEDA,1,RSI 53 neutro | SMA9>SMA21 | Acima SMA50 | MACD+ | Macro +1 | MTF ALTA (3/3) [maior:↑ medio:↑ menor:↑],0.0,2.0
2026-10-02 17:42:18,ADA,0.2502,54.3,6,🟢 COMPRAR,2.79,📈 ALTA,1,RSI 54 neutro | SMA9>SMA21 | Abaixo SMA50 | MACD+ | Macro +1 | LSTM +2.8% | MTF ALTA (3/3) [maior:↑ medio:↑ menor:↑],0.0,2.0
2026-10-02 17:42:18,PETR4,50.73,59.3,0,🚫 BLOQUEADO,-5.21,📉 QUEDA,1,LSTM -5.2% (queda forte),-0.006,2.0
2026-10-02 17:42:18,VALE3,70.59,28.6,2,🟡 AGUARDAR,2.87,📈 ALTA,1,RSI 29 sobrevendido (atenuado) | SMA9<SMA21 | Abaixo SMA50 | MACD- | Penalidade tendência | Macro +1 | LSTM +2.9% | MTF ALTA (2/3) [maior:↓ medio:↑ menor:↑],-0.013,2.0
2026-10-02 17:42:18,ITUB4,44.21,64.8,0,🚫 BLOQUEADO,-4.99,📉 QUEDA,1,LSTM -5.0% (queda forte),0.033,2.0
2026-10-02 17:42:18,BBAS3,23.44,63.2,0,🚫 BLOQUEADO,-6.72,📉 QUEDA,1,LSTM -6.7% (queda forte),0.022,2.0
2026-10-02 17:42:18,WEGE3,50.64,49.3,3,🟢 COMPRAR,0.8,📈 ALTA,1,RSI 49 neutro | SMA9<SMA21 | Acima SMA50 | MACD- | Bônus tendência | Macro +1 | MTF ALTA (2/3) [maior:↓ medio:↑ menor:↑],-0.008,2.0
2026-10-02 17:42:18,ITSA4,14.52,61.8,0,🚫 BLOQUEADO,-2.3,📉 QUEDA,1,LSTM -2.3% (queda forte),-0.046,-2.0
2026-10-02 17:42:18,BBDC4,18.96,60.3,0,🚫 BLOQUEADO,-5.74,📉 QUEDA,1,LSTM -5.7% (queda forte),0.03,2.0
2026-10-02 17:42:18,B3SA3,18.74,71.3,0,🚫 BLOQUEADO,-3.72,📉 QUEDA,1,LSTM -3.7% (queda forte),-0.028,2.0
2026-10-02 17:42:18,PRIO3,62.15,44.0,-2,🟡 AGUARDAR,-1.62,📉 QUEDA,1,RSI 44 baixo | SMA9<SMA21 | Acima SMA50 | MACD- | Bônus tendência | Macro +1 | LSTM -1.6% | MTF BAIXA (3/3) [maior:↓ medio:↓ menor:↓],0.0,-2.0
2026-10-02 17:42:18,ABEV3,15.56,40.0,1,🟡 AGUARDAR,-1.89,📉 QUEDA,1,RSI 40 baixo | SMA9<SMA21 | Acima SMA50 | MACD- | Macro +1 | LSTM -1.9% | MTF ALTA (2/3) [maior:↓ medio:↑ menor:↑],0.024,2.0
2026-10-02 17:55:48,BTC,84748.99,55.9,4,🟢 COMPRAR,-1.42,📉 QUEDA,1,RSI 56 alto (atenuado) | SMA9>SMA21 | Acima SMA50 | MACD+ | Bônus tendência | Macro +1 | LSTM -1.4% | MTF ALTA (3/3) [maior:↑ medio:↑ menor:↑],0.009,2.0
2026-10-02 17:55:48,ETH,2682.82,50.2,2,🟡 AGUARDAR,0.74,📈 ALTA,1,RSI 50 neutro | SMA9>SMA21 | Abaixo SMA50 | MACD- | Macro +1 | MTF ALTA (2/3) [maior:↑ medio:↑ menor:↓],0.051,2.0
2026-10-02 17:55:48,SOL,119.58,51.3,4,🟢 COMPRAR,0.87,📈 ALTA,1,RSI 51 neutro | SMA9>SMA21 | Abaixo SMA50 | MACD+ | Macro +1 | MTF ALTA (3/3) [maior:↑ medio:↑ menor:↑],-0.013,2.0
2026-10-02 17:55:48,BNB,773.03,54.4,6,🟢 COMPRAR,-0.28,📉 QUEDA,1,RSI 54 neutro | SMA9>SMA21 | Acima SMA50 | MACD+ | Macro +1 | MTF ALTA (3/3) [maior:↑ medio:↑ menor:↑],0.0,2.0
2026-10-02 17:55:48,ADA,0.2502,54.4,6,🟢 COMPRAR,2.78,📈 ALTA,1,RSI 54 neutro | SMA9>SMA21 | Abaixo SMA50 | MACD+ | Macro +1 | LSTM +2.8% | MTF ALTA (3/3) [maior:↑ medio:↑ menor:↑],0.0,2.0
2026-10-02 17:55:48,PETR4,50.85,59.8,0,🚫 BLOQUEADO,-5.63,📉 QUEDA,1,LSTM -5.6% (queda forte),-0.006,2.0
2026-10-02 17:55:48,VALE3,70.86,30.3,2,🟡 AGUARDAR,2.48,📈 ALTA,1,RSI 30 sobrevendido (atenuado) | SMA9<SMA21 | Abaixo SMA50 | MACD- | Penalidade tendência | Macro +1 | LSTM +2.5% | MTF ALTA (2/3) [maior:↓ medio:↑ menor:↑],-0.013,2.0
2026-10-02 17:55:48,ITUB4,44.38,65.7,0,🚫 BLOQUEADO,-5.36,📉 QUEDA,1,LSTM -5.4% (queda forte),0.033,2.0
2026-10-02 17:55:48,BBAS3,23.44,63.2,0,🚫 BLOQUEADO,-6.72,📉 QUEDA,1,LSTM -6.7% (queda forte),0.022,2.0
2026-10-02 17:55:48,WEGE3,50.78,50.3,3,🟢 COMPRAR,0.53,📈 ALTA,1,RSI 50 neutro | SMA9<SMA21 | Acima SMA50 | MACD- | Bônus tendência | Macro +1 | MTF ALTA (2/3) [maior:↓ medio:↑ menor:↑],-0.008,2.0
2026-10-02 17:55:48,ITSA4,14.57,62.7,0,🚫 BLOQUEADO,-2.64,📉 QUEDA,1,LSTM -2.6% (queda forte),-0.046,-2.0
2026-10-02 17:55:48,BBDC4,19.0,60.8,0,🚫 BLOQUEADO,-5.94,📉 QUEDA,1,LSTM -5.9% (queda forte),0.03,2.0
2026-10-02 17:55:48,B3SA3,18.8,71.9,0,🚫 BLOQUEADO,-4.03,📉 QUEDA,1,LSTM -4.0% (queda forte),-0.028,2.0
2026-10-02 17:55:48,PRIO3,62.0,43.4,-2,🟡 AGUARDAR,-1.37,📉 QUEDA,1,RSI 43 baixo | SMA9<SMA21 | Acima SMA50 | MACD- | Bônus tendência | Macro +1 | LSTM -1.4% | MTF BAIXA (3/3) [maior:↓ medio:↓ menor:↓],0.0,-2.0
2026-10-02 17:55:48,ABEV3,15.64,42.9,0,🚫 BLOQUEADO,-2.39,📉 QUEDA,1,LSTM -2.4% (queda forte),0.024,2.0
2026-10-02 18:13:44,BTC,84822.92,56.6,4,🟢 COMPRAR,-1.5,📉 QUEDA,1,RSI 57 alto (atenuado) | SMA9>SMA21 | Acima SMA50 | MACD+ | Bônus tendência | Macro +1 | LSTM -1.5% | MTF ALTA (2/3) [maior:↑ medio:↑ menor:↓],0.009,2.0
2026-10-02 18:13:44,ETH,2684.37,50.6,2,🟡 AGUARDAR,0.68,📈 ALTA,1,RSI 51 neutro | SMA9>SMA21 | Abaixo SMA50 | MACD- | Macro +1 | MTF ALTA (2/3) [maior:↑ medio:↑ menor:↓],0.051,2.0
2026-10-02 18:13:44,SOL,119.65,51.6,4,🟢 COMPRAR,0.77,📈 ALTA,1,RSI 52 neutro | SMA9>SMA21 | Abaixo SMA50 | MACD+ | Macro +1 | MTF ALTA (2/3) [maior:↑ medio:↑ menor:↓],-0.013,2.0
2026-10-02 18:13:44,BNB,772.92,54.3,6,🟢 COMPRAR,-0.27,📉 QUEDA,1,RSI 54 neutro | SMA9>SMA21 | Acima SMA50 | MACD+ | Macro +1 | MTF ALTA (3/3) [maior:↑ medio:↑ menor:↑],0.0,2.0
2026-10-02 18:13:44,ADA,0.2499,53.9,6,🟢 COMPRAR,2.9,📈 ALTA,1,RSI 54 neutro | SMA9>SMA21 | Abaixo SMA50 | MACD+ | Macro +1 | LSTM +2.9% | MTF ALTA (3/3) [maior:↑ medio:↑ menor:↑],0.0,2.0
2026-10-02 18:13:44,PETR4,50.8,59.6,0,🚫 BLOQUEADO,-5.46,📉 QUEDA,1,LSTM -5.5% (queda forte),-0.006,2.0
2026-10-02 18:13:44,VALE3,70.93,30.7,2,🟡 AGUARDAR,2.38,📈 ALTA,1,RSI 31 sobrevendido (atenuado) | SMA9<SMA21 | Abaixo SMA50 | MACD- | Penalidade tendência | Macro +1 | LSTM +2.4% | MTF ALTA (2/3) [maior:↓ medio:↑ menor:↑],-0.013,2.0
2026-10-02 18:13:44,ITUB4,44.39,65.8,0,🚫 BLOQUEADO,-5.38,📉 QUEDA,1,LSTM -5.4% (queda forte),0.033,2.0
2026-10-02 18:13:44,BBAS3,23.54,63.9,0,🚫 BLOQUEADO,-7.12,📉 QUEDA,1,LSTM -7.1% (queda forte),0.022,2.0
2026-10-02 18:13:44,WEGE3,50.67,49.5,3,🟢 COMPRAR,0.74,📈 ALTA,1,RSI 50 neutro | SMA9<SMA21 | Acima SMA50 | MACD- | Bônus tendência | Macro +1 | MTF ALTA (2/3) [maior:↓ medio:↑ menor:↑],-0.008,2.0
2026-10-02 18:13:44,ITSA4,14.57,62.7,0,🚫 BLOQUEADO,-2.64,📉 QUEDA,1,LSTM -2.6% (queda forte),-0.046,-2.0
2026-10-02 18:13:44,BBDC4,19.01,60.9,0,🚫 BLOQUEADO,-5.99,📉 QUEDA,1,LSTM -6.0% (queda forte),0.03,2.0
2026-10-02 18:13:44,B3SA3,18.76,71.5,0,🚫 BLOQUEADO,-3.82,📉 QUEDA,1,LSTM -3.8% (queda forte),-0.028,2.0
2026-10-02 18:13:44,PRIO3,62.15,44.0,-2,🟡 AGUARDAR,-1.62,📉 QUEDA,1,RSI 44 baixo | SMA9<SMA21 | Acima SMA50 | MACD- | Bônus tendência | Macro +1 | LSTM -1.6% | MTF BAIXA (3/3) [maior:↓ medio:↓ menor:↓],0.0,-2.0
2026-10-02 18:13:44,ABEV3,15.61,41.9,0,🚫 BLOQUEADO,-2.2,📉 QUEDA,1,LSTM -2.2% (queda forte),0.024,2.0
2026-10-02 18:36:43,BTC,84438.12,53.0,5,🟢 COMPRAR,-1.07,📉 QUEDA,1,RSI 53 neutro | SMA9>SMA21 | Acima SMA50 | MACD+ | Bônus tendência | Macro +1 | LSTM -1.1% | MTF ALTA (2/3) [maior:↑ medio:↑ menor:↓],0.009,2.0
2026-10-02 18:36:43,ETH,2676.68,48.9,2,🟡 AGUARDAR,0.96,📈 ALTA,1,RSI 49 neutro | SMA9>SMA21 | Abaixo SMA50 | MACD- | Macro +1 | MTF ALTA (2/3) [maior:↑ medio:↑ menor:↓],0.051,2.0
2026-10-02 18:36:43,SOL,118.63,47.6,6,🟢 COMPRAR,1.67,📈 ALTA,1,RSI 48 neutro | SMA9>SMA21 | Abaixo SMA50 | MACD+ | Macro +1 | LSTM +1.7% | MTF ALTA (2/3) [maior:↑ medio:↑ menor:↓],-0.013,2.0
2026-10-02 18:36:43,BNB,767.06,47.7,4,🟢 COMPRAR,0.48,📈 ALTA,1,RSI 48 neutro | SMA9>SMA21 | Abaixo SMA50 | MACD+ | Macro +1 | MTF ALTA (2/3) [maior:↑ medio:↑ menor:↓],0.0,2.0
2026-10-02 18:36:43,ADA,0.2439,46.4,4,🟢 COMPRAR,5.36,📈 ALTA,1,RSI 46 neutro | SMA9>SMA21 | Abaixo SMA50 | MACD- | Macro +1 | LSTM +5.4% | MTF ALTA (2/3) [maior:↑ medio:↑ menor:↓],0.0,2.0
2026-10-02 18:36:43,PETR4,50.87,59.9,0,🚫 BLOQUEADO,-5.7,📉 QUEDA,1,LSTM -5.7% (queda forte),-0.006,2.0
2026-10-02 18:36:43,VALE3,71.0,31.1,2,🟡 AGUARDAR,2.28,📈 ALTA,1,RSI 31 sobrevendido (atenuado) | SMA9<SMA21 | Abaixo SMA50 | MACD- | Penalidade tendência | Macro +1 | LSTM +2.3% | MTF ALTA (2/3) [maior:↓ medio:↑ menor:↑],-0.013,2.0
2026-10-02 18:36:43,ITUB4,44.33,65.5,0,🚫 BLOQUEADO,-5.25,📉 QUEDA,1,LSTM -5.2% (queda forte),0.033,-2.0
2026-10-02 18:36:43,BBAS3,23.53,63.9,0,🚫 BLOQUEADO,-7.08,📉 QUEDA,1,LSTM -7.1% (queda forte),0.022,2.0
2026-10-02 18:36:43,WEGE3,51.05,52.0,3,🟢 COMPRAR,-0.01,📉 QUEDA,1,RSI 52 neutro | SMA9<SMA21 | Acima SMA50 | MACD- | Bônus tendência | Macro +1 | MTF ALTA (2/3) [maior:↓ medio:↑ menor:↑],-0.008,2.0
2026-10-02 18:36:43,ITSA4,14.58,62.9,0,🚫 BLOQUEADO,-2.7,📉 QUEDA,1,LSTM -2.7% (queda forte),-0.046,-2.0
2026-10-02 18:36:43,BBDC4,18.98,60.5,0,🚫 BLOQUEADO,-5.84,📉 QUEDA,1,LSTM -5.8% (queda forte),0.03,2.0
2026-10-02 18:36:43,B3SA3,18.85,72.3,0,🚫 BLOQUEADO,-4.28,📉 QUEDA,1,LSTM -4.3% (queda forte),-0.028,2.0
2026-10-02 18:36:43,PRIO3,62.36,44.8,-2,🟡 AGUARDAR,-1.94,📉 QUEDA,1,RSI 45 baixo | SMA9<SMA21 | Acima SMA50 | MACD- | Bônus tendência | Macro +1 | LSTM -1.9% | MTF BAIXA (3/3) [maior:↓ medio:↓ menor:↓],0.0,-2.0
2026-10-02 18:36:43,ABEV3,15.63,42.6,0,🚫 BLOQUEADO,-2.33,📉 QUEDA,1,LSTM -2.3% (queda forte),0.024,2.0
2026-10-02 18:57:48,BTC,84245.68,51.3,7,🟢🟢 COMPRA FORTE,-0.86,📉 QUEDA,1,RSI 51 neutro | SMA9>SMA21 | Acima SMA50 | MACD+ | Bônus tendência | Macro +1 | MTF ALTA (2/3) [maior:↑ medio:↑ menor:↓],0.009,2.0
2026-10-02 18:57:48,ETH,2662.97,46.4,4,🟢 COMPRAR,1.46,📈 ALTA,1,RSI 46 neutro | SMA9>SMA21 | Abaixo SMA50 | MACD- | Macro +1 | LSTM +1.5% | MTF ALTA (2/3) [maior:↑ medio:↑ menor:↓],0.051,2.0
2026-10-02 18:57:48,SOL,118.07,45.8,6,🟢 COMPRAR,2.15,📈 ALTA,1,RSI 46 neutro | SMA9>SMA21 | Abaixo SMA50 | MACD+ | Macro +1 | LSTM +2.1% | MTF ALTA (2/3) [maior:↑ medio:↑ menor:↓],-0.013,2.0
2026-10-02 18:57:48,BNB,763.62,44.6,1,🟡 AGUARDAR,0.92,📈 ALTA,1,RSI 45 baixo (atenuado) | SMA9>SMA21 | Abaixo SMA50 | MACD- | Penalidade tendência | Macro +1 | MTF ALTA (2/3) [maior:↑ medio:↑ menor:↓],0.0,2.0
2026-10-02 18:57:48,ADA,0.2392,41.8,5,🟢 COMPRAR,7.4,📈 ALTA,1,RSI 42 baixo | SMA9>SMA21 | Abaixo SMA50 | MACD- | Macro +1 | LSTM +7.4% | MTF ALTA (2/3) [maior:↑ medio:↑ menor:↓],0.0,2.0
2026-10-02 18:57:48,PETR4,50.96,60.2,0,🚫 BLOQUEADO,-6.01,📉 QUEDA,1,LSTM -6.0% (queda forte),-0.006,2.0
2026-10-02 18:57:48,VALE3,71.11,31.7,2,🟡 AGUARDAR,2.12,📈 ALTA,1,RSI 32 sobrevendido (atenuado) | SMA9<SMA21 | Abaixo SMA50 | MACD- | Penalidade tendência | Macro +1 | LSTM +2.1% | MTF ALTA (2/3) [maior:↓ medio:↑ menor:↑],-0.013,2.0
2026-10-02 18:57:48,ITUB4,44.43,66.0,0,🚫 BLOQUEADO,-5.46,📉 QUEDA,1,LSTM -5.5% (queda forte),0.033,2.0
2026-10-02 18:57:48,BBAS3,23.55,64.0,0,🚫 BLOQUEADO,-7.16,📉 QUEDA,1,LSTM -7.2% (queda forte),0.022,2.0
2026-10-02 18:57:48,WEGE3,51.06,52.1,3,🟢 COMPRAR,-0.03,📉 QUEDA,1,RSI 52 neutro | SMA9<SMA21 | Acima SMA50 | MACD- | Bônus tendência | Macro +1 | MTF ALTA (2/3) [maior:↓ medio:↑ menor:↑],-0.008,2.0
2026-10-02 18:57:48,ITSA4,14.61,63.5,0,🚫 BLOQUEADO,-2.9,📉 QUEDA,1,LSTM -2.9% (queda forte),-0.046,-2.0
2026-10-02 18:57:48,BBDC4,19.04,61.3,0,🚫 BLOQUEADO,-6.13,📉 QUEDA,1,LSTM -6.1% (queda forte),0.03,2.0
2026-10-02 18:57:48,B3SA3,18.84,72.2,0,🚫 BLOQUEADO,-4.23,📉 QUEDA,1,LSTM -4.2% (queda forte),-0.028,2.0
2026-10-02 18:57:48,PRIO3,62.29,44.5,-2,🟡 AGUARDAR,-1.83,📉 QUEDA,1,RSI 44 baixo | SMA9<SMA21 | Acima SMA50 | MACD- | Bônus tendência | Macro +1 | LSTM -1.8% | MTF BAIXA (3/3) [maior:↓ medio:↓ menor:↓],0.0,-2.0
2026-10-02 18:57:48,ABEV3,15.64,42.9,0,🚫 BLOQUEADO,-2.39,📉 QUEDA,1,LSTM -2.4% (queda forte),0.024,2.0
2026-10-02 19:14:56,BTC,84111.83,50.3,7,🟢🟢 COMPRA FORTE,-0.71,📉 QUEDA,1,RSI 50 neutro | SMA9>SMA21 | Acima SMA50 | MACD+ | Bônus tendência | Macro +1 | MTF ALTA (2/3) [maior:↑ medio:↑ menor:↓],0.009,2.0
2026-10-02 19:14:56,ETH,2664.25,46.6,4,🟢 COMPRAR,1.42,📈 ALTA,1,RSI 47 neutro | SMA9>SMA21 | Abaixo SMA50 | MACD- | Macro +1 | LSTM +1.4% | MTF ALTA (2/3) [maior:↑ medio:↑ menor:↓],0.051,2.0
2026-10-02 19:14:56,SOL,117.79,44.8,5,🟢 COMPRAR,2.39,📈 ALTA,1,RSI 45 baixo | SMA9>SMA21 | Abaixo SMA50 | MACD- | Macro +1 | LSTM +2.4% | MTF ALTA (2/3) [maior:↑ medio:↑ menor:↓],-0.013,2.0
2026-10-02 19:14:56,BNB,763.84,44.7,3,🟢 COMPRAR,0.9,📈 ALTA,1,RSI 45 baixo (atenuado) | SMA9>SMA21 | Abaixo SMA50 | MACD+ | Penalidade tendência | Macro +1 | MTF ALTA (2/3) [maior:↑ medio:↑ menor:↓],0.0,2.0
2026-10-02 19:14:56,ADA,0.2385,41.1,5,🟢 COMPRAR,7.7,📈 ALTA,1,RSI 41 baixo | SMA9>SMA21 | Abaixo SMA50 | MACD- | Macro +1 | LSTM +7.7% | MTF ALTA (2/3) [maior:↑ medio:↑ menor:↓],0.0,2.0
2026-10-02 19:14:56,PETR4,51.12,60.9,0,🚫 BLOQUEADO,-6.56,📉 QUEDA,1,LSTM -6.6% (queda forte),-0.006,2.0
2026-10-02 19:14:56,VALE3,71.25,32.5,2,🟡 AGUARDAR,1.92,📈 ALTA,1,RSI 33 sobrevendido (atenuado) | SMA9<SMA21 | Abaixo SMA50 | MACD- | Penalidade tendência | Macro +1 | LSTM +1.9% | MTF ALTA (2/3) [maior:↓ medio:↑ menor:↑],-0.013,2.0
2026-10-02 19:14:56,ITUB4,44.63,67.0,0,🚫 BLOQUEADO,-5.89,📉 QUEDA,1,LSTM -5.9% (queda forte),0.033,2.0
2026-10-02 19:14:56,BBAS3,23.56,64.1,0,🚫 BLOQUEADO,-7.2,📉 QUEDA,1,LSTM -7.2% (queda forte),0.022,2.0
2026-10-02 19:14:56,WEGE3,51.14,52.5,3,🟢 COMPRAR,-0.18,📉 QUEDA,1,RSI 53 neutro | SMA9<SMA21 | Acima SMA50 | MACD- | Bônus tendência | Macro +1 | MTF ALTA (2/3) [maior:↓ medio:↑ menor:↑],-0.008,2.0
2026-10-02 19:14:56,ITSA4,14.67,64.5,0,🚫 BLOQUEADO,-3.3,📉 QUEDA,1,LSTM -3.3% (queda forte),-0.046,-2.0
2026-10-02 19:14:56,BBDC4,19.12,62.2,0,🚫 BLOQUEADO,-6.53,📉 QUEDA,1,LSTM -6.5% (queda forte),0.03,2.0
2026-10-02 19:14:56,B3SA3,18.85,72.3,0,🚫 BLOQUEADO,-4.28,📉 QUEDA,1,LSTM -4.3% (queda forte),-0.028,2.0
2026-10-02 19:14:56,PRIO3,62.56,45.5,0,🚫 BLOQUEADO,-2.26,📉 QUEDA,1,LSTM -2.3% (queda forte),0.0,-2.0
2026-10-02 19:14:56,ABEV3,15.67,44.0,0,🚫 BLOQUEADO,-2.58,📉 QUEDA,1,LSTM -2.6% (queda forte),0.024,2.0
2026-10-02 19:33:35,BTC,84074.04,50.0,4,🟢 COMPRAR,-0.66,📉 QUEDA,1,RSI 50 neutro | SMA9>SMA21 | Abaixo SMA50 | MACD+ | Macro +1 | MTF ALTA (2/3) [maior:↑ medio:↑ menor:↓],0.009,2.0
2026-10-02 19:33:35,ETH,2664.94,46.7,4,🟢 COMPRAR,1.39,📈 ALTA,1,RSI 47 neutro | SMA9>SMA21 | Abaixo SMA50 | MACD- | Macro +1 | LSTM +1.4% | MTF ALTA (2/3) [maior:↑ medio:↑ menor:↓],0.051,2.0
2026-10-02 19:33:35,SOL,117.89,45.2,6,🟢 COMPRAR,2.3,📈 ALTA,1,RSI 45 neutro | SMA9>SMA21 | Abaixo SMA50 | MACD+ | Macro +1 | LSTM +2.3% | MTF ALTA (2/3) [maior:↑ medio:↑ menor:↓],-0.013,2.0
2026-10-02 19:33:35,BNB,764.97,45.7,3,🟢 COMPRAR,0.75,📈 ALTA,1,RSI 46 neutro | SMA9>SMA21 | Abaixo SMA50 | MACD+ | Penalidade tendência | Macro +1 | MTF ALTA (2/3) [maior:↑ medio:↑ menor:↓],0.0,2.0
2026-10-02 19:33:35,ADA,0.2397,42.1,5,🟢 COMPRAR,7.2,📈 ALTA,1,RSI 42 baixo | SMA9>SMA21 | Abaixo SMA50 | MACD- | Macro +1 | LSTM +7.2% | MTF ALTA (2/3) [maior:↑ medio:↑ menor:↓],0.0,2.0
2026-10-02 19:33:35,PETR4,51.27,61.4,0,🚫 BLOQUEADO,-7.07,📉 QUEDA,1,LSTM -7.1% (queda forte),-0.006,2.0
2026-10-02 19:33:35,VALE3,71.51,33.9,2,🟡 AGUARDAR,1.55,📈 ALTA,1,RSI 34 sobrevendido (atenuado) | SMA9<SMA21 | Abaixo SMA50 | MACD- | Penalidade tendência | Macro +1 | LSTM +1.6% | MTF ALTA (2/3) [maior:↓ medio:↑ menor:↑],-0.013,2.0
2026-10-02 19:33:35,ITUB4,44.87,68.2,0,🚫 BLOQUEADO,-6.39,📉 QUEDA,1,LSTM -6.4% (queda forte),0.033,2.0
2026-10-02 19:33:35,BBAS3,23.63,64.5,0,🚫 BLOQUEADO,-7.47,📉 QUEDA,1,LSTM -7.5% (queda forte),0.022,2.0
2026-10-02 19:33:35,WEGE3,51.44,54.3,3,🟢 COMPRAR,-0.76,📉 QUEDA,1,RSI 54 neutro | SMA9<SMA21 | Acima SMA50 | MACD- | Bônus tendência | Macro +1 | MTF ALTA (2/3) [maior:↓ medio:↑ menor:↑],-0.008,2.0
2026-10-02 19:33:35,ITSA4,14.7,65.0,0,🚫 BLOQUEADO,-3.5,📉 QUEDA,1,LSTM -3.5% (queda forte),-0.046,-2.0
2026-10-02 19:33:35,BBDC4,19.2,63.1,0,🚫 BLOQUEADO,-6.92,📉 QUEDA,1,LSTM -6.9% (queda forte),0.03,2.0
2026-10-02 19:33:35,B3SA3,18.98,73.3,0,🚫 BLOQUEADO,-4.94,📉 QUEDA,1,LSTM -4.9% (queda forte),-0.028,2.0
2026-10-02 19:33:35,PRIO3,62.75,46.2,0,🚫 BLOQUEADO,-2.55,📉 QUEDA,1,LSTM -2.5% (queda forte),0.0,2.0
2026-10-02 19:33:35,ABEV3,15.79,47.8,0,🚫 BLOQUEADO,-3.32,📉 QUEDA,1,LSTM -3.3% (queda forte),0.024,2.0
2026-10-02 19:55:55,BTC,84232.41,51.2,7,🟢🟢 COMPRA FORTE,-0.85,📉 QUEDA,1,RSI 51 neutro | SMA9>SMA21 | Acima SMA50 | MACD+ | Bônus tendência | Macro +1 | MTF ALTA (2/3) [maior:↑ medio:↑ menor:↓],0.009,2.0
2026-10-02 19:55:55,ETH,2665.16,46.7,4,🟢 COMPRAR,1.38,📈 ALTA,1,RSI 47 neutro | SMA9>SMA21 | Abaixo SMA50 | MACD- | Macro +1 | LSTM +1.4% | MTF ALTA (2/3) [maior:↑ medio:↑ menor:↓],0.051,2.0
2026-10-02 19:55:55,SOL,117.91,45.3,4,🟢 COMPRAR,2.29,📈 ALTA,1,RSI 45 neutro | SMA9>SMA21 | Abaixo SMA50 | MACD- | Macro +1 | LSTM +2.3% | MTF ALTA (2/3) [maior:↑ medio:↑ menor:↓],-0.013,2.0
2026-10-02 19:55:55,BNB,765.51,46.2,3,🟢 COMPRAR,0.68,📈 ALTA,1,RSI 46 neutro | SMA9>SMA21 | Abaixo SMA50 | MACD+ | Penalidade tendência | Macro +1 | MTF ALTA (2/3) [maior:↑ medio:↑ menor:↓],0.0,2.0
2026-10-02 19:55:55,ADA,0.2396,42.0,5,🟢 COMPRAR,7.25,📈 ALTA,1,RSI 42 baixo | SMA9>SMA21 | Abaixo SMA50 | MACD- | Macro +1 | LSTM +7.2% | MTF ALTA (2/3) [maior:↑ medio:↑ menor:↓],0.0,2.0
2026-10-02 19:55:55,PETR4,50.96,60.2,0,🚫 BLOQUEADO,-6.01,📉 QUEDA,1,LSTM -6.0% (queda forte),-0.006,2.0
2026-10-02 19:55:55,VALE3,71.62,34.5,2,🟡 AGUARDAR,1.4,📈 ALTA,1,RSI 35 sobrevendido (atenuado) | SMA9<SMA21 | Abaixo SMA50 | MACD- | Penalidade tendência | Macro +1 | LSTM +1.4% | MTF ALTA (2/3) [maior:↓ medio:↑ menor:↑],-0.013,2.0
2026-10-02 19:55:55,ITUB4,44.74,67.5,0,🚫 BLOQUEADO,-6.12,📉 QUEDA,1,LSTM -6.1% (queda forte),0.033,2.0
2026-10-02 19:55:55,BBAS3,23.67,64.8,0,🚫 BLOQUEADO,-7.63,📉 QUEDA,1,LSTM -7.6% (queda forte),0.022,2.0
2026-10-02 19:55:55,WEGE3,51.25,53.2,3,🟢 COMPRAR,-0.4,📉 QUEDA,1,RSI 53 neutro | SMA9<SMA21 | Acima SMA50 | MACD- | Bônus tendência | Macro +1 | MTF ALTA (2/3) [maior:↓ medio:↑ menor:↑],-0.008,2.0
2026-10-02 19:55:55,ITSA4,14.7,65.0,0,🚫 BLOQUEADO,-3.5,📉 QUEDA,1,LSTM -3.5% (queda forte),-0.046,-2.0
2026-10-02 19:55:55,BBDC4,19.13,62.3,0,🚫 BLOQUEADO,-6.57,📉 QUEDA,1,LSTM -6.6% (queda forte),0.03,2.0
2026-10-02 19:55:55,B3SA3,18.97,73.3,0,🚫 BLOQUEADO,-4.89,📉 QUEDA,1,LSTM -4.9% (queda forte),-0.028,2.0
2026-10-02 19:55:55,PRIO3,63.0,47.1,0,🚫 BLOQUEADO,-2.94,📉 QUEDA,1,LSTM -2.9% (queda forte),0.0,2.0
2026-10-02 19:55:55,ABEV3,15.76,46.9,0,🚫 BLOQUEADO,-3.13,📉 QUEDA,1,LSTM -3.1% (queda forte),0.024,2.0
2026-10-02 20:10:03,BTC,84334.56,56.7,4,🟢 COMPRAR,-0.93,📉 QUEDA,1,RSI 57 alto (atenuado) | SMA9>SMA21 | Acima SMA50 | MACD- | Bônus tendência | Macro +1 | MTF ALTA (2/3) [maior:↑ medio:↑ menor:↓],0.009,2.0
2026-10-02 20:10:03,ETH,2666.35,49.5,4,🟢 COMPRAR,1.31,📈 ALTA,1,RSI 49 neutro | SMA9>SMA21 | Abaixo SMA50 | MACD- | Macro +1 | LSTM +1.3% | MTF ALTA (2/3) [maior:↑ medio:↑ menor:↓],0.051,2.0
2026-10-02 20:10:03,SOL,118.01,53.4,4,🟢 COMPRAR,2.2,📈 ALTA,1,RSI 53 neutro | SMA9>SMA21 | Abaixo SMA50 | MACD- | Macro +1 | LSTM +2.2% | MTF ALTA (2/3) [maior:↑ medio:↑ menor:↓],-0.013,2.0
2026-10-02 20:10:03,BNB,765.52,50.4,1,🟡 AGUARDAR,0.71,📈 ALTA,1,RSI 50 neutro | SMA9>SMA21 | Abaixo SMA50 | MACD- | Penalidade tendência | Macro +1 | MTF ALTA (2/3) [maior:↑ medio:↑ menor:↓],0.0,2.0
2026-10-02 20:10:03,ADA,0.2397,46.7,4,🟢 COMPRAR,7.14,📈 ALTA,1,RSI 47 neutro | SMA9>SMA21 | Abaixo SMA50 | MACD- | Macro +1 | LSTM +7.1% | MTF ALTA (2/3) [maior:↑ medio:↑ menor:↓],0.0,2.0
2026-10-02 20:10:03,PETR4,51.16,61.0,0,🚫 BLOQUEADO,-6.7,📉 QUEDA,1,LSTM -6.7% (queda forte),-0.006,2.0
2026-10-02 20:10:03,VALE3,71.83,35.6,1,🟡 AGUARDAR,1.1,📈 ALTA,1,RSI 36 baixo (atenuado) | SMA9<SMA21 | Abaixo SMA50 | MACD- | Penalidade tendência | Macro +1 | LSTM +1.1% | MTF ALTA (2/3) [maior:↓ medio:↑ menor:↑],-0.013,2.0
2026-10-02 20:10:03,ITUB4,44.88,68.2,0,🚫 BLOQUEADO,-6.41,📉 QUEDA,1,LSTM -6.4% (queda forte),0.033,2.0
2026-10-02 20:10:03,BBAS3,23.74,65.3,0,🚫 BLOQUEADO,-7.9,📉 QUEDA,1,LSTM -7.9% (queda forte),0.022,2.0
2026-10-02 20:10:03,WEGE3,51.34,53.7,3,🟢 COMPRAR,-0.57,📉 QUEDA,1,RSI 54 neutro | SMA9<SMA21 | Acima SMA50 | MACD- | Bônus tendência | Macro +1 | MTF ALTA (2/3) [maior:↓ medio:↑ menor:↑],-0.008,2.0
2026-10-02 20:10:03,ITSA4,14.72,65.3,0,🚫 BLOQUEADO,-3.63,📉 QUEDA,1,LSTM -3.6% (queda forte),-0.046,-2.0
2026-10-02 20:10:03,BBDC4,19.24,63.6,0,🚫 BLOQUEADO,-7.11,📉 QUEDA,1,LSTM -7.1% (queda forte),0.03,2.0
2026-10-02 20:10:03,B3SA3,18.92,72.9,0,🚫 BLOQUEADO,-4.63,📉 QUEDA,1,LSTM -4.6% (queda forte),-0.028,2.0
2026-10-02 20:10:03,PRIO3,63.04,47.2,0,🚫 BLOQUEADO,-3.0,📉 QUEDA,1,LSTM -3.0% (queda forte),0.0,-2.0
2026-10-02 20:10:03,ABEV3,15.74,46.2,0,🚫 BLOQUEADO,-3.01,📉 QUEDA,1,LSTM -3.0% (queda forte),0.024,2.0
2026-10-02 21:10:10,BTC,84506.75,58.1,4,🟢 COMPRAR,-1.13,📉 QUEDA,1,RSI 58 alto (atenuado) | SMA9>SMA21 | Acima SMA50 | MACD+ | Bônus tendência | Macro +1 | LSTM -1.1% | MTF ALTA (2/3) [maior:↑ medio:↑ menor:↓],0.009,2.0
2026-10-02 21:10:10,ETH,2663.76,48.9,4,🟢 COMPRAR,1.41,📈 ALTA,1,RSI 49 neutro | SMA9>SMA21 | Abaixo SMA50 | MACD- | Macro +1 | LSTM +1.4% | MTF ALTA (2/3) [maior:↑ medio:↑ menor:↓],0.051,2.0
2026-10-02 21:10:10,SOL,118.07,53.7,4,🟢 COMPRAR,2.15,📈 ALTA,1,RSI 54 neutro | SMA9>SMA21 | Abaixo SMA50 | MACD- | Macro +1 | LSTM +2.1% | MTF ALTA (2/3) [maior:↑ medio:↑ menor:↓],-0.013,2.0
2026-10-02 21:10:10,BNB,764.93,49.7,1,🟡 AGUARDAR,0.78,📈 ALTA,1,RSI 50 neutro | SMA9>SMA21 | Abaixo SMA50 | MACD- | Penalidade tendência | Macro +1 | MTF ALTA (2/3) [maior:↑ medio:↑ menor:↓],0.0,2.0
2026-10-02 21:10:10,ADA,0.2401,47.2,4,🟢 COMPRAR,6.94,📈 ALTA,1,RSI 47 neutro | SMA9>SMA21 | Abaixo SMA50 | MACD- | Macro +1 | LSTM +6.9% | MTF ALTA (2/3) [maior:↑ medio:↑ menor:↓],0.0,2.0
2026-10-02 22:09:57,BTC,84469.71,57.8,4,🟢 COMPRAR,-1.09,📉 QUEDA,1,RSI 58 alto (atenuado) | SMA9>SMA21 | Acima SMA50 | MACD+ | Bônus tendência | Macro +1 | LSTM -1.1% | MTF ALTA (2/3) [maior:↑ medio:↑ menor:↓],0.009,2.0
2026-10-02 22:09:57,ETH,2662.91,48.8,4,🟢 COMPRAR,1.44,📈 ALTA,1,RSI 49 neutro | SMA9>SMA21 | Abaixo SMA50 | MACD- | Macro +1 | LSTM +1.4% | MTF ALTA (2/3) [maior:↑ medio:↑ menor:↓],0.051,2.0
2026-10-02 22:09:57,SOL,118.13,53.9,4,🟢 COMPRAR,2.1,📈 ALTA,1,RSI 54 neutro | SMA9>SMA21 | Abaixo SMA50 | MACD- | Macro +1 | LSTM +2.1% | MTF ALTA (2/3) [maior:↑ medio:↑ menor:↓],-0.013,2.0
2026-10-02 22:09:57,BNB,766.41,51.4,1,🟡 AGUARDAR,0.59,📈 ALTA,1,RSI 51 neutro | SMA9>SMA21 | Abaixo SMA50 | MACD- | Penalidade tendência | Macro +1 | MTF ALTA (2/3) [maior:↑ medio:↑ menor:↓],0.0,2.0
2026-10-02 22:09:57,ADA,0.2417,49.1,4,🟢 COMPRAR,6.28,📈 ALTA,1,RSI 49 neutro | SMA9>SMA21 | Abaixo SMA50 | MACD- | Macro +1 | LSTM +6.3% | MTF ALTA (2/3) [maior:↑ medio:↑ menor:↓],0.0,2.0
2026-10-02 23:08:32,BTC,84496.27,58.0,4,🟢 COMPRAR,-1.12,📉 QUEDA,1,RSI 58 alto (atenuado) | SMA9>SMA21 | Acima SMA50 | MACD+ | Bônus tendência | Macro +1 | LSTM -1.1% | MTF ALTA (2/3) [maior:↑ medio:↑ menor:↓],0.009,2.0
2026-10-02 23:08:32,ETH,2666.42,49.5,4,🟢 COMPRAR,1.31,📈 ALTA,1,RSI 49 neutro | SMA9>SMA21 | Abaixo SMA50 | MACD- | Macro +1 | LSTM +1.3% | MTF ALTA (2/3) [maior:↑ medio:↑ menor:↓],0.051,2.0
2026-10-02 23:08:32,SOL,118.38,54.8,4,🟢 COMPRAR,1.88,📈 ALTA,1,RSI 55 neutro | SMA9>SMA21 | Abaixo SMA50 | MACD- | Macro +1 | LSTM +1.9% | MTF ALTA (2/3) [maior:↑ medio:↑ menor:↓],-0.013,2.0
2026-10-02 23:08:32,BNB,766.61,51.6,1,🟡 AGUARDAR,0.57,📈 ALTA,1,RSI 52 neutro | SMA9>SMA21 | Abaixo SMA50 | MACD- | Penalidade tendência | Macro +1 | MTF ALTA (2/3) [maior:↑ medio:↑ menor:↓],0.0,2.0
2026-10-02 23:08:32,ADA,0.2423,49.8,4,🟢 COMPRAR,6.01,📈 ALTA,1,RSI 50 neutro | SMA9>SMA21 | Abaixo SMA50 | MACD- | Macro +1 | LSTM +6.0% | MTF ALTA (2/3) [maior:↑ medio:↑ menor:↓],0.0,2.0
2026-10-03 00:21:43,BTC,84523.02,58.3,2,🟢 COMPRAR (conf.),-1.15,📉 QUEDA,1,RSI 58 alto (atenuado) | SMA9>SMA21 | Acima SMA50 | MACD- | Bônus tendência | Macro +1 | LSTM -1.1% | MTF ALTA (2/3) [maior:↑ medio:↑ menor:↓],0.005,2.0
2026-10-03 00:21:43,ETH,2669.16,46.8,4,🟢 COMPRAR,1.14,📈 ALTA,1,RSI 47 neutro | SMA9>SMA21 | Abaixo SMA50 | MACD- | Macro +1 | LSTM +1.1% | MTF ALTA (2/3) [maior:↑ medio:↑ menor:↓],0.052,2.0
2026-10-03 00:21:43,SOL,118.68,52.6,4,🟢 COMPRAR,1.62,📈 ALTA,1,RSI 53 neutro | SMA9>SMA21 | Abaixo SMA50 | MACD- | Macro +1 | LSTM +1.6% | MTF ALTA (2/3) [maior:↑ medio:↑ menor:↓],-0.013,2.0
2026-10-03 00:21:43,BNB,767.86,48.9,1,🟡 AGUARDAR,0.42,📈 ALTA,1,RSI 49 neutro | SMA9>SMA21 | Abaixo SMA50 | MACD- | Penalidade tendência | Macro +1 | MTF ALTA (2/3) [maior:↑ medio:↑ menor:↓],0.0,2.0
2026-10-03 00:21:43,ADA,0.246,49.5,4,🟢 COMPRAR,4.35,📈 ALTA,1,RSI 49 neutro | SMA9>SMA21 | Abaixo SMA50 | MACD- | Macro +1 | LSTM +4.3% | MTF ALTA (2/3) [maior:↑ medio:↑ menor:↓],0.0,2.0
2026-10-03 01:15:33,BTC,84655.99,59.2,2,🟢 COMPRAR (conf.),-1.3,📉 QUEDA,1,RSI 59 alto (atenuado) | SMA9>SMA21 | Acima SMA50 | MACD- | Bônus tendência | Macro +1 | LSTM -1.3% | MTF ALTA (2/3) [maior:↑ medio:↑ menor:↓],0.005,2.0
2026-10-03 01:15:33,ETH,2679.97,49.2,2,🟡 AGUARDAR,0.74,📈 ALTA,1,RSI 49 neutro | SMA9>SMA21 | Abaixo SMA50 | MACD- | Macro +1 | MTF ALTA (2/3) [maior:↑ medio:↑ menor:↓],0.052,2.0
2026-10-03 01:15:33,SOL,119.42,55.4,3,🟢 COMPRAR,0.96,📈 ALTA,1,RSI 55 alto | SMA9>SMA21 | Abaixo SMA50 | MACD+ | Macro +1 | MTF ALTA (2/3) [maior:↑ medio:↑ menor:↓],-0.013,2.0
2026-10-03 01:15:33,BNB,768.69,49.9,1,🟡 AGUARDAR,0.31,📈 ALTA,1,RSI 50 neutro | SMA9>SMA21 | Abaixo SMA50 | MACD- | Penalidade tendência | Macro +1 | MTF ALTA (2/3) [maior:↑ medio:↑ menor:↓],0.0,2.0
2026-10-03 01:15:33,ADA,0.2477,51.3,4,🟢 COMPRAR,3.62,📈 ALTA,1,RSI 51 neutro | SMA9>SMA21 | Abaixo SMA50 | MACD- | Macro +1 | LSTM +3.6% | MTF ALTA (2/3) [maior:↑ medio:↑ menor:↓],0.0,2.0
2026-10-03 03:21:56,BTC,84575.84,58.6,2,🟢 COMPRAR (conf.),-1.21,📉 QUEDA,1,RSI 59 alto (atenuado) | SMA9>SMA21 | Acima SMA50 | MACD- | Bônus tendência | Macro +1 | LSTM -1.2% | MTF ALTA (2/3) [maior:↑ medio:↑ menor:↓],0.005,2.0
2026-10-03 03:21:56,ETH,2678.66,48.9,2,🟡 AGUARDAR,0.8,📈 ALTA,1,RSI 49 neutro | SMA9>SMA21 | Abaixo SMA50 | MACD- | Macro +1 | MTF ALTA (2/3) [maior:↑ medio:↑ menor:↓],0.052,2.0
2026-10-03 03:21:56,SOL,118.98,53.8,4,🟢 COMPRAR,1.37,📈 ALTA,1,RSI 54 neutro | SMA9>SMA21 | Abaixo SMA50 | MACD- | Macro +1 | LSTM +1.4% | MTF ALTA (2/3) [maior:↑ medio:↑ menor:↓],-0.013,2.0
2026-10-03 03:21:56,BNB,768.78,50.0,1,🟡 AGUARDAR,0.31,📈 ALTA,1,RSI 50 neutro | SMA9>SMA21 | Abaixo SMA50 | MACD- | Penalidade tendência | Macro +1 | MTF ALTA (2/3) [maior:↑ medio:↑ menor:↓],0.0,2.0
2026-10-03 03:21:56,ADA,0.2472,50.8,4,🟢 COMPRAR,3.9,📈 ALTA,1,RSI 51 neutro | SMA9>SMA21 | Abaixo SMA50 | MACD- | Macro +1 | LSTM +3.9% | MTF ALTA (2/3) [maior:↑ medio:↑ menor:↓],0.0,2.0
2026-10-03 09:16:53,BTC,84591.8,60.6,2,🟢 COMPRAR (conf.),-1.26,📉 QUEDA,1,RSI 61 alto (atenuado) | SMA9>SMA21 | Acima SMA50 | MACD- | Bônus tendência | Macro +1 | LSTM -1.3% | MTF ALTA (2/3) [maior:↑ medio:↑ menor:↓],0.005,2.0
2026-10-03 09:16:53,ETH,2684.61,51.9,2,🟡 AGUARDAR,0.48,📈 ALTA,1,RSI 52 neutro | SMA9>SMA21 | Abaixo SMA50 | MACD- | Macro +1 | MTF ALTA (3/3) [maior:↑ medio:↑ menor:↑],0.052,2.0
2026-10-03 09:16:53,SOL,119.32,58.6,5,🟢 COMPRAR,1.06,📈 ALTA,1,RSI 59 alto | SMA9>SMA21 | Abaixo SMA50 | MACD+ | Macro +1 | LSTM +1.1% | MTF ALTA (3/3) [maior:↑ medio:↑ menor:↑],-0.013,2.0
2026-10-03 09:16:53,BNB,766.69,53.8,1,🟡 AGUARDAR,0.56,📈 ALTA,1,RSI 54 neutro | SMA9>SMA21 | Abaixo SMA50 | MACD- | Penalidade tendência | Macro +1 | MTF ALTA (2/3) [maior:↑ medio:↑ menor:↓],0.0,2.0
2026-10-03 09:16:53,ADA,0.2434,44.3,-3,🔴 VENDER,5.4,📈 ALTA,1,RSI 44 baixo (atenuado) | SMA9<SMA21 | Abaixo SMA50 | MACD- | Penalidade tendência | Macro +1 | LSTM +5.4% | MTF BAIXA (2/3) [maior:↑ medio:↓ menor:↓],0.0,-2.0
2026-10-03 10:14:34,BTC,84568.91,60.5,2,🟢 COMPRAR (conf.),-1.23,📉 QUEDA,1,RSI 60 alto (atenuado) | SMA9>SMA21 | Acima SMA50 | MACD- | Bônus tendência | Macro +1 | LSTM -1.2% | MTF ALTA (2/3) [maior:↑ medio:↑ menor:↓],0.005,2.0
2026-10-03 10:14:34,ETH,2681.64,51.3,2,🟡 AGUARDAR,0.6,📈 ALTA,1,RSI 51 neutro | SMA9>SMA21 | Abaixo SMA50 | MACD- | Macro +1 | MTF ALTA (3/3) [maior:↑ medio:↑ menor:↑],0.052,2.0
2026-10-03 10:14:34,SOL,119.38,58.9,5,🟢 COMPRAR,1.05,📈 ALTA,1,RSI 59 alto | SMA9>SMA21 | Abaixo SMA50 | MACD+ | Macro +1 | LSTM +1.1% | MTF ALTA (3/3) [maior:↑ medio:↑ menor:↑],-0.013,2.0
2026-10-03 10:14:34,BNB,768.18,55.5,0,🟡 AGUARDAR,0.37,📈 ALTA,1,RSI 55 alto | SMA9>SMA21 | Abaixo SMA50 | MACD- | Penalidade tendência | Macro +1 | MTF ALTA (2/3) [maior:↑ medio:↑ menor:↓],0.0,2.0
2026-10-03 10:14:34,ADA,0.2448,45.9,3,🟢 COMPRAR,4.82,📈 ALTA,1,RSI 46 neutro | SMA9>SMA21 | Abaixo SMA50 | MACD- | Penalidade tendência | Macro +1 | LSTM +4.8% | MTF ALTA (2/3) [maior:↑ medio:↑ menor:↓],0.0,2.0
2026-10-03 14:57:32,BTC,84839.05,58.8,2,🟢 COMPRAR (conf.),-1.58,📉 QUEDA,1,RSI 59 alto (atenuado) | SMA9>SMA21 | Acima SMA50 | MACD- | Bônus tendência | Macro +1 | LSTM -1.6% | MTF ALTA (3/3) [maior:↑ medio:↑ menor:↑],0.005,2.0
2026-10-03 14:57:32,ETH,2682.64,43.8,1,🟡 AGUARDAR,0.45,📈 ALTA,1,RSI 44 baixo | SMA9<SMA21 | Abaixo SMA50 | MACD- | Macro +1 | MTF ALTA (2/3) [maior:↑ medio:↓ menor:↑],0.052,2.0
2026-10-03 14:57:32,SOL,119.76,58.5,3,🟢 COMPRAR,0.69,📈 ALTA,1,RSI 58 alto | SMA9>SMA21 | Abaixo SMA50 | MACD+ | Macro +1 | MTF ALTA (3/3) [maior:↑ medio:↑ menor:↑],-0.013,2.0
2026-10-03 14:57:32,BNB,778.4,58.5,5,🟢 COMPRAR,-0.92,📉 QUEDA,1,RSI 58 alto | SMA9>SMA21 | Acima SMA50 | MACD+ | Macro +1 | MTF ALTA (3/3) [maior:↑ medio:↑ menor:↑],0.0,2.0
2026-10-03 14:57:32,ADA,0.2458,46.6,1,🟡 AGUARDAR,4.32,📈 ALTA,1,RSI 47 neutro | SMA9<SMA21 | Abaixo SMA50 | MACD- | Penalidade tendência | Macro +1 | LSTM +4.3% | MTF ALTA (2/3) [maior:↑ medio:↓ menor:↑],0.0,2.0
2026-10-03 16:19:16,BTC,84803.86,56.4,2,🟢 COMPRAR (conf.),-1.55,📉 QUEDA,1,RSI 56 alto (atenuado) | SMA9>SMA21 | Acima SMA50 | MACD- | Bônus tendência | Macro +1 | LSTM -1.6% | MTF ALTA (3/3) [maior:↑ medio:↑ menor:↑],0.005,2.0
2026-10-03 16:19:16,ETH,2678.05,48.9,0,🟡 AGUARDAR,0.57,📈 ALTA,1,RSI 49 neutro | SMA9<SMA21 | Abaixo SMA50 | MACD- | Macro +1 | MTF ALTA (2/3) [maior:↑ medio:↓ menor:↑],0.052,2.0
2026-10-03 16:19:16,SOL,119.55,60.8,3,🟢 COMPRAR,0.88,📈 ALTA,1,RSI 61 alto | SMA9>SMA21 | Abaixo SMA50 | MACD+ | Macro +1 | MTF ALTA (3/3) [maior:↑ medio:↑ menor:↑],-0.013,2.0
2026-10-03 16:19:16,BNB,777.05,62.7,5,🟢 COMPRAR,-0.7,📉 QUEDA,1,RSI 63 alto | SMA9>SMA21 | Acima SMA50 | MACD+ | Macro +1 | MTF ALTA (3/3) [maior:↑ medio:↑ menor:↑],0.0,2.0
2026-10-03 16:19:16,ADA,0.2446,47.8,-3,🔴 VENDER,4.77,📈 ALTA,1,RSI 48 neutro | SMA9<SMA21 | Abaixo SMA50 | MACD- | Penalidade tendência | Macro +1 | LSTM +4.8% | MTF BAIXA (2/3) [maior:↑ medio:↓ menor:↓],0.0,-2.0
2026-10-03 18:01:09,BTC,84980.86,58.0,2,🟢 COMPRAR (conf.),-1.74,📉 QUEDA,1,RSI 58 alto (atenuado) | SMA9>SMA21 | Acima SMA50 | MACD- | Bônus tendência | Macro +1 | LSTM -1.7% | MTF ALTA (3/3) [maior:↑ medio:↑ menor:↑],0.005,2.0
2026-10-03 18:01:09,ETH,2687.74,51.8,0,🟡 AGUARDAR,0.23,📈 ALTA,1,RSI 52 neutro | SMA9<SMA21 | Abaixo SMA50 | MACD- | Macro +1 | MTF ALTA (2/3) [maior:↑ medio:↓ menor:↑],0.052,2.0
2026-10-03 18:01:09,SOL,119.94,62.4,5,🟢 COMPRAR,0.59,📈 ALTA,1,RSI 62 alto | SMA9>SMA21 | Acima SMA50 | MACD+ | Macro +1 | MTF ALTA (3/3) [maior:↑ medio:↑ menor:↑],-0.013,2.0
2026-10-03 18:01:09,BNB,787.61,70.7,0,🚫 BLOQUEADO,-2.01,📉 QUEDA,1,LSTM -2.0% (queda forte),0.0,2.0
2026-10-03 18:01:09,ADA,0.2459,49.4,-3,🔴 VENDER,4.23,📈 ALTA,1,RSI 49 neutro | SMA9<SMA21 | Abaixo SMA50 | MACD- | Penalidade tendência | Macro +1 | LSTM +4.2% | MTF BAIXA (2/3) [maior:↑ medio:↓ menor:↓],0.0,-2.0
2026-10-03 18:09:22,BTC,85019.98,58.3,1,🟡 AGUARDAR,-1.79,📉 QUEDA,0,RSI 58 alto (atenuado) | SMA9>SMA21 | Acima SMA50 | MACD- | Bônus tendência | LSTM -1.8% | MTF ALTA (3/3) [maior:↑ medio:↑ menor:↑],0.005,2.0
2026-10-03 18:09:22,ETH,2689.33,52.2,1,🟡 AGUARDAR,0.16,📈 ALTA,0,RSI 52 neutro | SMA9<SMA21 | Acima SMA50 | MACD- | MTF ALTA (2/3) [maior:↑ medio:↓ menor:↑],0.052,2.0
2026-10-03 18:09:22,SOL,119.99,62.7,4,🟢 COMPRAR,0.51,📈 ALTA,0,RSI 63 alto | SMA9>SMA21 | Acima SMA50 | MACD+ | MTF ALTA (3/3) [maior:↑ medio:↑ menor:↑],-0.013,2.0
2026-10-03 18:09:22,BNB,789.31,72.1,0,🚫 BLOQUEADO,-2.22,📉 QUEDA,0,LSTM -2.2% (queda forte),0.0,2.0
2026-10-03 18:09:22,ADA,0.2457,49.2,-4,🔴 VENDER,4.29,📈 ALTA,0,RSI 49 neutro | SMA9<SMA21 | Abaixo SMA50 | MACD- | Penalidade tendência | LSTM +4.3% | MTF BAIXA (2/3) [maior:↑ medio:↓ menor:↓],0.0,-2.0
2026-10-03 18:15:22,BTC,84982.03,58.0,1,🟡 AGUARDAR,-1.75,📉 QUEDA,0,RSI 58 alto (atenuado) | SMA9>SMA21 | Acima SMA50 | MACD- | Bônus tendência | LSTM -1.8% | MTF ALTA (3/3) [maior:↑ medio:↑ menor:↑],0.005,2.0
2026-10-03 18:15:22,ETH,2686.63,51.4,-1,🟡 AGUARDAR,0.27,📈 ALTA,0,RSI 51 neutro | SMA9<SMA21 | Abaixo SMA50 | MACD- | MTF ALTA (2/3) [maior:↑ medio:↓ menor:↑],0.052,2.0
2026-10-03 18:15:22,SOL,119.92,62.4,4,🟢 COMPRAR,0.6,📈 ALTA,0,RSI 62 alto | SMA9>SMA21 | Acima SMA50 | MACD+ | MTF ALTA (3/3) [maior:↑ medio:↑ menor:↑],-0.013,2.0
2026-10-03 18:15:22,BNB,788.1,71.1,0,🚫 BLOQUEADO,-2.07,📉 QUEDA,0,LSTM -2.1% (queda forte),0.0,2.0
2026-10-03 18:15:22,ADA,0.2455,49.0,-4,🔴 VENDER,4.37,📈 ALTA,0,RSI 49 neutro | SMA9<SMA21 | Abaixo SMA50 | MACD- | Penalidade tendência | LSTM +4.4% | MTF BAIXA (2/3) [maior:↑ medio:↓ menor:↓],0.0,-2.0
2026-10-03 18:15:29,BTC,84983.25,58.0,1,🟡 AGUARDAR,-1.75,📉 QUEDA,0,RSI 58 alto (atenuado) | SMA9>SMA21 | Acima SMA50 | MACD- | Bônus tendência | LSTM -1.8% | MTF ALTA (3/3) [maior:↑ medio:↑ menor:↑],0.005,2.0
2026-10-03 18:15:29,ETH,2686.63,51.4,-1,🟡 AGUARDAR,0.27,📈 ALTA,0,RSI 51 neutro | SMA9<SMA21 | Abaixo SMA50 | MACD- | MTF ALTA (2/3) [maior:↑ medio:↓ menor:↑],0.052,2.0
2026-10-03 18:15:29,SOL,119.91,62.4,4,🟢 COMPRAR,0.61,📈 ALTA,0,RSI 62 alto | SMA9>SMA21 | Acima SMA50 | MACD+ | MTF ALTA (3/3) [maior:↑ medio:↑ menor:↑],-0.013,2.0
2026-10-03 18:15:29,BNB,788.09,71.1,0,🚫 BLOQUEADO,-2.07,📉 QUEDA,0,LSTM -2.1% (queda forte),0.0,2.0
2026-10-03 18:15:29,ADA,0.2455,49.0,-4,🔴 VENDER,4.37,📈 ALTA,0,RSI 49 neutro | SMA9<SMA21 | Abaixo SMA50 | MACD- | Penalidade tendência | LSTM +4.4% | MTF BAIXA (2/3) [maior:↑ medio:↓ menor:↓],0.0,-2.0
2026-10-03 18:19:37,BTC,84939.57,57.6,1,🟡 AGUARDAR,-1.7,📉 QUEDA,0,RSI 58 alto (atenuado) | SMA9>SMA21 | Acima SMA50 | MACD- | Bônus tendência | LSTM -1.7% | MTF ALTA (3/3) [maior:↑ medio:↑ menor:↑],0.005,2.0
2026-10-03 18:19:37,ETH,2685.71,51.2,-1,🟡 AGUARDAR,0.3,📈 ALTA,0,RSI 51 neutro | SMA9<SMA21 | Abaixo SMA50 | MACD- | MTF ALTA (2/3) [maior:↑ medio:↓ menor:↑],0.052,2.0
2026-10-03 18:19:37,SOL,119.79,62.0,2,🟡 AGUARDAR,0.68,📈 ALTA,0,RSI 62 alto | SMA9>SMA21 | Abaixo SMA50 | MACD+ | MTF ALTA (3/3) [maior:↑ medio:↑ menor:↑],-0.013,2.0
2026-10-03 18:19:37,BNB,787.92,71.1,0,🚫 BLOQUEADO,-2.05,📉 QUEDA,0,LSTM -2.0% (queda forte),0.0,2.0
2026-10-03 18:19:37,ADA,0.245,48.4,-4,🔴 VENDER,4.58,📈 ALTA,0,RSI 48 neutro | SMA9<SMA21 | Abaixo SMA50 | MACD- | Penalidade tendência | LSTM +4.6% | MTF BAIXA (2/3) [maior:↑ medio:↓ menor:↓],0.0,-2.0
2026-10-03 18:19:44,BTC,84939.78,57.6,1,🟡 AGUARDAR,-1.7,📉 QUEDA,0,RSI 58 alto (atenuado) | SMA9>SMA21 | Acima SMA50 | MACD- | Bônus tendência | LSTM -1.7% | MTF ALTA (3/3) [maior:↑ medio:↑ menor:↑],0.005,2.0
2026-10-03 18:19:44,ETH,2685.71,51.2,-1,🟡 AGUARDAR,0.3,📈 ALTA,0,RSI 51 neutro | SMA9<SMA21 | Abaixo SMA50 | MACD- | MTF ALTA (2/3) [maior:↑ medio:↓ menor:↑],0.052,2.0
2026-10-03 18:19:44,SOL,119.81,62.1,4,🟢 COMPRAR,0.66,📈 ALTA,0,RSI 62 alto | SMA9>SMA21 | Acima SMA50 | MACD+ | MTF ALTA (3/3) [maior:↑ medio:↑ menor:↑],-0.013,2.0
2026-10-03 18:19:44,BNB,787.92,71.1,0,🚫 BLOQUEADO,-2.05,📉 QUEDA,0,LSTM -2.0% (queda forte),0.0,2.0
2026-10-03 18:19:44,ADA,0.245,48.4,-4,🔴 VENDER,4.58,📈 ALTA,0,RSI 48 neutro | SMA9<SMA21 | Abaixo SMA50 | MACD- | Penalidade tendência | LSTM +4.6% | MTF BAIXA (2/3) [maior:↑ medio:↓ menor:↓],0.0,-2.0
2026-10-03 18:33:22,BTC,84948.86,57.7,1,🟡 AGUARDAR,-1.71,📉 QUEDA,0,RSI 58 alto (atenuado) | SMA9>SMA21 | Acima SMA50 | MACD- | Bônus tendência | LSTM -1.7% | MTF ALTA (3/3) [maior:↑ medio:↑ menor:↑],0.005,2.0
2026-10-03 18:33:22,ETH,2685.0,51.0,-1,🟡 AGUARDAR,0.33,📈 ALTA,0,RSI 51 neutro | SMA9<SMA21 | Abaixo SMA50 | MACD- | MTF ALTA (2/3) [maior:↑ medio:↓ menor:↑],0.052,2.0
2026-10-03 18:33:22,SOL,119.78,61.9,2,🟡 AGUARDAR,0.72,📈 ALTA,0,RSI 62 alto | SMA9>SMA21 | Abaixo SMA50 | MACD+ | MTF ALTA (3/3) [maior:↑ medio:↑ menor:↑],-0.013,2.0
2026-10-03 18:33:22,BNB,789.04,72.0,0,🚫 BLOQUEADO,-2.18,📉 QUEDA,0,LSTM -2.2% (queda forte),0.0,2.0
2026-10-03 18:33:22,ADA,0.2451,48.5,-4,🔴 VENDER,4.53,📈 ALTA,0,RSI 48 neutro | SMA9<SMA21 | Abaixo SMA50 | MACD- | Penalidade tendência | LSTM +4.5% | MTF BAIXA (2/3) [maior:↑ medio:↓ menor:↓],0.0,-2.0
2026-10-03 18:53:14,BTC,84918.28,57.5,3,🟢 COMPRAR,,,0,RSI 57 alto (atenuado) | SMA9>SMA21 | Acima SMA50 | MACD- | Bônus tendência | MTF ALTA (3/3) [maior:↑ medio:↑ menor:↑],,2.0
2026-10-03 18:53:14,ETH,2683.35,50.5,-1,🟡 AGUARDAR,,,0,RSI 50 neutro | SMA9<SMA21 | Abaixo SMA50 | MACD- | MTF ALTA (2/3) [maior:↑ medio:↓ menor:↑],,2.0
2026-10-03 18:53:14,SOL,119.8,61.9,4,🟢 COMPRAR,,,0,RSI 62 alto | SMA9>SMA21 | Acima SMA50 | MACD+ | MTF ALTA (3/3) [maior:↑ medio:↑ menor:↑],,2.0
2026-10-03 18:53:14,BNB,788.71,71.8,5,🟢 COMPRAR,,,0,RSI 72 sobrecomprado (atenuado) | SMA9>SMA21 | Acima SMA50 | MACD+ | Banda sup (força) | Bônus tendência | MTF ALTA (3/3) [maior:↑ medio:↑ menor:↑],,2.0
2026-10-03 18:53:14,ADA,0.2448,48.1,-6,🔴 VENDER,,,0,RSI 48 neutro | SMA9<SMA21 | Abaixo SMA50 | MACD- | Penalidade tendência | MTF BAIXA (2/3) [maior:↑ medio:↓ menor:↓],,-2.0
2026-10-03 18:56:50,BTC,84937.95,57.6,3,🟢 COMPRAR,,,0,RSI 58 alto (atenuado) | SMA9>SMA21 | Acima SMA50 | MACD- | Bônus tendência | MTF ALTA (3/3) [maior:↑ medio:↑ menor:↑],,2.0
2026-10-03 18:56:50,ETH,2683.99,50.7,-1,🟡 AGUARDAR,,,0,RSI 51 neutro | SMA9<SMA21 | Abaixo SMA50 | MACD- | MTF ALTA (2/3) [maior:↑ medio:↓ menor:↑],,2.0
2026-10-03 18:56:50,SOL,119.85,62.2,4,🟢 COMPRAR,,,0,RSI 62 alto | SMA9>SMA21 | Acima SMA50 | MACD+ | MTF ALTA (3/3) [maior:↑ medio:↑ menor:↑],,2.0
2026-10-03 18:56:50,BNB,789.23,72.1,5,🟢 COMPRAR,,,0,RSI 72 sobrecomprado (atenuado) | SMA9>SMA21 | Acima SMA50 | MACD+ | Banda sup (força) | Bônus tendência | MTF ALTA (3/3) [maior:↑ medio:↑ menor:↑],,2.0
2026-10-03 18:56:50,ADA,0.2449,48.3,-6,🔴 VENDER,,,0,RSI 48 neutro | SMA9<SMA21 | Abaixo SMA50 | MACD- | Penalidade tendência | MTF BAIXA (2/3) [maior:↑ medio:↓ menor:↓],,-2.0
2026-10-03 18:59:55,BTC,84928.91,57.5,3,🟢 COMPRAR,-1.39,📉 QUEDA,0,RSI 58 alto (atenuado) | SMA9>SMA21 | Acima SMA50 | MACD- | Bônus tendência | MTF ALTA (3/3) [maior:↑ medio:↑ menor:↑],,2.0
2026-10-03 18:59:55,ETH,2684.48,50.9,-1,🟡 AGUARDAR,-1.14,📉 QUEDA,0,RSI 51 neutro | SMA9<SMA21 | Abaixo SMA50 | MACD- | MTF ALTA (2/3) [maior:↑ medio:↓ menor:↑],,2.0
2026-10-03 18:59:55,SOL,119.92,62.5,4,🟢 COMPRAR,-1.35,📉 QUEDA,0,RSI 62 alto | SMA9>SMA21 | Acima SMA50 | MACD+ | MTF ALTA (3/3) [maior:↑ medio:↑ menor:↑],,2.0
2026-10-03 18:59:55,BNB,789.56,72.3,4,🟢 COMPRAR,-2.67,📉 QUEDA,0,RSI 72 sobrecomprado (atenuado) | SMA9>SMA21 | Acima SMA50 | MACD+ | Banda sup (força) | Bônus tendência | LSTM -2.7% | MTF ALTA (3/3) [maior:↑ medio:↑ menor:↑],,2.0
2026-10-03 18:59:55,ADA,0.2453,48.7,-6,🔴 VENDER,-0.34,📉 QUEDA,0,RSI 49 neutro | SMA9<SMA21 | Abaixo SMA50 | MACD- | Penalidade tendência | MTF BAIXA (2/3) [maior:↑ medio:↓ menor:↓],,-2.0
2026-10-03 19:16:43,BTC,84851.08,56.9,3,🟢 COMPRAR,-0.27,📉 QUEDA,0,RSI 57 alto (atenuado) | SMA9>SMA21 | Acima SMA50 | MACD- | Bônus tendência | MTF ALTA (3/3) [maior:↑ medio:↑ menor:↑],,2.0
2026-10-03 19:16:43,ETH,2684.0,50.7,-1,🟡 AGUARDAR,-0.87,📉 QUEDA,0,RSI 51 neutro | SMA9<SMA21 | Abaixo SMA50 | MACD- | MTF ALTA (2/3) [maior:↑ medio:↓ menor:↑],,2.0
2026-10-03 19:16:43,SOL,119.8,62.0,5,🟢 COMPRAR,2.68,📈 ALTA,0,RSI 62 alto | SMA9>SMA21 | Acima SMA50 | MACD+ | LSTM +2.7% | MTF ALTA (3/3) [maior:↑ medio:↑ menor:↑],,2.0
2026-10-03 19:16:43,BNB,790.83,72.9,0,🚫 BLOQUEADO,-3.08,📉 QUEDA,0,LSTM -3.1% (queda forte),,2.0
2026-10-03 19:16:43,ADA,0.2449,48.2,-6,🔴 VENDER,0.21,📈 ALTA,0,RSI 48 neutro | SMA9<SMA21 | Abaixo SMA50 | MACD- | Penalidade tendência | MTF BAIXA (2/3) [maior:↑ medio:↓ menor:↓],,-2.0
2026-10-03 19:16:43,PETR4,51.17,61.1,0,🚫 BLOQUEADO,-4.18,📉 QUEDA,0,LSTM -4.2% (queda forte),,2.0
2026-10-03 19:16:43,VALE3,72.1,36.9,-3,🔴 VENDER,-2.02,📉 QUEDA,0,RSI 37 baixo (atenuado) | SMA9<SMA21 | Abaixo SMA50 | MACD- | Penalidade tendência | LSTM -2.0% | MTF ALTA (2/3) [maior:↓ medio:↑ menor:↑],,2.0
2026-10-03 19:16:43,ITUB4,44.83,68.0,0,🚫 BLOQUEADO,-5.77,📉 QUEDA,0,LSTM -5.8% (queda forte),,2.0
2026-10-03 19:16:43,BBAS3,23.72,65.2,0,🚫 BLOQUEADO,-7.12,📉 QUEDA,0,LSTM -7.1% (queda forte),,2.0
2026-10-03 19:16:43,WEGE3,51.45,54.3,1,🟡 AGUARDAR,-2.98,📉 QUEDA,0,RSI 54 neutro | SMA9<SMA21 | Acima SMA50 | MACD- | Bônus tendência | LSTM -3.0% | MTF ALTA (2/3) [maior:↓ medio:↑ menor:↑],,2.0
2026-10-03 19:16:43,ITSA4,14.67,64.5,0,🚫 BLOQUEADO,-3.65,📉 QUEDA,0,LSTM -3.6% (queda forte),,-2.0
2026-10-03 19:16:43,BBDC4,19.23,63.5,0,🚫 BLOQUEADO,-6.71,📉 QUEDA,0,LSTM -6.7% (queda forte),,2.0
2026-10-03 19:16:43,B3SA3,19.0,73.5,0,🚫 BLOQUEADO,-7.03,📉 QUEDA,0,LSTM -7.0% (queda forte),,2.0
2026-10-03 19:16:43,PRIO3,63.01,47.1,0,🚫 BLOQUEADO,-3.73,📉 QUEDA,0,LSTM -3.7% (queda forte),,2.0
2026-10-03 19:16:43,ABEV3,15.84,49.2,0,🚫 BLOQUEADO,-3.04,📉 QUEDA,0,LSTM -3.0% (queda forte),,2.0
2026-10-03 20:37:30,BTC,84854.78,52.2,4,🟢 COMPRAR,-0.51,📉 QUEDA,0,RSI 52 neutro | SMA9>SMA21 | Acima SMA50 | MACD- | Bônus tendência | MTF ALTA (3/3) [maior:↑ medio:↑ menor:↑],,2.0
2026-10-03 20:37:30,ETH,2686.84,46.2,-1,🟡 AGUARDAR,0.68,📈 ALTA,0,RSI 46 neutro | SMA9<SMA21 | Abaixo SMA50 | MACD- | MTF ALTA (2/3) [maior:↑ medio:↓ menor:↑],,2.0
2026-10-03 20:37:30,SOL,119.94,59.0,4,🟢 COMPRAR,-1.03,📉 QUEDA,0,RSI 59 alto | SMA9>SMA21 | Acima SMA50 | MACD+ | MTF ALTA (3/3) [maior:↑ medio:↑ menor:↑],,2.0
2026-10-03 20:37:30,BNB,787.98,68.4,4,🟢 COMPRAR,-2.17,📉 QUEDA,0,RSI 68 sobrecomprado (atenuado) | SMA9>SMA21 | Acima SMA50 | MACD+ | Bônus tendência | LSTM -2.2% | MTF ALTA (3/3) [maior:↑ medio:↑ menor:↑],,2.0
2026-10-03 20:37:30,ADA,0.2454,46.7,-6,🔴 VENDER,-0.5,📉 QUEDA,0,RSI 47 neutro | SMA9<SMA21 | Abaixo SMA50 | MACD- | Penalidade tendência | MTF BAIXA (2/3) [maior:↑ medio:↓ menor:↓],,-2.0
2026-10-03 21:07:04,BTC,84595.28,49.5,4,🟢 COMPRAR,0.25,📈 ALTA,0,RSI 50 neutro | SMA9>SMA21 | Acima SMA50 | MACD- | Bônus tendência | MTF ALTA (3/3) [maior:↑ medio:↑ menor:↑],,2.0
2026-10-03 21:07:04,ETH,2684.81,45.5,-1,🟡 AGUARDAR,-0.61,📉 QUEDA,0,RSI 45 neutro | SMA9<SMA21 | Abaixo SMA50 | MACD- | MTF ALTA (2/3) [maior:↑ medio:↓ menor:↑],,2.0
2026-10-03 21:07:04,SOL,119.64,57.5,2,🟡 AGUARDAR,0.12,📈 ALTA,0,RSI 58 alto | SMA9>SMA21 | Abaixo SMA50 | MACD+ | MTF ALTA (3/3) [maior:↑ medio:↑ menor:↑],,2.0
2026-10-03 21:07:04,BNB,786.26,66.0,4,🟢 COMPRAR,-2.93,📉 QUEDA,0,RSI 66 sobrecomprado (atenuado) | SMA9>SMA21 | Acima SMA50 | MACD+ | Bônus tendência | LSTM -2.9% | MTF ALTA (3/3) [maior:↑ medio:↑ menor:↑],,2.0
2026-10-03 21:07:04,ADA,0.2448,46.0,-6,🔴 VENDER,0.09,📈 ALTA,0,RSI 46 neutro | SMA9<SMA21 | Abaixo SMA50 | MACD- | Penalidade tendência | MTF BAIXA (2/3) [maior:↑ medio:↓ menor:↓],,-2.0
2026-10-04 00:11:24,BTC,84790.31,49.4,4,🟢 COMPRAR,0.03,📈 ALTA,0,RSI 49 neutro | SMA9>SMA21 | Acima SMA50 | MACD- | Bônus tendência | MTF ALTA (3/3) [maior:↑ medio:↑ menor:↑],,2.0
2026-10-04 00:11:24,ETH,2686.51,43.5,0,🟡 AGUARDAR,-0.69,📉 QUEDA,0,RSI 43 baixo | SMA9<SMA21 | Abaixo SMA50 | MACD- | MTF ALTA (2/3) [maior:↑ medio:↓ menor:↑],,2.0
2026-10-04 00:11:24,SOL,119.7,57.0,1,🟡 AGUARDAR,0.03,📈 ALTA,0,RSI 57 alto | SMA9>SMA21 | Abaixo SMA50 | MACD+ | Penalidade tendência | MTF ALTA (3/3) [maior:↑ medio:↑ menor:↑],,2.0
2026-10-04 00:11:24,BNB,786.49,64.7,4,🟢 COMPRAR,-2.83,📉 QUEDA,0,RSI 65 alto (atenuado) | SMA9>SMA21 | Acima SMA50 | MACD+ | Bônus tendência | LSTM -2.8% | MTF ALTA (3/3) [maior:↑ medio:↑ menor:↑],,2.0
2026-10-04 00:11:24,ADA,0.2437,46.8,-6,🔴 VENDER,0.37,📈 ALTA,0,RSI 47 neutro | SMA9<SMA21 | Abaixo SMA50 | MACD- | Penalidade tendência | MTF BAIXA (2/3) [maior:↑ medio:↓ menor:↓],,-2.0
2026-10-04 02:37:03,BTC,84811.3,49.6,4,🟢 COMPRAR,0.0,📈 ALTA,0,RSI 50 neutro | SMA9>SMA21 | Acima SMA50 | MACD- | Bônus tendência | MTF ALTA (3/3) [maior:↑ medio:↑ menor:↑],,2.0
2026-10-04 02:37:03,ETH,2693.71,46.1,1,🟡 AGUARDAR,-0.95,📉 QUEDA,0,RSI 46 neutro | SMA9<SMA21 | Acima SMA50 | MACD- | MTF ALTA (2/3) [maior:↑ medio:↓ menor:↑],,2.0
2026-10-04 02:37:03,SOL,120.16,59.2,4,🟢 COMPRAR,-0.26,📉 QUEDA,0,RSI 59 alto | SMA9>SMA21 | Acima SMA50 | MACD+ | MTF ALTA (3/3) [maior:↑ medio:↑ menor:↑],,2.0
2026-10-04 02:37:03,BNB,784.43,61.9,4,🟢 COMPRAR,-2.59,📉 QUEDA,0,RSI 62 alto (atenuado) | SMA9>SMA21 | Acima SMA50 | MACD+ | Bônus tendência | LSTM -2.6% | MTF ALTA (3/3) [maior:↑ medio:↑ menor:↑],,2.0
2026-10-04 02:37:03,ADA,0.2439,47.1,-6,🔴 VENDER,0.27,📈 ALTA,0,RSI 47 neutro | SMA9<SMA21 | Abaixo SMA50 | MACD- | Penalidade tendência | MTF BAIXA (2/3) [maior:↑ medio:↓ menor:↓],,-2.0
2026-10-04 03:13:01,BTC,84792.74,49.4,4,🟢 COMPRAR,0.03,📈 ALTA,0,RSI 49 neutro | SMA9>SMA21 | Acima SMA50 | MACD- | Bônus tendência | MTF ALTA (2/3) [maior:↑ medio:↑ menor:↓],,2.0
2026-10-04 03:13:01,ETH,2692.2,45.6,1,🟡 AGUARDAR,-0.9,📉 QUEDA,0,RSI 46 neutro | SMA9<SMA21 | Acima SMA50 | MACD- | MTF ALTA (2/3) [maior:↑ medio:↓ menor:↑],,2.0
2026-10-04 03:13:01,SOL,120.3,59.7,4,🟢 COMPRAR,-0.37,📉 QUEDA,0,RSI 60 alto | SMA9>SMA21 | Acima SMA50 | MACD+ | MTF ALTA (3/3) [maior:↑ medio:↑ menor:↑],,2.0
2026-10-04 03:13:01,BNB,783.69,61.4,4,🟢 COMPRAR,-2.5,📉 QUEDA,0,RSI 61 alto (atenuado) | SMA9>SMA21 | Acima SMA50 | MACD+ | Bônus tendência | LSTM -2.5% | MTF ALTA (3/3) [maior:↑ medio:↑ menor:↑],,2.0
2026-10-04 03:13:01,ADA,0.2432,46.3,-6,🔴 VENDER,0.55,📈 ALTA,0,RSI 46 neutro | SMA9<SMA21 | Abaixo SMA50 | MACD- | Penalidade tendência | MTF BAIXA (2/3) [maior:↑ medio:↓ menor:↓],,-2.0
2026-10-04 05:10:28,BTC,84826.21,41.9,5,🟢 COMPRAR,-0.01,📉 QUEDA,0,RSI 42 baixo | SMA9>SMA21 | Acima SMA50 | MACD- | Bônus tendência | MTF ALTA (2/3) [maior:↑ medio:↑ menor:↓],,2.0
2026-10-04 05:10:28,ETH,2693.46,41.1,2,🟡 AGUARDAR,-0.95,📉 QUEDA,0,RSI 41 baixo | SMA9<SMA21 | Acima SMA50 | MACD- | MTF ALTA (2/3) [maior:↑ medio:↓ menor:↑],,2.0
2026-10-04 05:10:28,SOL,120.73,47.1,5,🟢 COMPRAR,-0.72,📉 QUEDA,0,RSI 47 neutro | SMA9>SMA21 | Acima SMA50 | MACD+ | MTF ALTA (3/3) [maior:↑ medio:↑ menor:↑],,2.0
2026-10-04 05:10:28,BNB,786.07,60.3,4,🟢 COMPRAR,-2.69,📉 QUEDA,0,RSI 60 alto (atenuado) | SMA9>SMA21 | Acima SMA50 | MACD+ | Bônus tendência | LSTM -2.7% | MTF ALTA (3/3) [maior:↑ medio:↑ menor:↑],,2.0
2026-10-04 05:10:28,ADA,0.2436,41.9,-6,🔴 VENDER,0.2,📈 ALTA,0,RSI 42 baixo (atenuado) | SMA9<SMA21 | Abaixo SMA50 | MACD- | Penalidade tendência | MTF BAIXA (2/3) [maior:↑ medio:↓ menor:↓],,-2.0
2026-10-04 10:43:16,BTC,85330.29,40.5,7,🟢🟢 COMPRA FORTE,-1.42,📉 QUEDA,0,RSI 41 baixo | SMA9>SMA21 | Acima SMA50 | MACD+ | Bônus tendência | MTF ALTA (3/3) [maior:↑ medio:↑ menor:↑],,2.0
2026-10-04 10:43:16,ETH,2702.67,37.5,5,🟢 COMPRAR,-0.06,📉 QUEDA,0,RSI 38 baixo | SMA9<SMA21 | Acima SMA50 | MACD+ | Bônus tendência | MTF ALTA (2/3) [maior:↑ medio:↓ menor:↑],,2.0
2026-10-04 10:43:16,SOL,121.41,48.3,5,🟢 COMPRAR,-1.05,📉 QUEDA,0,RSI 48 neutro | SMA9>SMA21 | Acima SMA50 | MACD+ | MTF ALTA (3/3) [maior:↑ medio:↑ menor:↑],,2.0
2026-10-04 10:43:16,BNB,789.34,62.5,5,🟢 COMPRAR,-1.9,📉 QUEDA,0,RSI 62 alto (atenuado) | SMA9>SMA21 | Acima SMA50 | MACD+ | Bônus tendência | MTF ALTA (3/3) [maior:↑ medio:↑ menor:↑],,2.0
2026-10-04 10:43:16,ADA,0.2451,35.6,-2,🟡 AGUARDAR,-0.03,📉 QUEDA,0,RSI 36 baixo (atenuado) | SMA9<SMA21 | Abaixo SMA50 | MACD- | Penalidade tendência | MTF ALTA (2/3) [maior:↑ medio:↓ menor:↑],,2.0
2026-10-04 10:49:20,BTC,85323.76,40.4,7,🟢🟢 COMPRA FORTE,-1.33,📉 QUEDA,0,RSI 40 baixo | SMA9>SMA21 | Acima SMA50 | MACD+ | Bônus tendência | MTF ALTA (3/3) [maior:↑ medio:↑ menor:↑],,2.0
2026-10-04 10:49:20,ETH,2702.65,37.6,5,🟢 COMPRAR,-0.59,📉 QUEDA,0,RSI 38 baixo | SMA9<SMA21 | Acima SMA50 | MACD+ | Bônus tendência | MTF ALTA (2/3) [maior:↑ medio:↓ menor:↑],,2.0
2026-10-04 10:49:20,SOL,121.39,48.2,5,🟢 COMPRAR,-1.93,📉 QUEDA,0,RSI 48 neutro | SMA9>SMA21 | Acima SMA50 | MACD+ | MTF ALTA (3/3) [maior:↑ medio:↑ menor:↑],,2.0
2026-10-04 10:49:20,BNB,788.89,62.2,5,🟢 COMPRAR,-1.62,📉 QUEDA,0,RSI 62 alto (atenuado) | SMA9>SMA21 | Acima SMA50 | MACD+ | Bônus tendência | MTF ALTA (3/3) [maior:↑ medio:↑ menor:↑],,2.0
2026-10-04 10:49:20,ADA,0.2452,35.7,-2,🟡 AGUARDAR,0.3,📈 ALTA,0,RSI 36 baixo (atenuado) | SMA9<SMA21 | Abaixo SMA50 | MACD- | Penalidade tendência | MTF ALTA (2/3) [maior:↑ medio:↓ menor:↑],,2.0
2026-10-04 10:55:55,BTC,85320.29,40.3,7,🟢🟢 COMPRA FORTE,-0.96,📉 QUEDA,0,RSI 40 baixo | SMA9>SMA21 | Acima SMA50 | MACD+ | Bônus tendência | MTF ALTA (3/3) [maior:↑ medio:↑ menor:↑],,2.0
2026-10-04 10:55:55,ETH,2703.19,37.7,5,🟢 COMPRAR,-1.72,📉 QUEDA,0,RSI 38 baixo | SMA9<SMA21 | Acima SMA50 | MACD+ | Bônus tendência | MTF ALTA (2/3) [maior:↑ medio:↓ menor:↑],,2.0
2026-10-04 10:55:55,SOL,121.35,47.9,4,🟢 COMPRAR,-2.26,📉 QUEDA,0,RSI 48 neutro | SMA9>SMA21 | Acima SMA50 | MACD+ | LSTM -2.3% | MTF ALTA (3/3) [maior:↑ medio:↑ menor:↑],,2.0
2026-10-04 10:55:55,BNB,789.54,62.7,4,🟢 COMPRAR,-2.05,📉 QUEDA,0,RSI 63 alto (atenuado) | SMA9>SMA21 | Acima SMA50 | MACD+ | Bônus tendência | LSTM -2.0% | MTF ALTA (3/3) [maior:↑ medio:↑ menor:↑],,2.0
2026-10-04 10:55:55,ADA,0.2453,35.8,-2,🟡 AGUARDAR,-0.23,📉 QUEDA,0,RSI 36 baixo (atenuado) | SMA9<SMA21 | Abaixo SMA50 | MACD- | Penalidade tendência | MTF ALTA (2/3) [maior:↑ medio:↓ menor:↑],,2.0
2026-10-04 11:18:17,BTC,85266.11,39.6,7,🟢🟢 COMPRA FORTE,-0.9,📉 QUEDA,0,RSI 40 baixo | SMA9>SMA21 | Acima SMA50 | MACD+ | Bônus tendência | MTF ALTA (3/3) [maior:↑ medio:↑ menor:↑],,2.0
2026-10-04 11:18:17,ETH,2701.55,37.2,5,🟢 COMPRAR,0.36,📈 ALTA,0,RSI 37 baixo | SMA9<SMA21 | Acima SMA50 | MACD+ | Bônus tendência | MTF ALTA (2/3) [maior:↑ medio:↓ menor:↑],,2.0
2026-10-04 11:18:17,SOL,121.26,47.3,4,🟢 COMPRAR,-2.31,📉 QUEDA,0,RSI 47 neutro | SMA9>SMA21 | Acima SMA50 | MACD+ | LSTM -2.3% | MTF ALTA (3/3) [maior:↑ medio:↑ menor:↑],,2.0
2026-10-04 11:18:17,BNB,788.06,61.6,5,🟢 COMPRAR,-1.62,📉 QUEDA,0,RSI 62 alto (atenuado) | SMA9>SMA21 | Acima SMA50 | MACD+ | Bônus tendência | MTF ALTA (3/3) [maior:↑ medio:↑ menor:↑],,2.0
2026-10-04 11:18:17,ADA,0.245,35.5,-2,🟡 AGUARDAR,-0.85,📉 QUEDA,0,RSI 36 baixo (atenuado) | SMA9<SMA21 | Abaixo SMA50 | MACD- | Penalidade tendência | MTF ALTA (2/3) [maior:↑ medio:↓ menor:↑],,2.0
2026-10-04 15:56:47,BTC,85310.18,34.8,8,🟢🟢 COMPRA FORTE,-0.92,📉 QUEDA,0,RSI 35 sobrevendido | SMA9>SMA21 | Acima SMA50 | MACD+ | Bônus tendência | MTF ALTA (3/3) [maior:↑ medio:↑ menor:↑],,2.0
2026-10-04 15:56:47,ETH,2699.3,32.0,6,🟢 COMPRAR,0.46,📈 ALTA,0,RSI 32 sobrevendido | SMA9<SMA21 | Acima SMA50 | MACD+ | Bônus tendência | MTF ALTA (2/3) [maior:↑ medio:↓ menor:↑],,2.0
2026-10-04 15:56:47,SOL,121.61,48.8,4,🟢 COMPRAR,-2.57,📉 QUEDA,0,RSI 49 neutro | SMA9>SMA21 | Acima SMA50 | MACD+ | LSTM -2.6% | MTF ALTA (3/3) [maior:↑ medio:↑ menor:↑],,2.0
2026-10-04 15:56:47,BNB,787.43,59.3,5,🟢 COMPRAR,-1.38,📉 QUEDA,0,RSI 59 alto (atenuado) | SMA9>SMA21 | Acima SMA50 | MACD+ | Bônus tendência | MTF ALTA (3/3) [maior:↑ medio:↑ menor:↑],,2.0
2026-10-04 15:56:47,ADA,0.2481,40.6,-1,🟡 AGUARDAR,-2.1,📉 QUEDA,0,RSI 41 baixo (atenuado) | SMA9<SMA21 | Abaixo SMA50 | MACD+ | Penalidade tendência | LSTM -2.1% | MTF ALTA (2/3) [maior:↑ medio:↓ menor:↑],,2.0
2026-10-04 17:36:10,BTC,85359.79,50.8,6,🟢 COMPRAR,-0.95,📉 QUEDA,0,RSI 51 neutro | SMA9>SMA21 | Acima SMA50 | MACD+ | Bônus tendência | MTF ALTA (3/3) [maior:↑ medio:↑ menor:↑],,2.0
2026-10-04 17:36:10,ETH,2702.21,53.2,4,🟢 COMPRAR,0.37,📈 ALTA,0,RSI 53 neutro | SMA9<SMA21 | Acima SMA50 | MACD+ | Bônus tendência | MTF ALTA (2/3) [maior:↑ medio:↓ menor:↑],,2.0
2026-10-04 17:36:10,SOL,121.65,63.5,4,🟢 COMPRAR,-2.47,📉 QUEDA,0,RSI 64 alto (atenuado) | SMA9>SMA21 | Acima SMA50 | MACD+ | Bônus tendência | LSTM -2.5% | MTF ALTA (3/3) [maior:↑ medio:↑ menor:↑],,2.0
2026-10-04 17:36:10,BNB,788.84,66.2,5,🟢 COMPRAR,-1.41,📉 QUEDA,0,RSI 66 sobrecomprado (atenuado) | SMA9>SMA21 | Acima SMA50 | MACD+ | Bônus tendência | MTF ALTA (3/3) [maior:↑ medio:↑ menor:↑],,2.0
2026-10-04 17:36:10,ADA,0.2471,43.1,0,🟡 AGUARDAR,-1.69,📉 QUEDA,0,RSI 43 baixo (atenuado) | SMA9<SMA21 | Abaixo SMA50 | MACD+ | Penalidade tendência | MTF ALTA (2/3) [maior:↑ medio:↓ menor:↑],,2.0
2026-10-04 18:21:26,BTC,85314.0,50.0,6,🟢 COMPRAR,-0.89,📉 QUEDA,0,RSI 50 neutro | SMA9>SMA21 | Acima SMA50 | MACD+ | Bônus tendência | MTF ALTA (3/3) [maior:↑ medio:↑ menor:↑],,2.0
2026-10-04 18:21:26,ETH,2700.76,52.3,4,🟢 COMPRAR,0.42,📈 ALTA,0,RSI 52 neutro | SMA9<SMA21 | Acima SMA50 | MACD+ | Bônus tendência | MTF ALTA (2/3) [maior:↑ medio:↓ menor:↑],,2.0
2026-10-04 18:21:26,SOL,121.38,61.3,3,🟢 COMPRAR,-2.25,📉 QUEDA,0,RSI 61 alto | SMA9>SMA21 | Acima SMA50 | MACD+ | LSTM -2.2% | MTF ALTA (3/3) [maior:↑ medio:↑ menor:↑],,2.0
2026-10-04 18:21:26,BNB,789.13,66.4,5,🟢 COMPRAR,-1.44,📉 QUEDA,0,RSI 66 sobrecomprado (atenuado) | SMA9>SMA21 | Acima SMA50 | MACD+ | Bônus tendência | MTF ALTA (3/3) [maior:↑ medio:↑ menor:↑],,2.0
2026-10-04 18:21:26,ADA,0.2481,44.5,3,🟢 COMPRAR,-2.07,📉 QUEDA,0,RSI 44 baixo | SMA9<SMA21 | Acima SMA50 | MACD+ | LSTM -2.1% | MTF ALTA (2/3) [maior:↑ medio:↓ menor:↑],,2.0
2026-10-04 21:19:13,BTC,86022.19,86.9,4,🟢 COMPRAR,-1.65,📉 QUEDA,0,RSI 87 sobrecomprado (atenuado) | SMA9>SMA21 | Acima SMA50 | MACD+ | Bônus tendência | MTF ALTA (3/3) [maior:↑ medio:↑ menor:↑],,2.0
2026-10-04 21:19:13,ETH,2707.79,84.4,4,🟢 COMPRAR,0.19,📈 ALTA,0,RSI 84 sobrecomprado (atenuado) | SMA9>SMA21 | Acima SMA50 | MACD+ | Bônus tendência | MTF ALTA (3/3) [maior:↑ medio:↑ menor:↑],,2.0
2026-10-04 21:19:13,SOL,121.52,85.1,3,🟢 COMPRAR,-2.29,📉 QUEDA,0,RSI 85 sobrecomprado (atenuado) | SMA9>SMA21 | Acima SMA50 | MACD+ | Bônus tendência | LSTM -2.3% | MTF ALTA (3/3) [maior:↑ medio:↑ menor:↑],,2.0
2026-10-04 21:19:13,BNB,792.79,79.3,4,🟢 COMPRAR,-1.74,📉 QUEDA,0,RSI 79 sobrecomprado (atenuado) | SMA9>SMA21 | Acima SMA50 | MACD+ | Bônus tendência | MTF ALTA (3/3) [maior:↑ medio:↑ menor:↑],,2.0
2026-10-04 21:19:13,ADA,0.252,72.4,0,🚫 BLOQUEADO,-3.32,📉 QUEDA,0,LSTM -3.3% (queda forte),,2.0
2026-10-04 21:27:46,BTC,85827.25,85.0,4,🟢 COMPRAR,-1.43,📉 QUEDA,0,RSI 85 sobrecomprado (atenuado) | SMA9>SMA21 | Acima SMA50 | MACD+ | Bônus tendência | MTF ALTA (3/3) [maior:↑ medio:↑ menor:↑],,2.0
2026-10-04 21:27:46,ETH,2704.01,83.0,4,🟢 COMPRAR,0.33,📈 ALTA,0,RSI 83 sobrecomprado (atenuado) | SMA9>SMA21 | Acima SMA50 | MACD+ | Bônus tendência | MTF ALTA (3/3) [maior:↑ medio:↑ menor:↑],,2.0
2026-10-04 21:27:46,SOL,121.4,84.8,3,🟢 COMPRAR,-2.2,📉 QUEDA,0,RSI 85 sobrecomprado (atenuado) | SMA9>SMA21 | Acima SMA50 | MACD+ | Bônus tendência | LSTM -2.2% | MTF ALTA (3/3) [maior:↑ medio:↑ menor:↑],,2.0
2026-10-04 21:27:46,BNB,793.31,79.7,4,🟢 COMPRAR,-1.8,📉 QUEDA,0,RSI 80 sobrecomprado (atenuado) | SMA9>SMA21 | Acima SMA50 | MACD+ | Bônus tendência | MTF ALTA (3/3) [maior:↑ medio:↑ menor:↑],,2.0
2026-10-04 21:27:46,ADA,0.252,72.3,0,🚫 BLOQUEADO,-3.33,📉 QUEDA,0,LSTM -3.3% (queda forte),,2.0
2026-10-04 22:10:49,BTC,86223.87,87.9,5,🟢 COMPRAR,-1.87,📉 QUEDA,1,RSI 88 sobrecomprado (atenuado) | SMA9>SMA21 | Acima SMA50 | MACD+ | Bônus tendência | Macro +1 | MTF ALTA (3/3) [maior:↑ medio:↑ menor:↑],,2.0
2026-10-04 22:10:49,ETH,2712.47,85.2,5,🟢 COMPRAR,0.02,📈 ALTA,1,RSI 85 sobrecomprado (atenuado) | SMA9>SMA21 | Acima SMA50 | MACD+ | Bônus tendência | Macro +1 | MTF ALTA (3/3) [maior:↑ medio:↑ menor:↑],,2.0
2026-10-04 22:10:49,SOL,121.81,85.6,4,🟢 COMPRAR,-2.52,📉 QUEDA,1,RSI 86 sobrecomprado (atenuado) | SMA9>SMA21 | Acima SMA50 | MACD+ | Bônus tendência | Macro +1 | LSTM -2.5% | MTF ALTA (3/3) [maior:↑ medio:↑ menor:↑],,2.0
2026-10-04 22:10:49,BNB,794.49,79.7,5,🟢 COMPRAR,-1.94,📉 QUEDA,1,RSI 80 sobrecomprado (atenuado) | SMA9>SMA21 | Acima SMA50 | MACD+ | Bônus tendência | Macro +1 | MTF ALTA (3/3) [maior:↑ medio:↑ menor:↑],,2.0
2026-10-04 22:10:49,ADA,0.2546,75.7,0,🚫 BLOQUEADO,-4.28,📉 QUEDA,1,LSTM -4.3% (queda forte),,2.0
2026-10-04 23:08:54,BTC,86483.99,89.0,4,🟢 COMPRAR,-2.16,📉 QUEDA,1,RSI 89 sobrecomprado (atenuado) | SMA9>SMA21 | Acima SMA50 | MACD+ | Bônus tendência | Macro +1 | LSTM -2.2% | MTF ALTA (3/3) [maior:↑ medio:↑ menor:↑],,2.0
2026-10-04 23:08:54,ETH,2730.8,88.8,5,🟢 COMPRAR,-0.63,📉 QUEDA,1,RSI 89 sobrecomprado (atenuado) | SMA9>SMA21 | Acima SMA50 | MACD+ | Bônus tendência | Macro +1 | MTF ALTA (3/3) [maior:↑ medio:↑ menor:↑],,2.0
2026-10-04 23:08:54,SOL,121.66,85.9,4,🟢 COMPRAR,-2.41,📉 QUEDA,1,RSI 86 sobrecomprado (atenuado) | SMA9>SMA21 | Acima SMA50 | MACD+ | Bônus tendência | Macro +1 | LSTM -2.4% | MTF ALTA (3/3) [maior:↑ medio:↑ menor:↑],,2.0
2026-10-04 23:08:54,BNB,794.8,80.3,5,🟢 COMPRAR,-1.98,📉 QUEDA,1,RSI 80 sobrecomprado (atenuado) | SMA9>SMA21 | Acima SMA50 | MACD+ | Bônus tendência | Macro +1 | MTF ALTA (3/3) [maior:↑ medio:↑ menor:↑],,2.0
2026-10-04 23:08:54,ADA,0.2621,80.9,0,🚫 BLOQUEADO,-7.42,📉 QUEDA,1,LSTM -7.4% (queda forte),,2.0
2026-10-05 00:24:44,BTC,86342.91,86.6,4,🟢 COMPRAR,-2.0,📉 QUEDA,0,RSI 87 sobrecomprado (atenuado) | SMA9>SMA21 | Acima SMA50 | MACD+ | Bônus tendência | MTF ALTA (3/3) [maior:↑ medio:↑ menor:↑],,2.0
2026-10-05 00:24:44,ETH,2722.88,85.7,4,🟢 COMPRAR,-0.34,📉 QUEDA,0,RSI 86 sobrecomprado (atenuado) | SMA9>SMA21 | Acima SMA50 | MACD+ | Bônus tendência | MTF ALTA (3/3) [maior:↑ medio:↑ menor:↑],,2.0
2026-10-05 00:24:44,SOL,121.18,85.7,3,🟢 COMPRAR,-2.02,📉 QUEDA,0,RSI 86 sobrecomprado (atenuado) | SMA9>SMA21 | Acima SMA50 | MACD+ | Bônus tendência | LSTM -2.0% | MTF ALTA (3/3) [maior:↑ medio:↑ menor:↑],,2.0
2026-10-05 00:24:44,BNB,794.56,80.2,4,🟢 COMPRAR,-1.95,📉 QUEDA,0,RSI 80 sobrecomprado (atenuado) | SMA9>SMA21 | Acima SMA50 | MACD+ | Bônus tendência | MTF ALTA (3/3) [maior:↑ medio:↑ menor:↑],,2.0
2026-10-05 00:24:44,ADA,0.2587,78.8,0,🚫 BLOQUEADO,-5.7,📉 QUEDA,0,LSTM -5.7% (queda forte),,2.0
2026-10-05 01:17:15,BTC,86706.34,89.1,3,🟢 COMPRAR,-2.31,📉 QUEDA,0,RSI 89 sobrecomprado (atenuado) | SMA9>SMA21 | Acima SMA50 | MACD+ | Bônus tendência | LSTM -2.3% | MTF ALTA (3/3) [maior:↑ medio:↑ menor:↑],,2.0
2026-10-05 01:17:15,ETH,2728.23,88.3,4,🟢 COMPRAR,-0.47,📉 QUEDA,0,RSI 88 sobrecomprado (atenuado) | SMA9>SMA21 | Acima SMA50 | MACD+ | Bônus tendência | MTF ALTA (3/3) [maior:↑ medio:↑ menor:↑],,2.0
2026-10-05 01:17:15,SOL,121.3,78.7,3,🟢 COMPRAR,-2.04,📉 QUEDA,0,RSI 79 sobrecomprado (atenuado) | SMA9>SMA21 | Acima SMA50 | MACD+ | Bônus tendência | LSTM -2.0% | MTF ALTA (2/3) [maior:↑ medio:↑ menor:↓],,2.0
2026-10-05 01:17:15,BNB,796.6,80.1,3,🟢 COMPRAR,-2.03,📉 QUEDA,0,RSI 80 sobrecomprado (atenuado) | SMA9>SMA21 | Acima SMA50 | MACD+ | Bônus tendência | LSTM -2.0% | MTF ALTA (3/3) [maior:↑ medio:↑ menor:↑],,2.0
2026-10-05 01:17:15,ADA,0.2664,80.5,0,🚫 BLOQUEADO,-9.48,📉 QUEDA,0,LSTM -9.5% (queda forte),,2.0
2026-10-05 03:17:17,BTC,86446.7,85.8,3,🟢 COMPRAR,-2.02,📉 QUEDA,0,RSI 86 sobrecomprado (atenuado) | SMA9>SMA21 | Acima SMA50 | MACD+ | Bônus tendência | LSTM -2.0% | MTF ALTA (3/3) [maior:↑ medio:↑ menor:↑],,2.0
2026-10-05 03:17:17,ETH,2726.45,85.8,4,🟢 COMPRAR,-0.41,📉 QUEDA,0,RSI 86 sobrecomprado (atenuado) | SMA9>SMA21 | Acima SMA50 | MACD+ | Bônus tendência | MTF ALTA (3/3) [maior:↑ medio:↑ menor:↑],,2.0
2026-10-05 03:17:17,SOL,121.03,74.3,3,🟢 COMPRAR,-1.88,📉 QUEDA,0,RSI 74 sobrecomprado | SMA9>SMA21 | Acima SMA50 | MACD+ | MTF ALTA (2/3) [maior:↑ medio:↑ menor:↓],,2.0
2026-10-05 03:17:17,BNB,799.68,81.4,3,🟢 COMPRAR,-2.39,📉 QUEDA,0,RSI 81 sobrecomprado (atenuado) | SMA9>SMA21 | Acima SMA50 | MACD+ | Bônus tendência | LSTM -2.4% | MTF ALTA (3/3) [maior:↑ medio:↑ menor:↑],,2.0
2026-10-05 03:17:17,ADA,0.2708,82.6,0,🚫 BLOQUEADO,-11.85,📉 QUEDA,0,LSTM -11.8% (queda forte),,2.0
2026-10-05 06:10:57,BTC,85815.26,68.0,5,🟢 COMPRAR,-1.92,📉 QUEDA,0,RSI 68 sobrecomprado (atenuado) | SMA9>SMA21 | Acima SMA50 | MACD+ | Bônus tendência | MTF ALTA (3/3) [maior:↑ medio:↑ menor:↑],,2.0
2026-10-05 06:10:57,ETH,2707.91,65.6,5,🟢 COMPRAR,-1.17,📉 QUEDA,0,RSI 66 sobrecomprado (atenuado) | SMA9>SMA21 | Acima SMA50 | MACD+ | Bônus tendência | MTF ALTA (3/3) [maior:↑ medio:↑ menor:↑],,2.0
2026-10-05 06:10:57,SOL,120.71,62.8,3,🟢 COMPRAR,-2.3,📉 QUEDA,0,RSI 63 alto | SMA9>SMA21 | Acima SMA50 | MACD+ | LSTM -2.3% | MTF ALTA (2/3) [maior:↑ medio:↑ menor:↓],,2.0
2026-10-05 06:10:57,BNB,792.53,74.2,5,🟢 COMPRAR,-1.57,📉 QUEDA,0,RSI 74 sobrecomprado (atenuado) | SMA9>SMA21 | Acima SMA50 | MACD+ | Bônus tendência | MTF ALTA (3/3) [maior:↑ medio:↑ menor:↑],,2.0
2026-10-05 06:10:57,ADA,0.271,81.3,0,🚫 BLOQUEADO,-6.22,📉 QUEDA,0,LSTM -6.2% (queda forte),,2.0
2026-10-05 09:19:01,BTC,85789.56,68.1,5,🟢 COMPRAR,-1.81,📉 QUEDA,0,RSI 68 sobrecomprado (atenuado) | SMA9>SMA21 | Acima SMA50 | MACD+ | Bônus tendência | MTF ALTA (3/3) [maior:↑ medio:↑ menor:↑],,2.0
2026-10-05 09:19:01,ETH,2716.69,68.8,5,🟢 COMPRAR,-1.43,📉 QUEDA,0,RSI 69 sobrecomprado (atenuado) | SMA9>SMA21 | Acima SMA50 | MACD+ | Bônus tendência | MTF ALTA (3/3) [maior:↑ medio:↑ menor:↑],,2.0
2026-10-05 09:19:01,SOL,120.63,59.2,3,🟢 COMPRAR,-2.11,📉 QUEDA,0,RSI 59 alto | SMA9>SMA21 | Acima SMA50 | MACD+ | LSTM -2.1% | MTF ALTA (2/3) [maior:↑ medio:↑ menor:↓],,2.0
2026-10-05 09:19:01,BNB,787.2,71.4,5,🟢 COMPRAR,-0.82,📉 QUEDA,0,RSI 71 sobrecomprado (atenuado) | SMA9>SMA21 | Acima SMA50 | MACD+ | Bônus tendência | MTF ALTA (2/3) [maior:↑ medio:↑ menor:↓],,2.0
2026-10-05 09:19:01,ADA,0.2705,85.2,0,🚫 BLOQUEADO,-5.21,📉 QUEDA,0,LSTM -5.2% (queda forte),,2.0
2026-10-05 10:19:01,BTC,86056.36,73.8,4,🟢 COMPRAR,-2.11,📉 QUEDA,0,RSI 74 sobrecomprado (atenuado) | SMA9>SMA21 | Acima SMA50 | MACD+ | Bônus tendência | LSTM -2.1% | MTF ALTA (3/3) [maior:↑ medio:↑ menor:↑],,2.0
2026-10-05 10:19:01,ETH,2718.08,69.1,5,🟢 COMPRAR,-1.48,📉 QUEDA,0,RSI 69 sobrecomprado (atenuado) | SMA9>SMA21 | Acima SMA50 | MACD+ | Bônus tendência | MTF ALTA (3/3) [maior:↑ medio:↑ menor:↑],,2.0
2026-10-05 10:19:01,SOL,120.79,60.5,3,🟢 COMPRAR,-2.29,📉 QUEDA,0,RSI 61 alto | SMA9>SMA21 | Acima SMA50 | MACD+ | LSTM -2.3% | MTF ALTA (2/3) [maior:↑ medio:↑ menor:↓],,2.0
2026-10-05 10:19:01,BNB,787.96,72.5,5,🟢 COMPRAR,-0.91,📉 QUEDA,0,RSI 73 sobrecomprado (atenuado) | SMA9>SMA21 | Acima SMA50 | MACD+ | Bônus tendência | MTF ALTA (2/3) [maior:↑ medio:↑ menor:↓],,2.0
2026-10-05 10:19:01,ADA,0.2742,91.1,0,🚫 BLOQUEADO,-6.83,📉 QUEDA,0,LSTM -6.8% (queda forte),,2.0
